core (macos-latest)	Set up job	﻿2026-09-07T16:59:01.7724250Z Current runner version: '2.337.0'
core (macos-latest)	Set up job	2026-09-07T16:59:01.7738640Z ##[group]Runner Image Provisioner
core (macos-latest)	Set up job	2026-09-07T16:59:01.7739160Z Hosted Compute Agent
core (macos-latest)	Set up job	2026-09-07T16:59:01.7739540Z Version: 20260707.563
core (macos-latest)	Set up job	2026-09-07T16:59:01.7740010Z Commit: 02667638d2b423fbc733a8e32a88b44996a3ba6e
core (macos-latest)	Set up job	2026-09-07T16:59:01.7740470Z Build Date: 2026-07-07T19:33:50Z
core (macos-latest)	Set up job	2026-09-07T16:59:01.7740900Z Worker ID: {5a68a02b-f90e-4b93-8553-79bcca4ca3fd}
core (macos-latest)	Set up job	2026-09-07T16:59:01.7741340Z Azure Region: westus
core (macos-latest)	Set up job	2026-09-07T16:59:01.7741700Z ##[endgroup]
core (macos-latest)	Set up job	2026-09-07T16:59:01.7742520Z ##[group]Operating System
core (macos-latest)	Set up job	2026-09-07T16:59:01.7742900Z macOS
core (macos-latest)	Set up job	2026-09-07T16:59:01.7743210Z 26.5.2
core (macos-latest)	Set up job	2026-09-07T16:59:01.7743530Z 25F84
core (macos-latest)	Set up job	2026-09-07T16:59:01.7743850Z ##[endgroup]
core (macos-latest)	Set up job	2026-09-07T16:59:01.7744300Z ##[group]Runner Image
core (macos-latest)	Set up job	2026-09-07T16:59:01.7744730Z Image: macos-26-arm64
core (macos-latest)	Set up job	2026-09-07T16:59:01.7745120Z Version: 20260728.0273.1
core (macos-latest)	Set up job	2026-09-07T16:59:01.7745850Z Included Software: https://github.com/actions/runner-images/blob/macos-26-arm64/20260728.0273/images/macos/macos-26-arm64-Readme.md
core (macos-latest)	Set up job	2026-09-07T16:59:01.7746950Z Image Release: https://github.com/actions/runner-images/releases/tag/macos-26-arm64%2F20260728.0273
core (macos-latest)	Set up job	2026-09-07T16:59:01.7747590Z ##[endgroup]
core (macos-latest)	Set up job	2026-09-07T16:59:01.7748290Z ##[group]GITHUB_TOKEN Permissions
core (macos-latest)	Set up job	2026-09-07T16:59:01.7749240Z Contents: read
core (macos-latest)	Set up job	2026-09-07T16:59:01.7749580Z Metadata: read
core (macos-latest)	Set up job	2026-09-07T16:59:01.7749940Z ##[endgroup]
core (macos-latest)	Set up job	2026-09-07T16:59:01.7751190Z Secret source: Actions
core (macos-latest)	Set up job	2026-09-07T16:59:01.7751810Z Prepare workflow directory
core (macos-latest)	Set up job	2026-09-07T16:59:01.7975600Z Prepare all required actions
core (macos-latest)	Set up job	2026-09-07T16:59:01.8014690Z Getting action download info
core (macos-latest)	Set up job	2026-09-07T16:59:02.0578130Z Download action repository 'actions/checkout@08c6903cd8c0fde910a37f88322edcfb5dd907a8' (SHA:08c6903cd8c0fde910a37f88322edcfb5dd907a8)
core (macos-latest)	Set up job	2026-09-07T16:59:02.4197720Z Download action repository 'actions/setup-python@e797f83bcb11b83ae66e0230d6156d7c80228e7c' (SHA:e797f83bcb11b83ae66e0230d6156d7c80228e7c)
core (macos-latest)	Set up job	2026-09-07T16:59:02.7239500Z Complete job name: core (macos-latest)
core (macos-latest)	Run actions/checkout@08c6903cd8c0fde910a37f88322edcfb5dd907a8	﻿2026-09-07T16:59:02.7748020Z ##[group]Run actions/checkout@08c6903cd8c0fde910a37f88322edcfb5dd907a8
core (macos-latest)	Run actions/checkout@08c6903cd8c0fde910a37f88322edcfb5dd907a8	2026-09-07T16:59:02.7748820Z with:
core (macos-latest)	Run actions/checkout@08c6903cd8c0fde910a37f88322edcfb5dd907a8	2026-09-07T16:59:02.7749170Z   repository: Arnavsharma2/dynamo-diff
core (macos-latest)	Run actions/checkout@08c6903cd8c0fde910a37f88322edcfb5dd907a8	2026-09-07T16:59:02.7751740Z   token: ***
core (macos-latest)	Run actions/checkout@08c6903cd8c0fde910a37f88322edcfb5dd907a8	2026-09-07T16:59:02.7752060Z   ssh-strict: true
core (macos-latest)	Run actions/checkout@08c6903cd8c0fde910a37f88322edcfb5dd907a8	2026-09-07T16:59:02.7752380Z   ssh-user: git
core (macos-latest)	Run actions/checkout@08c6903cd8c0fde910a37f88322edcfb5dd907a8	2026-09-07T16:59:02.7752700Z   persist-credentials: true
core (macos-latest)	Run actions/checkout@08c6903cd8c0fde910a37f88322edcfb5dd907a8	2026-09-07T16:59:02.7753050Z   clean: true
core (macos-latest)	Run actions/checkout@08c6903cd8c0fde910a37f88322edcfb5dd907a8	2026-09-07T16:59:02.7753380Z   sparse-checkout-cone-mode: true
core (macos-latest)	Run actions/checkout@08c6903cd8c0fde910a37f88322edcfb5dd907a8	2026-09-07T16:59:02.7753750Z   fetch-depth: 1
core (macos-latest)	Run actions/checkout@08c6903cd8c0fde910a37f88322edcfb5dd907a8	2026-09-07T16:59:02.7754070Z   fetch-tags: false
core (macos-latest)	Run actions/checkout@08c6903cd8c0fde910a37f88322edcfb5dd907a8	2026-09-07T16:59:02.7754390Z   show-progress: true
core (macos-latest)	Run actions/checkout@08c6903cd8c0fde910a37f88322edcfb5dd907a8	2026-09-07T16:59:02.7754720Z   lfs: false
core (macos-latest)	Run actions/checkout@08c6903cd8c0fde910a37f88322edcfb5dd907a8	2026-09-07T16:59:02.7755020Z   submodules: false
core (macos-latest)	Run actions/checkout@08c6903cd8c0fde910a37f88322edcfb5dd907a8	2026-09-07T16:59:02.7755350Z   set-safe-directory: true
core (macos-latest)	Run actions/checkout@08c6903cd8c0fde910a37f88322edcfb5dd907a8	2026-09-07T16:59:02.7755850Z ##[endgroup]
core (macos-latest)	Run actions/checkout@08c6903cd8c0fde910a37f88322edcfb5dd907a8	2026-09-07T16:59:03.3136020Z Syncing repository: Arnavsharma2/dynamo-diff
core (macos-latest)	Run actions/checkout@08c6903cd8c0fde910a37f88322edcfb5dd907a8	2026-09-07T16:59:03.3137390Z ##[group]Getting Git version info
core (macos-latest)	Run actions/checkout@08c6903cd8c0fde910a37f88322edcfb5dd907a8	2026-09-07T16:59:03.3137920Z Working directory is '/Users/runner/work/dynamo-diff/dynamo-diff'
core (macos-latest)	Run actions/checkout@08c6903cd8c0fde910a37f88322edcfb5dd907a8	2026-09-07T16:59:03.3138720Z [command]/opt/homebrew/bin/git version
core (macos-latest)	Run actions/checkout@08c6903cd8c0fde910a37f88322edcfb5dd907a8	2026-09-07T16:59:03.3505040Z git version 2.55.0
core (macos-latest)	Run actions/checkout@08c6903cd8c0fde910a37f88322edcfb5dd907a8	2026-09-07T16:59:03.3524410Z ##[endgroup]
core (macos-latest)	Run actions/checkout@08c6903cd8c0fde910a37f88322edcfb5dd907a8	2026-09-07T16:59:03.3532450Z Copying '/Users/runner/.gitconfig' to '/Users/runner/work/_temp/26b0bbe3-5e7a-42c0-a56e-79a2d58d42b0/.gitconfig'
core (macos-latest)	Run actions/checkout@08c6903cd8c0fde910a37f88322edcfb5dd907a8	2026-09-07T16:59:03.3542060Z Temporarily overriding HOME='/Users/runner/work/_temp/26b0bbe3-5e7a-42c0-a56e-79a2d58d42b0' before making global git config changes
core (macos-latest)	Run actions/checkout@08c6903cd8c0fde910a37f88322edcfb5dd907a8	2026-09-07T16:59:03.3544980Z Adding repository directory to the temporary git global config as a safe directory
core (macos-latest)	Run actions/checkout@08c6903cd8c0fde910a37f88322edcfb5dd907a8	2026-09-07T16:59:03.3547460Z [command]/opt/homebrew/bin/git config --global --add safe.directory /Users/runner/work/dynamo-diff/dynamo-diff
core (macos-latest)	Run actions/checkout@08c6903cd8c0fde910a37f88322edcfb5dd907a8	2026-09-07T16:59:03.3669340Z Deleting the contents of '/Users/runner/work/dynamo-diff/dynamo-diff'
core (macos-latest)	Run actions/checkout@08c6903cd8c0fde910a37f88322edcfb5dd907a8	2026-09-07T16:59:03.3671970Z ##[group]Initializing the repository
core (macos-latest)	Run actions/checkout@08c6903cd8c0fde910a37f88322edcfb5dd907a8	2026-09-07T16:59:03.3675980Z [command]/opt/homebrew/bin/git init /Users/runner/work/dynamo-diff/dynamo-diff
core (macos-latest)	Run actions/checkout@08c6903cd8c0fde910a37f88322edcfb5dd907a8	2026-09-07T16:59:03.3899750Z hint: Using 'master' as the name for the initial branch. This default branch name
core (macos-latest)	Run actions/checkout@08c6903cd8c0fde910a37f88322edcfb5dd907a8	2026-09-07T16:59:03.3901150Z hint: will change to "main" in Git 3.0. To configure the initial branch name
core (macos-latest)	Run actions/checkout@08c6903cd8c0fde910a37f88322edcfb5dd907a8	2026-09-07T16:59:03.3902200Z hint: to use in all of your new repositories, which will suppress this warning,
core (macos-latest)	Run actions/checkout@08c6903cd8c0fde910a37f88322edcfb5dd907a8	2026-09-07T16:59:03.3903930Z hint: call:
core (macos-latest)	Run actions/checkout@08c6903cd8c0fde910a37f88322edcfb5dd907a8	2026-09-07T16:59:03.3907930Z hint:
core (macos-latest)	Run actions/checkout@08c6903cd8c0fde910a37f88322edcfb5dd907a8	2026-09-07T16:59:03.3908710Z hint: 	git config --global init.defaultBranch <name>
core (macos-latest)	Run actions/checkout@08c6903cd8c0fde910a37f88322edcfb5dd907a8	2026-09-07T16:59:03.3909330Z hint:
core (macos-latest)	Run actions/checkout@08c6903cd8c0fde910a37f88322edcfb5dd907a8	2026-09-07T16:59:03.3909850Z hint: Names commonly chosen instead of 'master' are 'main', 'trunk' and
core (macos-latest)	Run actions/checkout@08c6903cd8c0fde910a37f88322edcfb5dd907a8	2026-09-07T16:59:03.3910520Z hint: 'development'. The just-created branch can be renamed via this command:
core (macos-latest)	Run actions/checkout@08c6903cd8c0fde910a37f88322edcfb5dd907a8	2026-09-07T16:59:03.3911140Z hint:
core (macos-latest)	Run actions/checkout@08c6903cd8c0fde910a37f88322edcfb5dd907a8	2026-09-07T16:59:03.3911450Z hint: 	git branch -m <name>
core (macos-latest)	Run actions/checkout@08c6903cd8c0fde910a37f88322edcfb5dd907a8	2026-09-07T16:59:03.3911830Z hint:
core (macos-latest)	Run actions/checkout@08c6903cd8c0fde910a37f88322edcfb5dd907a8	2026-09-07T16:59:03.3912360Z hint: Disable this message with "git config set advice.defaultBranchName false"
core (macos-latest)	Run actions/checkout@08c6903cd8c0fde910a37f88322edcfb5dd907a8	2026-09-07T16:59:03.3913160Z Initialized empty Git repository in /Users/runner/work/dynamo-diff/dynamo-diff/.git/
core (macos-latest)	Run actions/checkout@08c6903cd8c0fde910a37f88322edcfb5dd907a8	2026-09-07T16:59:03.3914630Z [command]/opt/homebrew/bin/git remote add origin https://github.com/Arnavsharma2/dynamo-diff
core (macos-latest)	Run actions/checkout@08c6903cd8c0fde910a37f88322edcfb5dd907a8	2026-09-07T16:59:03.3993540Z ##[endgroup]
core (macos-latest)	Run actions/checkout@08c6903cd8c0fde910a37f88322edcfb5dd907a8	2026-09-07T16:59:03.3994230Z ##[group]Disabling automatic garbage collection
core (macos-latest)	Run actions/checkout@08c6903cd8c0fde910a37f88322edcfb5dd907a8	2026-09-07T16:59:03.3996260Z [command]/opt/homebrew/bin/git config --local gc.auto 0
core (macos-latest)	Run actions/checkout@08c6903cd8c0fde910a37f88322edcfb5dd907a8	2026-09-07T16:59:03.4084190Z ##[endgroup]
core (macos-latest)	Run actions/checkout@08c6903cd8c0fde910a37f88322edcfb5dd907a8	2026-09-07T16:59:03.4085010Z ##[group]Setting up auth
core (macos-latest)	Run actions/checkout@08c6903cd8c0fde910a37f88322edcfb5dd907a8	2026-09-07T16:59:03.4097910Z [command]/opt/homebrew/bin/git config --local --name-only --get-regexp core\.sshCommand
core (macos-latest)	Run actions/checkout@08c6903cd8c0fde910a37f88322edcfb5dd907a8	2026-09-07T16:59:03.4184120Z [command]/opt/homebrew/bin/git submodule foreach --recursive sh -c "git config --local --name-only --get-regexp 'core\.sshCommand' && git config --local --unset-all 'core.sshCommand' || :"
core (macos-latest)	Run actions/checkout@08c6903cd8c0fde910a37f88322edcfb5dd907a8	2026-09-07T16:59:03.5295430Z [command]/opt/homebrew/bin/git config --local --name-only --get-regexp http\.https\:\/\/github\.com\/\.extraheader
core (macos-latest)	Run actions/checkout@08c6903cd8c0fde910a37f88322edcfb5dd907a8	2026-09-07T16:59:03.5410040Z [command]/opt/homebrew/bin/git submodule foreach --recursive sh -c "git config --local --name-only --get-regexp 'http\.https\:\/\/github\.com\/\.extraheader' && git config --local --unset-all 'http.https://github.com/.extraheader' || :"
core (macos-latest)	Run actions/checkout@08c6903cd8c0fde910a37f88322edcfb5dd907a8	2026-09-07T16:59:03.6291880Z [command]/opt/homebrew/bin/git config --local http.https://github.com/.extraheader AUTHORIZATION: basic ***
core (macos-latest)	Run actions/checkout@08c6903cd8c0fde910a37f88322edcfb5dd907a8	2026-09-07T16:59:03.6361260Z ##[endgroup]
core (macos-latest)	Run actions/checkout@08c6903cd8c0fde910a37f88322edcfb5dd907a8	2026-09-07T16:59:03.6361950Z ##[group]Fetching the repository
core (macos-latest)	Run actions/checkout@08c6903cd8c0fde910a37f88322edcfb5dd907a8	2026-09-07T16:59:03.6367210Z [command]/opt/homebrew/bin/git -c protocol.version=2 fetch --no-tags --prune --no-recurse-submodules --depth=1 origin +0fd1053530792a979ec397a1b7f91154b9d4f0d1:refs/remotes/origin/codex/dynamo-diff
core (macos-latest)	Run actions/checkout@08c6903cd8c0fde910a37f88322edcfb5dd907a8	2026-09-07T16:59:04.2090350Z From https://github.com/Arnavsharma2/dynamo-diff
core (macos-latest)	Run actions/checkout@08c6903cd8c0fde910a37f88322edcfb5dd907a8	2026-09-07T16:59:04.2091860Z  * [new ref]         0fd1053530792a979ec397a1b7f91154b9d4f0d1 -> origin/codex/dynamo-diff
core (macos-latest)	Run actions/checkout@08c6903cd8c0fde910a37f88322edcfb5dd907a8	2026-09-07T16:59:04.2094730Z ##[endgroup]
core (macos-latest)	Run actions/checkout@08c6903cd8c0fde910a37f88322edcfb5dd907a8	2026-09-07T16:59:04.2095710Z ##[group]Determining the checkout info
core (macos-latest)	Run actions/checkout@08c6903cd8c0fde910a37f88322edcfb5dd907a8	2026-09-07T16:59:04.2096910Z ##[endgroup]
core (macos-latest)	Run actions/checkout@08c6903cd8c0fde910a37f88322edcfb5dd907a8	2026-09-07T16:59:04.2098060Z [command]/opt/homebrew/bin/git sparse-checkout disable
core (macos-latest)	Run actions/checkout@08c6903cd8c0fde910a37f88322edcfb5dd907a8	2026-09-07T16:59:04.2271190Z [command]/opt/homebrew/bin/git config --local --unset-all extensions.worktreeConfig
core (macos-latest)	Run actions/checkout@08c6903cd8c0fde910a37f88322edcfb5dd907a8	2026-09-07T16:59:04.2291630Z ##[group]Checking out the ref
core (macos-latest)	Run actions/checkout@08c6903cd8c0fde910a37f88322edcfb5dd907a8	2026-09-07T16:59:04.2295040Z [command]/opt/homebrew/bin/git checkout --progress --force -B codex/dynamo-diff refs/remotes/origin/codex/dynamo-diff
core (macos-latest)	Run actions/checkout@08c6903cd8c0fde910a37f88322edcfb5dd907a8	2026-09-07T16:59:04.4269450Z Switched to a new branch 'codex/dynamo-diff'
core (macos-latest)	Run actions/checkout@08c6903cd8c0fde910a37f88322edcfb5dd907a8	2026-09-07T16:59:04.4372570Z branch 'codex/dynamo-diff' set up to track 'origin/codex/dynamo-diff'.
core (macos-latest)	Run actions/checkout@08c6903cd8c0fde910a37f88322edcfb5dd907a8	2026-09-07T16:59:04.4602070Z ##[endgroup]
core (macos-latest)	Run actions/checkout@08c6903cd8c0fde910a37f88322edcfb5dd907a8	2026-09-07T16:59:04.4604670Z [command]/opt/homebrew/bin/git log -1 --format=%H
core (macos-latest)	Run actions/checkout@08c6903cd8c0fde910a37f88322edcfb5dd907a8	2026-09-07T16:59:04.4605760Z 0fd1053530792a979ec397a1b7f91154b9d4f0d1
core (macos-latest)	Run actions/setup-python@e797f83bcb11b83ae66e0230d6156d7c80228e7c	﻿2026-09-07T16:59:04.4847080Z ##[group]Run actions/setup-python@e797f83bcb11b83ae66e0230d6156d7c80228e7c
core (macos-latest)	Run actions/setup-python@e797f83bcb11b83ae66e0230d6156d7c80228e7c	2026-09-07T16:59:04.4848750Z with:
core (macos-latest)	Run actions/setup-python@e797f83bcb11b83ae66e0230d6156d7c80228e7c	2026-09-07T16:59:04.4849340Z   python-version: 3.13
core (macos-latest)	Run actions/setup-python@e797f83bcb11b83ae66e0230d6156d7c80228e7c	2026-09-07T16:59:04.4850040Z   check-latest: false
core (macos-latest)	Run actions/setup-python@e797f83bcb11b83ae66e0230d6156d7c80228e7c	2026-09-07T16:59:04.4856910Z   token: ***
core (macos-latest)	Run actions/setup-python@e797f83bcb11b83ae66e0230d6156d7c80228e7c	2026-09-07T16:59:04.4857950Z   update-environment: true
core (macos-latest)	Run actions/setup-python@e797f83bcb11b83ae66e0230d6156d7c80228e7c	2026-09-07T16:59:04.4858730Z   allow-prereleases: false
core (macos-latest)	Run actions/setup-python@e797f83bcb11b83ae66e0230d6156d7c80228e7c	2026-09-07T16:59:04.4859410Z   freethreaded: false
core (macos-latest)	Run actions/setup-python@e797f83bcb11b83ae66e0230d6156d7c80228e7c	2026-09-07T16:59:04.4860100Z ##[endgroup]
core (macos-latest)	Run actions/setup-python@e797f83bcb11b83ae66e0230d6156d7c80228e7c	2026-09-07T16:59:04.6924950Z ##[group]Installed versions
core (macos-latest)	Run actions/setup-python@e797f83bcb11b83ae66e0230d6156d7c80228e7c	2026-09-07T16:59:04.7030760Z (node:5240) [DEP0040] DeprecationWarning: The `punycode` module is deprecated. Please use a userland alternative instead.
core (macos-latest)	Run actions/setup-python@e797f83bcb11b83ae66e0230d6156d7c80228e7c	2026-09-07T16:59:04.7137470Z (Use `node --trace-deprecation ...` to show where the warning was created)
core (macos-latest)	Run actions/setup-python@e797f83bcb11b83ae66e0230d6156d7c80228e7c	2026-09-07T16:59:04.7621110Z Successfully set up CPython (3.13.14)
core (macos-latest)	Run actions/setup-python@e797f83bcb11b83ae66e0230d6156d7c80228e7c	2026-09-07T16:59:04.7622440Z ##[endgroup]
core (macos-latest)	Install pinned build and test tools without ML runtimes	﻿2026-09-07T16:59:04.7708510Z ##[group]Run python -m pip install --require-hashes -r requirements-test.lock
core (macos-latest)	Install pinned build and test tools without ML runtimes	2026-09-07T16:59:04.7709480Z ^[[36;1mpython -m pip install --require-hashes -r requirements-test.lock^[[0m
core (macos-latest)	Install pinned build and test tools without ML runtimes	2026-09-07T16:59:04.7772750Z shell: /bin/bash -e {0}
core (macos-latest)	Install pinned build and test tools without ML runtimes	2026-09-07T16:59:04.7773260Z env:
core (macos-latest)	Install pinned build and test tools without ML runtimes	2026-09-07T16:59:04.7773800Z   pythonLocation: /Users/runner/hostedtoolcache/Python/3.13.14/arm64
core (macos-latest)	Install pinned build and test tools without ML runtimes	2026-09-07T16:59:04.7774590Z   PKG_CONFIG_PATH: /Users/runner/hostedtoolcache/Python/3.13.14/arm64/lib/pkgconfig
core (macos-latest)	Install pinned build and test tools without ML runtimes	2026-09-07T16:59:04.7775220Z   Python_ROOT_DIR: /Users/runner/hostedtoolcache/Python/3.13.14/arm64
core (macos-latest)	Install pinned build and test tools without ML runtimes	2026-09-07T16:59:04.7775790Z   Python2_ROOT_DIR: /Users/runner/hostedtoolcache/Python/3.13.14/arm64
core (macos-latest)	Install pinned build and test tools without ML runtimes	2026-09-07T16:59:04.7776370Z   Python3_ROOT_DIR: /Users/runner/hostedtoolcache/Python/3.13.14/arm64
core (macos-latest)	Install pinned build and test tools without ML runtimes	2026-09-07T16:59:04.7776840Z ##[endgroup]
core (macos-latest)	Install pinned build and test tools without ML runtimes	2026-09-07T16:59:06.1618550Z Collecting annotated-types==0.8.0 (from -r requirements-test.lock (line 3))
core (macos-latest)	Install pinned build and test tools without ML runtimes	2026-09-07T16:59:06.2697120Z   Downloading annotated_types-0.8.0-py3-none-any.whl (13 kB)
core (macos-latest)	Install pinned build and test tools without ML runtimes	2026-09-07T16:59:06.3335470Z Collecting anyio==4.15.1 (from -r requirements-test.lock (line 7))
core (macos-latest)	Install pinned build and test tools without ML runtimes	2026-09-07T16:59:06.3432390Z   Downloading anyio-4.15.1-py3-none-any.whl (132 kB)
core (macos-latest)	Install pinned build and test tools without ML runtimes	2026-09-07T16:59:06.4009260Z Collecting attrs==26.1.0 (from -r requirements-test.lock (line 15))
core (macos-latest)	Install pinned build and test tools without ML runtimes	2026-09-07T16:59:06.4107580Z   Downloading attrs-26.1.0-py3-none-any.whl (67 kB)
core (macos-latest)	Install pinned build and test tools without ML runtimes	2026-09-07T16:59:06.4396400Z Collecting build==1.6.0 (from -r requirements-test.lock (line 21))
core (macos-latest)	Install pinned build and test tools without ML runtimes	2026-09-07T16:59:06.4496210Z   Downloading build-1.6.0-py3-none-any.whl (31 kB)
core (macos-latest)	Install pinned build and test tools without ML runtimes	2026-09-07T16:59:06.5348700Z Collecting cffi==2.1.1 (from -r requirements-test.lock (line 25))
core (macos-latest)	Install pinned build and test tools without ML runtimes	2026-09-07T16:59:06.5445500Z   Downloading cffi-2.1.1-cp313-cp313-macosx_11_0_arm64.whl (184 kB)
core (macos-latest)	Install pinned build and test tools without ML runtimes	2026-09-07T16:59:06.5854000Z Collecting click==8.5.0 (from -r requirements-test.lock (line 127))
core (macos-latest)	Install pinned build and test tools without ML runtimes	2026-09-07T16:59:06.5950050Z   Downloading click-8.5.0-py3-none-any.whl (125 kB)
core (macos-latest)	Install pinned build and test tools without ML runtimes	2026-09-07T16:59:06.7792610Z Collecting cryptography==50.0.1 (from -r requirements-test.lock (line 131))
core (macos-latest)	Install pinned build and test tools without ML runtimes	2026-09-07T16:59:06.7896580Z   Downloading cryptography-50.0.1-cp311-abi3-macosx_11_0_arm64.whl (4.0 MB)
core (macos-latest)	Install pinned build and test tools without ML runtimes	2026-09-07T16:59:07.0529750Z      ━━━━━━━━━━━━━━━━━━━━━━━━━━━━━━━━━━━━━━━━ 4.0/4.0 MB 16.4 MB/s  0:00:00
core (macos-latest)	Install pinned build and test tools without ML runtimes	2026-09-07T16:59:07.0731170Z Collecting h11==0.16.0 (from -r requirements-test.lock (line 179))
core (macos-latest)	Install pinned build and test tools without ML runtimes	2026-09-07T16:59:07.0832100Z   Downloading h11-0.16.0-py3-none-any.whl (37 kB)
core (macos-latest)	Install pinned build and test tools without ML runtimes	2026-09-07T16:59:07.1354890Z Collecting httpcore2==2.12.0 (from -r requirements-test.lock (line 185))
core (macos-latest)	Install pinned build and test tools without ML runtimes	2026-09-07T16:59:07.1661660Z   Downloading httpcore2-2.12.0-py3-none-any.whl (83 kB)
core (macos-latest)	Install pinned build and test tools without ML runtimes	2026-09-07T16:59:07.2165580Z Collecting httpx2==2.12.0 (from -r requirements-test.lock (line 189))
core (macos-latest)	Install pinned build and test tools without ML runtimes	2026-09-07T16:59:07.2268570Z   Downloading httpx2-2.12.0-py3-none-any.whl (95 kB)
core (macos-latest)	Install pinned build and test tools without ML runtimes	2026-09-07T16:59:07.2579340Z Collecting idna==3.19 (from -r requirements-test.lock (line 193))
core (macos-latest)	Install pinned build and test tools without ML runtimes	2026-09-07T16:59:07.2679720Z   Downloading idna-3.19-py3-none-any.whl (68 kB)
core (macos-latest)	Install pinned build and test tools without ML runtimes	2026-09-07T16:59:07.2880380Z Collecting iniconfig==2.3.0 (from -r requirements-test.lock (line 199))
core (macos-latest)	Install pinned build and test tools without ML runtimes	2026-09-07T16:59:07.2982070Z   Downloading iniconfig-2.3.0-py3-none-any.whl (7.5 kB)
core (macos-latest)	Install pinned build and test tools without ML runtimes	2026-09-07T16:59:07.3341730Z Collecting jsonschema==4.26.0 (from -r requirements-test.lock (line 203))
core (macos-latest)	Install pinned build and test tools without ML runtimes	2026-09-07T16:59:07.3446310Z   Downloading jsonschema-4.26.0-py3-none-any.whl (90 kB)
core (macos-latest)	Install pinned build and test tools without ML runtimes	2026-09-07T16:59:07.3678370Z Collecting jsonschema-specifications==2025.9.1 (from -r requirements-test.lock (line 207))
core (macos-latest)	Install pinned build and test tools without ML runtimes	2026-09-07T16:59:07.3779190Z   Downloading jsonschema_specifications-2025.9.1-py3-none-any.whl (18 kB)
core (macos-latest)	Install pinned build and test tools without ML runtimes	2026-09-07T16:59:07.4003630Z Collecting mcp==2.1.1 (from -r requirements-test.lock (line 211))
core (macos-latest)	Install pinned build and test tools without ML runtimes	2026-09-07T16:59:07.4105780Z   Downloading mcp-2.1.1-py3-none-any.whl (357 kB)
core (macos-latest)	Install pinned build and test tools without ML runtimes	2026-09-07T16:59:07.4622880Z Collecting mcp-types==2.1.1 (from -r requirements-test.lock (line 215))
core (macos-latest)	Install pinned build and test tools without ML runtimes	2026-09-07T16:59:07.4726680Z   Downloading mcp_types-2.1.1-py3-none-any.whl (69 kB)
core (macos-latest)	Install pinned build and test tools without ML runtimes	2026-09-07T16:59:07.4976080Z Collecting opentelemetry-api==1.44.0 (from -r requirements-test.lock (line 219))
core (macos-latest)	Install pinned build and test tools without ML runtimes	2026-09-07T16:59:07.5082550Z   Downloading opentelemetry_api-1.44.0-py3-none-any.whl (60 kB)
core (macos-latest)	Install pinned build and test tools without ML runtimes	2026-09-07T16:59:07.5311220Z Collecting packaging==26.3 (from -r requirements-test.lock (line 223))
core (macos-latest)	Install pinned build and test tools without ML runtimes	2026-09-07T16:59:07.5410280Z   Downloading packaging-26.3-py3-none-any.whl (129 kB)
core (macos-latest)	Install pinned build and test tools without ML runtimes	2026-09-07T16:59:07.5822310Z Collecting pluggy==1.6.0 (from -r requirements-test.lock (line 229))
core (macos-latest)	Install pinned build and test tools without ML runtimes	2026-09-07T16:59:07.5920520Z   Downloading pluggy-1.6.0-py3-none-any.whl (20 kB)
core (macos-latest)	Install pinned build and test tools without ML runtimes	2026-09-07T16:59:07.6348780Z Collecting pycparser==3.0 (from -r requirements-test.lock (line 233))
core (macos-latest)	Install pinned build and test tools without ML runtimes	2026-09-07T16:59:07.6469620Z   Downloading pycparser-3.0-py3-none-any.whl (48 kB)
core (macos-latest)	Install pinned build and test tools without ML runtimes	2026-09-07T16:59:07.7145950Z Collecting pydantic==2.13.5 (from -r requirements-test.lock (line 237))
core (macos-latest)	Install pinned build and test tools without ML runtimes	2026-09-07T16:59:07.7262320Z   Downloading pydantic-2.13.5-py3-none-any.whl (472 kB)
core (macos-latest)	Install pinned build and test tools without ML runtimes	2026-09-07T16:59:08.0740560Z Collecting pydantic-core==2.46.5 (from -r requirements-test.lock (line 244))
core (macos-latest)	Install pinned build and test tools without ML runtimes	2026-09-07T16:59:08.0847890Z   Downloading pydantic_core-2.46.5-cp313-cp313-macosx_11_0_arm64.whl (1.9 MB)
core (macos-latest)	Install pinned build and test tools without ML runtimes	2026-09-07T16:59:08.1328560Z      ━━━━━━━━━━━━━━━━━━━━━━━━━━━━━━━━━━━━━━━━ 1.9/1.9 MB 38.3 MB/s  0:00:00
core (macos-latest)	Install pinned build and test tools without ML runtimes	2026-09-07T16:59:08.3546470Z Collecting pygments==2.21.0 (from -r requirements-test.lock (line 366))
core (macos-latest)	Install pinned build and test tools without ML runtimes	2026-09-07T16:59:08.3790860Z   Downloading pygments-2.21.0-py3-none-any.whl (1.3 MB)
core (macos-latest)	Install pinned build and test tools without ML runtimes	2026-09-07T16:59:08.4358370Z      ━━━━━━━━━━━━━━━━━━━━━━━━━━━━━━━━━━━━━━━━ 1.3/1.3 MB 19.7 MB/s  0:00:00
core (macos-latest)	Install pinned build and test tools without ML runtimes	2026-09-07T16:59:08.4590760Z Collecting pyjwt==2.13.0 (from -r requirements-test.lock (line 370))
core (macos-latest)	Install pinned build and test tools without ML runtimes	2026-09-07T16:59:08.4701120Z   Downloading pyjwt-2.13.0-py3-none-any.whl (31 kB)
core (macos-latest)	Install pinned build and test tools without ML runtimes	2026-09-07T16:59:08.4895440Z Collecting pyproject-hooks==1.2.0 (from -r requirements-test.lock (line 374))
core (macos-latest)	Install pinned build and test tools without ML runtimes	2026-09-07T16:59:08.4989810Z   Downloading pyproject_hooks-1.2.0-py3-none-any.whl (10 kB)
core (macos-latest)	Install pinned build and test tools without ML runtimes	2026-09-07T16:59:08.5266590Z Collecting pytest==9.1.1 (from -r requirements-test.lock (line 378))
core (macos-latest)	Install pinned build and test tools without ML runtimes	2026-09-07T16:59:08.5368870Z   Downloading pytest-9.1.1-py3-none-any.whl (386 kB)
core (macos-latest)	Install pinned build and test tools without ML runtimes	2026-09-07T16:59:08.5657080Z Collecting python-multipart==0.0.32 (from -r requirements-test.lock (line 382))
core (macos-latest)	Install pinned build and test tools without ML runtimes	2026-09-07T16:59:08.5754300Z   Downloading python_multipart-0.0.32-py3-none-any.whl (30 kB)
core (macos-latest)	Install pinned build and test tools without ML runtimes	2026-09-07T16:59:08.5985690Z Collecting referencing==0.37.0 (from -r requirements-test.lock (line 386))
core (macos-latest)	Install pinned build and test tools without ML runtimes	2026-09-07T16:59:08.6086110Z   Downloading referencing-0.37.0-py3-none-any.whl (26 kB)
core (macos-latest)	Install pinned build and test tools without ML runtimes	2026-09-07T16:59:08.8287390Z Collecting rpds-py==2026.6.3 (from -r requirements-test.lock (line 392))
core (macos-latest)	Install pinned build and test tools without ML runtimes	2026-09-07T16:59:08.8408800Z   Downloading rpds_py-2026.6.3-cp313-cp313-macosx_11_0_arm64.whl (338 kB)
core (macos-latest)	Install pinned build and test tools without ML runtimes	2026-09-07T16:59:08.8964560Z Collecting setuptools==84.0.0 (from -r requirements-test.lock (line 512))
core (macos-latest)	Install pinned build and test tools without ML runtimes	2026-09-07T16:59:08.9063050Z   Downloading setuptools-84.0.0-py3-none-any.whl (818 kB)
core (macos-latest)	Install pinned build and test tools without ML runtimes	2026-09-07T16:59:08.9221450Z      ━━━━━━━━━━━━━━━━━━━━━━━━━━━━━━━━━━━━━━━━ 818.2/818.2 kB 46.0 MB/s  0:00:00
core (macos-latest)	Install pinned build and test tools without ML runtimes	2026-09-07T16:59:08.9446280Z Collecting sse-starlette==3.4.11 (from -r requirements-test.lock (line 516))
core (macos-latest)	Install pinned build and test tools without ML runtimes	2026-09-07T16:59:08.9618770Z   Downloading sse_starlette-3.4.11-py3-none-any.whl (17 kB)
core (macos-latest)	Install pinned build and test tools without ML runtimes	2026-09-07T16:59:09.0061520Z Collecting starlette==1.6.0 (from -r requirements-test.lock (line 520))
core (macos-latest)	Install pinned build and test tools without ML runtimes	2026-09-07T16:59:09.0188430Z   Downloading starlette-1.6.0-py3-none-any.whl (75 kB)
core (macos-latest)	Install pinned build and test tools without ML runtimes	2026-09-07T16:59:09.0419720Z Collecting truststore==0.10.4 (from -r requirements-test.lock (line 526))
core (macos-latest)	Install pinned build and test tools without ML runtimes	2026-09-07T16:59:09.0521050Z   Downloading truststore-0.10.4-py3-none-any.whl (18 kB)
core (macos-latest)	Install pinned build and test tools without ML runtimes	2026-09-07T16:59:09.0738610Z Collecting typing-extensions==4.16.0 (from -r requirements-test.lock (line 532))
core (macos-latest)	Install pinned build and test tools without ML runtimes	2026-09-07T16:59:09.0840580Z   Downloading typing_extensions-4.16.0-py3-none-any.whl (45 kB)
core (macos-latest)	Install pinned build and test tools without ML runtimes	2026-09-07T16:59:09.1034700Z Collecting typing-inspection==0.4.4 (from -r requirements-test.lock (line 543))
core (macos-latest)	Install pinned build and test tools without ML runtimes	2026-09-07T16:59:09.1130560Z   Downloading typing_inspection-0.4.4-py3-none-any.whl (14 kB)
core (macos-latest)	Install pinned build and test tools without ML runtimes	2026-09-07T16:59:09.1379210Z Collecting uvicorn==0.52.4 (from -r requirements-test.lock (line 549))
core (macos-latest)	Install pinned build and test tools without ML runtimes	2026-09-07T16:59:09.1503910Z   Downloading uvicorn-0.52.4-py3-none-any.whl (79 kB)
core (macos-latest)	Install pinned build and test tools without ML runtimes	2026-09-07T16:59:09.2027290Z Installing collected packages: typing-extensions, truststore, setuptools, rpds-py, python-multipart, pyproject-hooks, pyjwt, pygments, pycparser, pluggy, packaging, iniconfig, idna, h11, click, attrs, annotated-types, uvicorn, typing-inspection, referencing, pytest, pydantic-core, opentelemetry-api, httpcore2, cffi, build, anyio, starlette, pydantic, jsonschema-specifications, httpx2, cryptography, sse-starlette, mcp-types, jsonschema, mcp
core (macos-latest)	Install pinned build and test tools without ML runtimes	2026-09-07T16:59:11.9710960Z 
core (macos-latest)	Install pinned build and test tools without ML runtimes	2026-09-07T16:59:11.9737430Z Successfully installed annotated-types-0.8.0 anyio-4.15.1 attrs-26.1.0 build-1.6.0 cffi-2.1.1 click-8.5.0 cryptography-50.0.1 h11-0.16.0 httpcore2-2.12.0 httpx2-2.12.0 idna-3.19 iniconfig-2.3.0 jsonschema-4.26.0 jsonschema-specifications-2025.9.1 mcp-2.1.1 mcp-types-2.1.1 opentelemetry-api-1.44.0 packaging-26.3 pluggy-1.6.0 pycparser-3.0 pydantic-2.13.5 pydantic-core-2.46.5 pygments-2.21.0 pyjwt-2.13.0 pyproject-hooks-1.2.0 pytest-9.1.1 python-multipart-0.0.32 referencing-0.37.0 rpds-py-2026.6.3 setuptools-84.0.0 sse-starlette-3.4.11 starlette-1.6.0 truststore-0.10.4 typing-extensions-4.16.0 typing-inspection-0.4.4 uvicorn-0.52.4
core (macos-latest)	Install pinned build and test tools without ML runtimes	2026-09-07T16:59:11.9741050Z 
core (macos-latest)	Install pinned build and test tools without ML runtimes	2026-09-07T16:59:11.9741450Z [notice] A new release of pip is available: 26.1.2 -> 26.2.1
core (macos-latest)	Install pinned build and test tools without ML runtimes	2026-09-07T16:59:11.9741830Z [notice] To update, run: python -m pip install --upgrade pip
core (macos-latest)	Build wheel and source archive	﻿2026-09-07T16:59:12.0873820Z ##[group]Run python -m build --no-isolation
core (macos-latest)	Build wheel and source archive	2026-09-07T16:59:12.0874210Z ^[[36;1mpython -m build --no-isolation^[[0m
core (macos-latest)	Build wheel and source archive	2026-09-07T16:59:12.0914550Z shell: /bin/bash -e {0}
core (macos-latest)	Build wheel and source archive	2026-09-07T16:59:12.0914860Z env:
core (macos-latest)	Build wheel and source archive	2026-09-07T16:59:12.0915180Z   pythonLocation: /Users/runner/hostedtoolcache/Python/3.13.14/arm64
core (macos-latest)	Build wheel and source archive	2026-09-07T16:59:12.0915740Z   PKG_CONFIG_PATH: /Users/runner/hostedtoolcache/Python/3.13.14/arm64/lib/pkgconfig
core (macos-latest)	Build wheel and source archive	2026-09-07T16:59:12.0916260Z   Python_ROOT_DIR: /Users/runner/hostedtoolcache/Python/3.13.14/arm64
core (macos-latest)	Build wheel and source archive	2026-09-07T16:59:12.0916720Z   Python2_ROOT_DIR: /Users/runner/hostedtoolcache/Python/3.13.14/arm64
core (macos-latest)	Build wheel and source archive	2026-09-07T16:59:12.0917240Z   Python3_ROOT_DIR: /Users/runner/hostedtoolcache/Python/3.13.14/arm64
core (macos-latest)	Build wheel and source archive	2026-09-07T16:59:12.0917590Z ##[endgroup]
core (macos-latest)	Build wheel and source archive	2026-09-07T16:59:12.2402560Z * Getting build dependencies for sdist...
core (macos-latest)	Build wheel and source archive	2026-09-07T16:59:12.3793760Z running egg_info
core (macos-latest)	Build wheel and source archive	2026-09-07T16:59:12.3810130Z creating src/dynamo_diff.egg-info
core (macos-latest)	Build wheel and source archive	2026-09-07T16:59:12.3811080Z writing src/dynamo_diff.egg-info/PKG-INFO
core (macos-latest)	Build wheel and source archive	2026-09-07T16:59:12.3818470Z writing dependency_links to src/dynamo_diff.egg-info/dependency_links.txt
core (macos-latest)	Build wheel and source archive	2026-09-07T16:59:12.3820190Z writing entry points to src/dynamo_diff.egg-info/entry_points.txt
core (macos-latest)	Build wheel and source archive	2026-09-07T16:59:12.3824070Z writing requirements to src/dynamo_diff.egg-info/requires.txt
core (macos-latest)	Build wheel and source archive	2026-09-07T16:59:12.3824810Z writing top-level names to src/dynamo_diff.egg-info/top_level.txt
core (macos-latest)	Build wheel and source archive	2026-09-07T16:59:12.3825880Z writing manifest file 'src/dynamo_diff.egg-info/SOURCES.txt'
core (macos-latest)	Build wheel and source archive	2026-09-07T16:59:12.3876110Z reading manifest file 'src/dynamo_diff.egg-info/SOURCES.txt'
core (macos-latest)	Build wheel and source archive	2026-09-07T16:59:12.3876870Z reading manifest template 'MANIFEST.in'
core (macos-latest)	Build wheel and source archive	2026-09-07T16:59:12.3999610Z warning: no previously-included files matching '__pycache__' found anywhere in distribution
core (macos-latest)	Build wheel and source archive	2026-09-07T16:59:12.4009970Z warning: no previously-included files matching '*.py[cod]' found anywhere in distribution
core (macos-latest)	Build wheel and source archive	2026-09-07T16:59:12.4011560Z warning: no previously-included files matching '.DS_Store' found anywhere in distribution
core (macos-latest)	Build wheel and source archive	2026-09-07T16:59:12.4013200Z warning: no previously-included files matching '.lock' found anywhere in distribution
core (macos-latest)	Build wheel and source archive	2026-09-07T16:59:12.4013620Z adding license file 'LICENSE'
core (macos-latest)	Build wheel and source archive	2026-09-07T16:59:12.4060110Z writing manifest file 'src/dynamo_diff.egg-info/SOURCES.txt'
core (macos-latest)	Build wheel and source archive	2026-09-07T16:59:12.4301130Z * Building sdist...
core (macos-latest)	Build wheel and source archive	2026-09-07T16:59:12.5652370Z running sdist
core (macos-latest)	Build wheel and source archive	2026-09-07T16:59:12.5653310Z running egg_info
core (macos-latest)	Build wheel and source archive	2026-09-07T16:59:12.5694190Z writing src/dynamo_diff.egg-info/PKG-INFO
core (macos-latest)	Build wheel and source archive	2026-09-07T16:59:12.5701370Z writing dependency_links to src/dynamo_diff.egg-info/dependency_links.txt
core (macos-latest)	Build wheel and source archive	2026-09-07T16:59:12.5703370Z writing entry points to src/dynamo_diff.egg-info/entry_points.txt
core (macos-latest)	Build wheel and source archive	2026-09-07T16:59:12.5707000Z writing requirements to src/dynamo_diff.egg-info/requires.txt
core (macos-latest)	Build wheel and source archive	2026-09-07T16:59:12.5708300Z writing top-level names to src/dynamo_diff.egg-info/top_level.txt
core (macos-latest)	Build wheel and source archive	2026-09-07T16:59:12.5769810Z reading manifest file 'src/dynamo_diff.egg-info/SOURCES.txt'
core (macos-latest)	Build wheel and source archive	2026-09-07T16:59:12.5829820Z reading manifest template 'MANIFEST.in'
core (macos-latest)	Build wheel and source archive	2026-09-07T16:59:12.5949380Z warning: no previously-included files matching '__pycache__' found anywhere in distribution
core (macos-latest)	Build wheel and source archive	2026-09-07T16:59:12.5991200Z warning: no previously-included files matching '*.py[cod]' found anywhere in distribution
core (macos-latest)	Build wheel and source archive	2026-09-07T16:59:12.5991660Z adding license file 'LICENSE'
core (macos-latest)	Build wheel and source archive	2026-09-07T16:59:12.5993010Z warning: no previously-included files matching '.DS_Store' found anywhere in distribution
core (macos-latest)	Build wheel and source archive	2026-09-07T16:59:12.5993800Z warning: no previously-included files matching '.lock' found anywhere in distribution
core (macos-latest)	Build wheel and source archive	2026-09-07T16:59:12.6052770Z writing manifest file 'src/dynamo_diff.egg-info/SOURCES.txt'
core (macos-latest)	Build wheel and source archive	2026-09-07T16:59:12.6055920Z running check
core (macos-latest)	Build wheel and source archive	2026-09-07T16:59:12.6079530Z creating dynamo_diff-0.1.0
core (macos-latest)	Build wheel and source archive	2026-09-07T16:59:12.6088110Z creating dynamo_diff-0.1.0/.github/workflows
core (macos-latest)	Build wheel and source archive	2026-09-07T16:59:12.6089550Z creating dynamo_diff-0.1.0/artifacts/demo/cli-002
core (macos-latest)	Build wheel and source archive	2026-09-07T16:59:12.6091220Z creating dynamo_diff-0.1.0/artifacts/demo/cli-003
core (macos-latest)	Build wheel and source archive	2026-09-07T16:59:12.6091980Z creating dynamo_diff-0.1.0/benchmarks
core (macos-latest)	Build wheel and source archive	2026-09-07T16:59:12.6092770Z creating dynamo_diff-0.1.0/benchmarks/agent_pilot
core (macos-latest)	Build wheel and source archive	2026-09-07T16:59:12.6093690Z creating dynamo_diff-0.1.0/benchmarks/agent_pilot/corpus
core (macos-latest)	Build wheel and source archive	2026-09-07T16:59:12.6094380Z creating dynamo_diff-0.1.0/benchmarks/agent_pilot/corpus/captures/q01/a
core (macos-latest)	Build wheel and source archive	2026-09-07T16:59:12.6095850Z creating dynamo_diff-0.1.0/benchmarks/agent_pilot/corpus/captures/q01/a/raw
core (macos-latest)	Build wheel and source archive	2026-09-07T16:59:12.6096760Z creating dynamo_diff-0.1.0/benchmarks/agent_pilot/corpus/captures/q01/a/report
core (macos-latest)	Build wheel and source archive	2026-09-07T16:59:12.6205080Z creating dynamo_diff-0.1.0/benchmarks/agent_pilot/corpus/captures/q01/a/report/-_-_-_-
core (macos-latest)	Build wheel and source archive	2026-09-07T16:59:12.6306430Z creating dynamo_diff-0.1.0/benchmarks/agent_pilot/corpus/captures/q01/a/report/-_0_0_0
core (macos-latest)	Build wheel and source archive	2026-09-07T16:59:12.6408450Z creating dynamo_diff-0.1.0/benchmarks/agent_pilot/corpus/captures/q01/a/report/-_0_1_0
core (macos-latest)	Build wheel and source archive	2026-09-07T16:59:12.6441000Z creating dynamo_diff-0.1.0/benchmarks/agent_pilot/corpus/captures/q01/a/sources
core (macos-latest)	Build wheel and source archive	2026-09-07T16:59:12.6442520Z creating dynamo_diff-0.1.0/benchmarks/agent_pilot/corpus/captures/q02/a
core (macos-latest)	Build wheel and source archive	2026-09-07T16:59:12.6457430Z creating dynamo_diff-0.1.0/benchmarks/agent_pilot/corpus/captures/q02/a/raw
core (macos-latest)	Build wheel and source archive	2026-09-07T16:59:12.6458160Z creating dynamo_diff-0.1.0/benchmarks/agent_pilot/corpus/captures/q02/a/report
core (macos-latest)	Build wheel and source archive	2026-09-07T16:59:12.6494510Z creating dynamo_diff-0.1.0/benchmarks/agent_pilot/corpus/captures/q02/a/report/-_-_-_-
core (macos-latest)	Build wheel and source archive	2026-09-07T16:59:12.6495310Z creating dynamo_diff-0.1.0/benchmarks/agent_pilot/corpus/captures/q02/a/report/-_0_0_0
core (macos-latest)	Build wheel and source archive	2026-09-07T16:59:12.6497210Z creating dynamo_diff-0.1.0/benchmarks/agent_pilot/corpus/captures/q02/a/report/-_0_1_0
core (macos-latest)	Build wheel and source archive	2026-09-07T16:59:12.6498110Z creating dynamo_diff-0.1.0/benchmarks/agent_pilot/corpus/captures/q02/a/report/-_0_2_0
core (macos-latest)	Build wheel and source archive	2026-09-07T16:59:12.6500650Z creating dynamo_diff-0.1.0/benchmarks/agent_pilot/corpus/captures/q02/a/sources
core (macos-latest)	Build wheel and source archive	2026-09-07T16:59:12.6501180Z creating dynamo_diff-0.1.0/benchmarks/agent_pilot/corpus/captures/q03/a
core (macos-latest)	Build wheel and source archive	2026-09-07T16:59:12.6501760Z creating dynamo_diff-0.1.0/benchmarks/agent_pilot/corpus/captures/q03/a/raw
core (macos-latest)	Build wheel and source archive	2026-09-07T16:59:12.6502270Z creating dynamo_diff-0.1.0/benchmarks/agent_pilot/corpus/captures/q03/a/report
core (macos-latest)	Build wheel and source archive	2026-09-07T16:59:12.6502860Z creating dynamo_diff-0.1.0/benchmarks/agent_pilot/corpus/captures/q03/a/report/-_-_-_-
core (macos-latest)	Build wheel and source archive	2026-09-07T16:59:12.6503640Z creating dynamo_diff-0.1.0/benchmarks/agent_pilot/corpus/captures/q03/a/report/-_0_0_0
core (macos-latest)	Build wheel and source archive	2026-09-07T16:59:12.6504240Z creating dynamo_diff-0.1.0/benchmarks/agent_pilot/corpus/captures/q03/a/report/-_0_1_0
core (macos-latest)	Build wheel and source archive	2026-09-07T16:59:12.6505050Z creating dynamo_diff-0.1.0/benchmarks/agent_pilot/corpus/captures/q03/a/report/-_0_2_0
core (macos-latest)	Build wheel and source archive	2026-09-07T16:59:12.6505660Z creating dynamo_diff-0.1.0/benchmarks/agent_pilot/corpus/captures/q03/a/sources
core (macos-latest)	Build wheel and source archive	2026-09-07T16:59:12.6506160Z creating dynamo_diff-0.1.0/benchmarks/agent_pilot/corpus/captures/q03/b
core (macos-latest)	Build wheel and source archive	2026-09-07T16:59:12.6506820Z creating dynamo_diff-0.1.0/benchmarks/agent_pilot/corpus/captures/q03/b/raw
core (macos-latest)	Build wheel and source archive	2026-09-07T16:59:12.6507370Z creating dynamo_diff-0.1.0/benchmarks/agent_pilot/corpus/captures/q03/b/report
core (macos-latest)	Build wheel and source archive	2026-09-07T16:59:12.6508010Z creating dynamo_diff-0.1.0/benchmarks/agent_pilot/corpus/captures/q03/b/report/-_-_-_-
core (macos-latest)	Build wheel and source archive	2026-09-07T16:59:12.6508580Z creating dynamo_diff-0.1.0/benchmarks/agent_pilot/corpus/captures/q03/b/report/-_0_0_0
core (macos-latest)	Build wheel and source archive	2026-09-07T16:59:12.6509460Z creating dynamo_diff-0.1.0/benchmarks/agent_pilot/corpus/captures/q03/b/sources
core (macos-latest)	Build wheel and source archive	2026-09-07T16:59:12.6509930Z creating dynamo_diff-0.1.0/benchmarks/agent_pilot/corpus/captures/q04/a
core (macos-latest)	Build wheel and source archive	2026-09-07T16:59:12.6510420Z creating dynamo_diff-0.1.0/benchmarks/agent_pilot/corpus/captures/q04/a/raw
core (macos-latest)	Build wheel and source archive	2026-09-07T16:59:12.6510930Z creating dynamo_diff-0.1.0/benchmarks/agent_pilot/corpus/captures/q04/a/report
core (macos-latest)	Build wheel and source archive	2026-09-07T16:59:12.6511460Z creating dynamo_diff-0.1.0/benchmarks/agent_pilot/corpus/captures/q04/a/report/-_-_-_-
core (macos-latest)	Build wheel and source archive	2026-09-07T16:59:12.6511980Z creating dynamo_diff-0.1.0/benchmarks/agent_pilot/corpus/captures/q04/a/report/-_0_0_0
core (macos-latest)	Build wheel and source archive	2026-09-07T16:59:12.6512670Z creating dynamo_diff-0.1.0/benchmarks/agent_pilot/corpus/captures/q04/a/report/-_0_1_0
core (macos-latest)	Build wheel and source archive	2026-09-07T16:59:12.6513390Z creating dynamo_diff-0.1.0/benchmarks/agent_pilot/corpus/captures/q04/a/sources
core (macos-latest)	Build wheel and source archive	2026-09-07T16:59:12.6514580Z creating dynamo_diff-0.1.0/benchmarks/agent_pilot/corpus/captures/q04/b
core (macos-latest)	Build wheel and source archive	2026-09-07T16:59:12.6516500Z creating dynamo_diff-0.1.0/benchmarks/agent_pilot/corpus/captures/q04/b/raw
core (macos-latest)	Build wheel and source archive	2026-09-07T16:59:12.6517030Z creating dynamo_diff-0.1.0/benchmarks/agent_pilot/corpus/captures/q04/b/report
core (macos-latest)	Build wheel and source archive	2026-09-07T16:59:12.6517680Z creating dynamo_diff-0.1.0/benchmarks/agent_pilot/corpus/captures/q04/b/report/-_-_-_-
core (macos-latest)	Build wheel and source archive	2026-09-07T16:59:12.6518250Z creating dynamo_diff-0.1.0/benchmarks/agent_pilot/corpus/captures/q04/b/report/-_0_0_0
core (macos-latest)	Build wheel and source archive	2026-09-07T16:59:12.6518860Z creating dynamo_diff-0.1.0/benchmarks/agent_pilot/corpus/captures/q04/b/sources
core (macos-latest)	Build wheel and source archive	2026-09-07T16:59:12.6519590Z creating dynamo_diff-0.1.0/benchmarks/agent_pilot/corpus/captures/q05/a
core (macos-latest)	Build wheel and source archive	2026-09-07T16:59:12.6520130Z creating dynamo_diff-0.1.0/benchmarks/agent_pilot/corpus/captures/q05/a/raw
core (macos-latest)	Build wheel and source archive	2026-09-07T16:59:12.6520750Z creating dynamo_diff-0.1.0/benchmarks/agent_pilot/corpus/captures/q05/a/report
core (macos-latest)	Build wheel and source archive	2026-09-07T16:59:12.6521500Z creating dynamo_diff-0.1.0/benchmarks/agent_pilot/corpus/captures/q05/a/report/-_-_-_-
core (macos-latest)	Build wheel and source archive	2026-09-07T16:59:12.6522820Z creating dynamo_diff-0.1.0/benchmarks/agent_pilot/corpus/captures/q05/a/report/-_0_0_0
core (macos-latest)	Build wheel and source archive	2026-09-07T16:59:12.6523420Z creating dynamo_diff-0.1.0/benchmarks/agent_pilot/corpus/captures/q05/a/sources
core (macos-latest)	Build wheel and source archive	2026-09-07T16:59:12.6523840Z creating dynamo_diff-0.1.0/benchmarks/agent_pilot/corpus/captures/q05/b
core (macos-latest)	Build wheel and source archive	2026-09-07T16:59:12.6524250Z creating dynamo_diff-0.1.0/benchmarks/agent_pilot/corpus/captures/q05/b/raw
core (macos-latest)	Build wheel and source archive	2026-09-07T16:59:12.6524660Z creating dynamo_diff-0.1.0/benchmarks/agent_pilot/corpus/captures/q05/b/report
core (macos-latest)	Build wheel and source archive	2026-09-07T16:59:12.6525120Z creating dynamo_diff-0.1.0/benchmarks/agent_pilot/corpus/captures/q05/b/report/-_-_-_-
core (macos-latest)	Build wheel and source archive	2026-09-07T16:59:12.6525590Z creating dynamo_diff-0.1.0/benchmarks/agent_pilot/corpus/captures/q05/b/report/-_0_0_0
core (macos-latest)	Build wheel and source archive	2026-09-07T16:59:12.6526060Z creating dynamo_diff-0.1.0/benchmarks/agent_pilot/corpus/captures/q05/b/sources
core (macos-latest)	Build wheel and source archive	2026-09-07T16:59:12.6526480Z creating dynamo_diff-0.1.0/benchmarks/agent_pilot/corpus/captures/q06/a
core (macos-latest)	Build wheel and source archive	2026-09-07T16:59:12.6527370Z creating dynamo_diff-0.1.0/benchmarks/agent_pilot/corpus/captures/q06/a/raw
core (macos-latest)	Build wheel and source archive	2026-09-07T16:59:12.6528130Z creating dynamo_diff-0.1.0/benchmarks/agent_pilot/corpus/captures/q06/a/report
core (macos-latest)	Build wheel and source archive	2026-09-07T16:59:12.6528600Z creating dynamo_diff-0.1.0/benchmarks/agent_pilot/corpus/captures/q06/a/report/-_-_-_-
core (macos-latest)	Build wheel and source archive	2026-09-07T16:59:12.6529080Z creating dynamo_diff-0.1.0/benchmarks/agent_pilot/corpus/captures/q06/a/report/-_0_0_0
core (macos-latest)	Build wheel and source archive	2026-09-07T16:59:12.6529630Z creating dynamo_diff-0.1.0/benchmarks/agent_pilot/corpus/captures/q06/a/report/-_0_1_0
core (macos-latest)	Build wheel and source archive	2026-09-07T16:59:12.6530100Z creating dynamo_diff-0.1.0/benchmarks/agent_pilot/corpus/captures/q06/a/report/-_0_2_0
core (macos-latest)	Build wheel and source archive	2026-09-07T16:59:12.6530560Z creating dynamo_diff-0.1.0/benchmarks/agent_pilot/corpus/captures/q06/a/sources
core (macos-latest)	Build wheel and source archive	2026-09-07T16:59:12.6531050Z creating dynamo_diff-0.1.0/benchmarks/agent_pilot/corpus/captures/q06/b
core (macos-latest)	Build wheel and source archive	2026-09-07T16:59:12.6531470Z creating dynamo_diff-0.1.0/benchmarks/agent_pilot/corpus/captures/q06/b/raw
core (macos-latest)	Build wheel and source archive	2026-09-07T16:59:12.6531900Z creating dynamo_diff-0.1.0/benchmarks/agent_pilot/corpus/captures/q06/b/report
core (macos-latest)	Build wheel and source archive	2026-09-07T16:59:12.6532420Z creating dynamo_diff-0.1.0/benchmarks/agent_pilot/corpus/captures/q06/b/report/-_-_-_-
core (macos-latest)	Build wheel and source archive	2026-09-07T16:59:12.6533010Z creating dynamo_diff-0.1.0/benchmarks/agent_pilot/corpus/captures/q06/b/report/-_0_0_0
core (macos-latest)	Build wheel and source archive	2026-09-07T16:59:12.6534550Z creating dynamo_diff-0.1.0/benchmarks/agent_pilot/corpus/captures/q06/b/report/-_0_1_0
core (macos-latest)	Build wheel and source archive	2026-09-07T16:59:12.6535120Z creating dynamo_diff-0.1.0/benchmarks/agent_pilot/corpus/captures/q06/b/report/-_0_2_0
core (macos-latest)	Build wheel and source archive	2026-09-07T16:59:12.6535680Z creating dynamo_diff-0.1.0/benchmarks/agent_pilot/corpus/captures/q06/b/sources
core (macos-latest)	Build wheel and source archive	2026-09-07T16:59:12.6536210Z creating dynamo_diff-0.1.0/benchmarks/agent_pilot/corpus/captures/q07/a
core (macos-latest)	Build wheel and source archive	2026-09-07T16:59:12.6536620Z creating dynamo_diff-0.1.0/benchmarks/agent_pilot/corpus/captures/q07/a/raw
core (macos-latest)	Build wheel and source archive	2026-09-07T16:59:12.6537200Z creating dynamo_diff-0.1.0/benchmarks/agent_pilot/corpus/captures/q07/a/report
core (macos-latest)	Build wheel and source archive	2026-09-07T16:59:12.6537650Z creating dynamo_diff-0.1.0/benchmarks/agent_pilot/corpus/captures/q07/a/report/-_-_-_-
core (macos-latest)	Build wheel and source archive	2026-09-07T16:59:12.6538460Z creating dynamo_diff-0.1.0/benchmarks/agent_pilot/corpus/captures/q07/a/report/-_0_0_0
core (macos-latest)	Build wheel and source archive	2026-09-07T16:59:12.6538990Z creating dynamo_diff-0.1.0/benchmarks/agent_pilot/corpus/captures/q07/a/sources
core (macos-latest)	Build wheel and source archive	2026-09-07T16:59:12.6539580Z creating dynamo_diff-0.1.0/benchmarks/agent_pilot/corpus/captures/q08/a
core (macos-latest)	Build wheel and source archive	2026-09-07T16:59:12.6540030Z creating dynamo_diff-0.1.0/benchmarks/agent_pilot/corpus/captures/q08/a/raw
core (macos-latest)	Build wheel and source archive	2026-09-07T16:59:12.6540580Z creating dynamo_diff-0.1.0/benchmarks/agent_pilot/corpus/captures/q08/a/report
core (macos-latest)	Build wheel and source archive	2026-09-07T16:59:12.6541050Z creating dynamo_diff-0.1.0/benchmarks/agent_pilot/corpus/captures/q08/a/report/-_-_-_-
core (macos-latest)	Build wheel and source archive	2026-09-07T16:59:12.6541650Z creating dynamo_diff-0.1.0/benchmarks/agent_pilot/corpus/captures/q08/a/report/-_0_0_0
core (macos-latest)	Build wheel and source archive	2026-09-07T16:59:12.6542340Z creating dynamo_diff-0.1.0/benchmarks/agent_pilot/corpus/captures/q08/a/report/-_0_0_1
core (macos-latest)	Build wheel and source archive	2026-09-07T16:59:12.6543330Z creating dynamo_diff-0.1.0/benchmarks/agent_pilot/corpus/captures/q08/a/report/-_1_0_0
core (macos-latest)	Build wheel and source archive	2026-09-07T16:59:12.6543890Z creating dynamo_diff-0.1.0/benchmarks/agent_pilot/corpus/captures/q08/a/sources
core (macos-latest)	Build wheel and source archive	2026-09-07T16:59:12.6544330Z creating dynamo_diff-0.1.0/benchmarks/agent_pilot/corpus/captures/q09/a
core (macos-latest)	Build wheel and source archive	2026-09-07T16:59:12.6544760Z creating dynamo_diff-0.1.0/benchmarks/agent_pilot/corpus/captures/q09/a/raw
core (macos-latest)	Build wheel and source archive	2026-09-07T16:59:12.6545290Z creating dynamo_diff-0.1.0/benchmarks/agent_pilot/corpus/captures/q09/a/report
core (macos-latest)	Build wheel and source archive	2026-09-07T16:59:12.6545820Z creating dynamo_diff-0.1.0/benchmarks/agent_pilot/corpus/captures/q09/a/report/-_-_-_-
core (macos-latest)	Build wheel and source archive	2026-09-07T16:59:12.6546310Z creating dynamo_diff-0.1.0/benchmarks/agent_pilot/corpus/captures/q09/a/report/-_0_0_0
core (macos-latest)	Build wheel and source archive	2026-09-07T16:59:12.6546870Z creating dynamo_diff-0.1.0/benchmarks/agent_pilot/corpus/captures/q09/a/report/-_0_1_0
core (macos-latest)	Build wheel and source archive	2026-09-07T16:59:12.6547440Z creating dynamo_diff-0.1.0/benchmarks/agent_pilot/corpus/captures/q09/a/report/-_0_2_0
core (macos-latest)	Build wheel and source archive	2026-09-07T16:59:12.6547970Z creating dynamo_diff-0.1.0/benchmarks/agent_pilot/corpus/captures/q09/a/sources
core (macos-latest)	Build wheel and source archive	2026-09-07T16:59:12.6548400Z creating dynamo_diff-0.1.0/benchmarks/agent_pilot/corpus/captures/q10/a
core (macos-latest)	Build wheel and source archive	2026-09-07T16:59:12.6549010Z creating dynamo_diff-0.1.0/benchmarks/agent_pilot/corpus/captures/q10/a/raw
core (macos-latest)	Build wheel and source archive	2026-09-07T16:59:12.6549510Z creating dynamo_diff-0.1.0/benchmarks/agent_pilot/corpus/captures/q10/a/report
core (macos-latest)	Build wheel and source archive	2026-09-07T16:59:12.6550680Z creating dynamo_diff-0.1.0/benchmarks/agent_pilot/corpus/captures/q10/a/report/-_-_-_-
core (macos-latest)	Build wheel and source archive	2026-09-07T16:59:12.6551150Z creating dynamo_diff-0.1.0/benchmarks/agent_pilot/corpus/captures/q10/a/report/-_0_0_0
core (macos-latest)	Build wheel and source archive	2026-09-07T16:59:12.6551650Z creating dynamo_diff-0.1.0/benchmarks/agent_pilot/corpus/captures/q10/a/report/-_0_1_0
core (macos-latest)	Build wheel and source archive	2026-09-07T16:59:12.6552190Z creating dynamo_diff-0.1.0/benchmarks/agent_pilot/corpus/captures/q10/a/report/-_0_2_0
core (macos-latest)	Build wheel and source archive	2026-09-07T16:59:12.6552650Z creating dynamo_diff-0.1.0/benchmarks/agent_pilot/corpus/captures/q10/a/sources
core (macos-latest)	Build wheel and source archive	2026-09-07T16:59:12.6553120Z creating dynamo_diff-0.1.0/benchmarks/agent_pilot/corpus/curator/q07
core (macos-latest)	Build wheel and source archive	2026-09-07T16:59:12.6554390Z creating dynamo_diff-0.1.0/benchmarks/agent_pilot/runs/run-001
core (macos-latest)	Build wheel and source archive	2026-09-07T16:59:12.6555840Z creating dynamo_diff-0.1.0/benchmarks/agent_pilot/runs/run-001/analysis
core (macos-latest)	Build wheel and source archive	2026-09-07T16:59:12.6556750Z creating dynamo_diff-0.1.0/benchmarks/results
core (macos-latest)	Build wheel and source archive	2026-09-07T16:59:12.6557570Z creating dynamo_diff-0.1.0/case_studies/transformers_cache
core (macos-latest)	Build wheel and source archive	2026-09-07T16:59:12.6558560Z creating dynamo_diff-0.1.0/case_studies/transformers_cache/captures/baseline
core (macos-latest)	Build wheel and source archive	2026-09-07T16:59:12.6559710Z creating dynamo_diff-0.1.0/case_studies/transformers_cache/captures/baseline/raw
core (macos-latest)	Build wheel and source archive	2026-09-07T16:59:12.6560900Z creating dynamo_diff-0.1.0/case_studies/transformers_cache/captures/baseline/report
core (macos-latest)	Build wheel and source archive	2026-09-07T16:59:12.6562170Z creating dynamo_diff-0.1.0/case_studies/transformers_cache/captures/baseline/report/-_-_-_-
core (macos-latest)	Build wheel and source archive	2026-09-07T16:59:12.6563660Z creating dynamo_diff-0.1.0/case_studies/transformers_cache/captures/baseline/report/-_0_0_0
core (macos-latest)	Build wheel and source archive	2026-09-07T16:59:12.6564980Z creating dynamo_diff-0.1.0/case_studies/transformers_cache/captures/baseline/report/-_0_1_0
core (macos-latest)	Build wheel and source archive	2026-09-07T16:59:12.6566930Z creating dynamo_diff-0.1.0/case_studies/transformers_cache/captures/baseline/report/-_0_2_0
core (macos-latest)	Build wheel and source archive	2026-09-07T16:59:12.6568250Z creating dynamo_diff-0.1.0/case_studies/transformers_cache/captures/baseline/sources
core (macos-latest)	Build wheel and source archive	2026-09-07T16:59:12.6569630Z creating dynamo_diff-0.1.0/case_studies/transformers_cache/captures/baseline/sources/torch/_dynamo
core (macos-latest)	Build wheel and source archive	2026-09-07T16:59:12.6571110Z creating dynamo_diff-0.1.0/case_studies/transformers_cache/captures/baseline/sources/torch/utils
core (macos-latest)	Build wheel and source archive	2026-09-07T16:59:12.6572610Z creating dynamo_diff-0.1.0/case_studies/transformers_cache/captures/baseline/sources/transformers
core (macos-latest)	Build wheel and source archive	2026-09-07T16:59:12.6574240Z creating dynamo_diff-0.1.0/case_studies/transformers_cache/captures/baseline/sources/transformers/generation
core (macos-latest)	Build wheel and source archive	2026-09-07T16:59:12.6575960Z creating dynamo_diff-0.1.0/case_studies/transformers_cache/captures/baseline/sources/transformers/models/llama
core (macos-latest)	Build wheel and source archive	2026-09-07T16:59:12.6577610Z creating dynamo_diff-0.1.0/case_studies/transformers_cache/captures/baseline/sources/transformers/utils
core (macos-latest)	Build wheel and source archive	2026-09-07T16:59:12.6579430Z creating dynamo_diff-0.1.0/case_studies/transformers_cache/captures/candidate
core (macos-latest)	Build wheel and source archive	2026-09-07T16:59:12.6583300Z creating dynamo_diff-0.1.0/case_studies/transformers_cache/captures/candidate/raw
core (macos-latest)	Build wheel and source archive	2026-09-07T16:59:12.6584590Z creating dynamo_diff-0.1.0/case_studies/transformers_cache/captures/candidate/report
core (macos-latest)	Build wheel and source archive	2026-09-07T16:59:12.6585890Z creating dynamo_diff-0.1.0/case_studies/transformers_cache/captures/candidate/report/-_-_-_-
core (macos-latest)	Build wheel and source archive	2026-09-07T16:59:12.6587420Z creating dynamo_diff-0.1.0/case_studies/transformers_cache/captures/candidate/report/-_0_0_0
core (macos-latest)	Build wheel and source archive	2026-09-07T16:59:12.6588810Z creating dynamo_diff-0.1.0/case_studies/transformers_cache/captures/candidate/report/-_0_1_0
core (macos-latest)	Build wheel and source archive	2026-09-07T16:59:12.6590170Z creating dynamo_diff-0.1.0/case_studies/transformers_cache/captures/candidate/sources
core (macos-latest)	Build wheel and source archive	2026-09-07T16:59:12.6591510Z creating dynamo_diff-0.1.0/case_studies/transformers_cache/captures/candidate/sources/torch/_dynamo
core (macos-latest)	Build wheel and source archive	2026-09-07T16:59:12.6593030Z creating dynamo_diff-0.1.0/case_studies/transformers_cache/captures/candidate/sources/torch/utils
core (macos-latest)	Build wheel and source archive	2026-09-07T16:59:12.6594490Z creating dynamo_diff-0.1.0/case_studies/transformers_cache/captures/candidate/sources/transformers
core (macos-latest)	Build wheel and source archive	2026-09-07T16:59:12.6596830Z creating dynamo_diff-0.1.0/case_studies/transformers_cache/captures/candidate/sources/transformers/generation
core (macos-latest)	Build wheel and source archive	2026-09-07T16:59:12.6598480Z creating dynamo_diff-0.1.0/case_studies/transformers_cache/captures/candidate/sources/transformers/models/llama
core (macos-latest)	Build wheel and source archive	2026-09-07T16:59:12.6600100Z creating dynamo_diff-0.1.0/case_studies/transformers_cache/captures/candidate/sources/transformers/utils
core (macos-latest)	Build wheel and source archive	2026-09-07T16:59:12.6601200Z creating dynamo_diff-0.1.0/docs
core (macos-latest)	Build wheel and source archive	2026-09-07T16:59:12.6601760Z creating dynamo_diff-0.1.0/docs/licenses
core (macos-latest)	Build wheel and source archive	2026-09-07T16:59:12.6602680Z creating dynamo_diff-0.1.0/docs/schemas
core (macos-latest)	Build wheel and source archive	2026-09-07T16:59:12.6602980Z creating dynamo_diff-0.1.0/fixtures
core (macos-latest)	Build wheel and source archive	2026-09-07T16:59:12.6603270Z creating dynamo_diff-0.1.0/fixtures/captures/backend_failure
core (macos-latest)	Build wheel and source archive	2026-09-07T16:59:12.6603650Z creating dynamo_diff-0.1.0/fixtures/captures/backend_failure/raw
core (macos-latest)	Build wheel and source archive	2026-09-07T16:59:12.6604100Z creating dynamo_diff-0.1.0/fixtures/captures/backend_failure/report
core (macos-latest)	Build wheel and source archive	2026-09-07T16:59:12.6604550Z creating dynamo_diff-0.1.0/fixtures/captures/backend_failure/report/-_-_-_-
core (macos-latest)	Build wheel and source archive	2026-09-07T16:59:12.6604980Z creating dynamo_diff-0.1.0/fixtures/captures/backend_failure/report/-_0_0_0
core (macos-latest)	Build wheel and source archive	2026-09-07T16:59:12.6605410Z creating dynamo_diff-0.1.0/fixtures/captures/backend_failure/sources
core (macos-latest)	Build wheel and source archive	2026-09-07T16:59:12.6605760Z creating dynamo_diff-0.1.0/fixtures/captures/dynamic
core (macos-latest)	Build wheel and source archive	2026-09-07T16:59:12.6606100Z creating dynamo_diff-0.1.0/fixtures/captures/dynamic/raw
core (macos-latest)	Build wheel and source archive	2026-09-07T16:59:12.6606460Z creating dynamo_diff-0.1.0/fixtures/captures/dynamic/report
core (macos-latest)	Build wheel and source archive	2026-09-07T16:59:12.6606880Z creating dynamo_diff-0.1.0/fixtures/captures/dynamic/report/-_-_-_-
core (macos-latest)	Build wheel and source archive	2026-09-07T16:59:12.6607270Z creating dynamo_diff-0.1.0/fixtures/captures/dynamic/report/-_0_0_0
core (macos-latest)	Build wheel and source archive	2026-09-07T16:59:12.6607650Z creating dynamo_diff-0.1.0/fixtures/captures/dynamic/report/-_0_1_0
core (macos-latest)	Build wheel and source archive	2026-09-07T16:59:12.6608140Z creating dynamo_diff-0.1.0/fixtures/captures/dynamic/sources
core (macos-latest)	Build wheel and source archive	2026-09-07T16:59:12.6608870Z creating dynamo_diff-0.1.0/fixtures/captures/edit_after
core (macos-latest)	Build wheel and source archive	2026-09-07T16:59:12.6609210Z creating dynamo_diff-0.1.0/fixtures/captures/edit_after/raw
core (macos-latest)	Build wheel and source archive	2026-09-07T16:59:12.6609590Z creating dynamo_diff-0.1.0/fixtures/captures/edit_after/report
core (macos-latest)	Build wheel and source archive	2026-09-07T16:59:12.6610050Z creating dynamo_diff-0.1.0/fixtures/captures/edit_after/report/-_-_-_-
core (macos-latest)	Build wheel and source archive	2026-09-07T16:59:12.6610510Z creating dynamo_diff-0.1.0/fixtures/captures/edit_after/report/-_0_0_0
core (macos-latest)	Build wheel and source archive	2026-09-07T16:59:12.6610990Z creating dynamo_diff-0.1.0/fixtures/captures/edit_after/report/-_1_0_0
core (macos-latest)	Build wheel and source archive	2026-09-07T16:59:12.6611400Z creating dynamo_diff-0.1.0/fixtures/captures/edit_after/sources
core (macos-latest)	Build wheel and source archive	2026-09-07T16:59:12.6611740Z creating dynamo_diff-0.1.0/fixtures/captures/edit_before
core (macos-latest)	Build wheel and source archive	2026-09-07T16:59:12.6612090Z creating dynamo_diff-0.1.0/fixtures/captures/edit_before/raw
core (macos-latest)	Build wheel and source archive	2026-09-07T16:59:12.6612530Z creating dynamo_diff-0.1.0/fixtures/captures/edit_before/report
core (macos-latest)	Build wheel and source archive	2026-09-07T16:59:12.6613980Z creating dynamo_diff-0.1.0/fixtures/captures/edit_before/report/-_-_-_-
core (macos-latest)	Build wheel and source archive	2026-09-07T16:59:12.6614400Z creating dynamo_diff-0.1.0/fixtures/captures/edit_before/report/-_0_0_0
core (macos-latest)	Build wheel and source archive	2026-09-07T16:59:12.6614850Z creating dynamo_diff-0.1.0/fixtures/captures/edit_before/report/-_0_1_0
core (macos-latest)	Build wheel and source archive	2026-09-07T16:59:12.6615340Z creating dynamo_diff-0.1.0/fixtures/captures/edit_before/report/-_0_2_0
core (macos-latest)	Build wheel and source archive	2026-09-07T16:59:12.6615720Z creating dynamo_diff-0.1.0/fixtures/captures/edit_before/sources
core (macos-latest)	Build wheel and source archive	2026-09-07T16:59:12.6616060Z creating dynamo_diff-0.1.0/fixtures/captures/grad
core (macos-latest)	Build wheel and source archive	2026-09-07T16:59:12.6616370Z creating dynamo_diff-0.1.0/fixtures/captures/grad/raw
core (macos-latest)	Build wheel and source archive	2026-09-07T16:59:12.6616670Z creating dynamo_diff-0.1.0/fixtures/captures/grad/report
core (macos-latest)	Build wheel and source archive	2026-09-07T16:59:12.6617020Z creating dynamo_diff-0.1.0/fixtures/captures/grad/report/-_-_-_-
core (macos-latest)	Build wheel and source archive	2026-09-07T16:59:12.6617770Z creating dynamo_diff-0.1.0/fixtures/captures/grad/report/-_0_0_0
core (macos-latest)	Build wheel and source archive	2026-09-07T16:59:12.6618150Z creating dynamo_diff-0.1.0/fixtures/captures/grad/report/-_0_1_0
core (macos-latest)	Build wheel and source archive	2026-09-07T16:59:12.6618620Z creating dynamo_diff-0.1.0/fixtures/captures/grad/sources
core (macos-latest)	Build wheel and source archive	2026-09-07T16:59:12.6618950Z creating dynamo_diff-0.1.0/fixtures/captures/graph_break
core (macos-latest)	Build wheel and source archive	2026-09-07T16:59:12.6631630Z creating dynamo_diff-0.1.0/fixtures/captures/graph_break/raw
core (macos-latest)	Build wheel and source archive	2026-09-07T16:59:12.6632230Z creating dynamo_diff-0.1.0/fixtures/captures/graph_break/report
core (macos-latest)	Build wheel and source archive	2026-09-07T16:59:12.6632630Z creating dynamo_diff-0.1.0/fixtures/captures/graph_break/report/-_-_-_-
core (macos-latest)	Build wheel and source archive	2026-09-07T16:59:12.6633020Z creating dynamo_diff-0.1.0/fixtures/captures/graph_break/report/-_0_0_0
core (macos-latest)	Build wheel and source archive	2026-09-07T16:59:12.6633580Z creating dynamo_diff-0.1.0/fixtures/captures/graph_break/report/-_0_0_1
core (macos-latest)	Build wheel and source archive	2026-09-07T16:59:12.6633980Z creating dynamo_diff-0.1.0/fixtures/captures/graph_break/report/-_1_0_0
core (macos-latest)	Build wheel and source archive	2026-09-07T16:59:12.6634360Z creating dynamo_diff-0.1.0/fixtures/captures/graph_break/sources
core (macos-latest)	Build wheel and source archive	2026-09-07T16:59:12.6634670Z creating dynamo_diff-0.1.0/fixtures/captures/identity
core (macos-latest)	Build wheel and source archive	2026-09-07T16:59:12.6635130Z creating dynamo_diff-0.1.0/fixtures/captures/identity/raw
core (macos-latest)	Build wheel and source archive	2026-09-07T16:59:12.6635450Z creating dynamo_diff-0.1.0/fixtures/captures/identity/report
core (macos-latest)	Build wheel and source archive	2026-09-07T16:59:12.6635810Z creating dynamo_diff-0.1.0/fixtures/captures/identity/report/-_-_-_-
core (macos-latest)	Build wheel and source archive	2026-09-07T16:59:12.6636330Z creating dynamo_diff-0.1.0/fixtures/captures/identity/report/-_0_0_0
core (macos-latest)	Build wheel and source archive	2026-09-07T16:59:12.6636730Z creating dynamo_diff-0.1.0/fixtures/captures/identity/report/-_0_1_0
core (macos-latest)	Build wheel and source archive	2026-09-07T16:59:12.6637100Z creating dynamo_diff-0.1.0/fixtures/captures/identity/report/-_0_2_0
core (macos-latest)	Build wheel and source archive	2026-09-07T16:59:12.6637620Z creating dynamo_diff-0.1.0/fixtures/captures/identity/sources
core (macos-latest)	Build wheel and source archive	2026-09-07T16:59:12.6637990Z creating dynamo_diff-0.1.0/fixtures/captures/identity_partitioned
core (macos-latest)	Build wheel and source archive	2026-09-07T16:59:12.6638360Z creating dynamo_diff-0.1.0/fixtures/captures/identity_partitioned/raw
core (macos-latest)	Build wheel and source archive	2026-09-07T16:59:12.6638750Z creating dynamo_diff-0.1.0/fixtures/captures/identity_partitioned/report
core (macos-latest)	Build wheel and source archive	2026-09-07T16:59:12.6639170Z creating dynamo_diff-0.1.0/fixtures/captures/identity_partitioned/report/-_-_-_-
core (macos-latest)	Build wheel and source archive	2026-09-07T16:59:12.6639770Z creating dynamo_diff-0.1.0/fixtures/captures/identity_partitioned/report/-_0_0_0
core (macos-latest)	Build wheel and source archive	2026-09-07T16:59:12.6640640Z creating dynamo_diff-0.1.0/fixtures/captures/identity_partitioned/report/-_0_1_0
core (macos-latest)	Build wheel and source archive	2026-09-07T16:59:12.6641090Z creating dynamo_diff-0.1.0/fixtures/captures/identity_partitioned/report/-_0_2_0
core (macos-latest)	Build wheel and source archive	2026-09-07T16:59:12.6641500Z creating dynamo_diff-0.1.0/fixtures/captures/identity_partitioned/sources
core (macos-latest)	Build wheel and source archive	2026-09-07T16:59:12.6641840Z creating dynamo_diff-0.1.0/fixtures/captures/limit
core (macos-latest)	Build wheel and source archive	2026-09-07T16:59:12.6642160Z creating dynamo_diff-0.1.0/fixtures/captures/limit/raw
core (macos-latest)	Build wheel and source archive	2026-09-07T16:59:12.6642520Z creating dynamo_diff-0.1.0/fixtures/captures/limit/report
core (macos-latest)	Build wheel and source archive	2026-09-07T16:59:12.6642880Z creating dynamo_diff-0.1.0/fixtures/captures/limit/report/-_-_-_-
core (macos-latest)	Build wheel and source archive	2026-09-07T16:59:12.6643390Z creating dynamo_diff-0.1.0/fixtures/captures/limit/report/-_0_0_0
core (macos-latest)	Build wheel and source archive	2026-09-07T16:59:12.6643770Z creating dynamo_diff-0.1.0/fixtures/captures/limit/report/-_0_1_0
core (macos-latest)	Build wheel and source archive	2026-09-07T16:59:12.6644320Z creating dynamo_diff-0.1.0/fixtures/captures/limit/report/-_0_2_0
core (macos-latest)	Build wheel and source archive	2026-09-07T16:59:12.6645040Z creating dynamo_diff-0.1.0/fixtures/captures/limit/sources
core (macos-latest)	Build wheel and source archive	2026-09-07T16:59:12.6645400Z creating dynamo_diff-0.1.0/fixtures/captures/multiple_guards
core (macos-latest)	Build wheel and source archive	2026-09-07T16:59:12.6645820Z creating dynamo_diff-0.1.0/fixtures/captures/multiple_guards/raw
core (macos-latest)	Build wheel and source archive	2026-09-07T16:59:12.6646190Z creating dynamo_diff-0.1.0/fixtures/captures/multiple_guards/report
core (macos-latest)	Build wheel and source archive	2026-09-07T16:59:12.6646710Z creating dynamo_diff-0.1.0/fixtures/captures/multiple_guards/report/-_-_-_-
core (macos-latest)	Build wheel and source archive	2026-09-07T16:59:12.6647170Z creating dynamo_diff-0.1.0/fixtures/captures/multiple_guards/report/-_0_0_0
core (macos-latest)	Build wheel and source archive	2026-09-07T16:59:12.6647590Z creating dynamo_diff-0.1.0/fixtures/captures/multiple_guards/report/-_0_1_0
core (macos-latest)	Build wheel and source archive	2026-09-07T16:59:12.6648170Z creating dynamo_diff-0.1.0/fixtures/captures/multiple_guards/report/-_0_2_0
core (macos-latest)	Build wheel and source archive	2026-09-07T16:59:12.6648560Z creating dynamo_diff-0.1.0/fixtures/captures/multiple_guards/sources
core (macos-latest)	Build wheel and source archive	2026-09-07T16:59:12.6648890Z creating dynamo_diff-0.1.0/fixtures/captures/no_graph
core (macos-latest)	Build wheel and source archive	2026-09-07T16:59:12.6649320Z creating dynamo_diff-0.1.0/fixtures/captures/no_graph/raw
core (macos-latest)	Build wheel and source archive	2026-09-07T16:59:12.6649670Z creating dynamo_diff-0.1.0/fixtures/captures/no_graph/report
core (macos-latest)	Build wheel and source archive	2026-09-07T16:59:12.6650030Z creating dynamo_diff-0.1.0/fixtures/captures/no_graph/report/-_-_-_-
core (macos-latest)	Build wheel and source archive	2026-09-07T16:59:12.6650780Z creating dynamo_diff-0.1.0/fixtures/captures/no_graph/report/-_0_0_0
core (macos-latest)	Build wheel and source archive	2026-09-07T16:59:12.6651220Z creating dynamo_diff-0.1.0/fixtures/captures/no_graph/sources
core (macos-latest)	Build wheel and source archive	2026-09-07T16:59:12.6651690Z creating dynamo_diff-0.1.0/fixtures/captures/scalar
core (macos-latest)	Build wheel and source archive	2026-09-07T16:59:12.6652040Z creating dynamo_diff-0.1.0/fixtures/captures/scalar/raw
core (macos-latest)	Build wheel and source archive	2026-09-07T16:59:12.6652420Z creating dynamo_diff-0.1.0/fixtures/captures/scalar/report
core (macos-latest)	Build wheel and source archive	2026-09-07T16:59:12.6652760Z creating dynamo_diff-0.1.0/fixtures/captures/scalar/report/-_-_-_-
core (macos-latest)	Build wheel and source archive	2026-09-07T16:59:12.6653120Z creating dynamo_diff-0.1.0/fixtures/captures/scalar/report/-_0_0_0
core (macos-latest)	Build wheel and source archive	2026-09-07T16:59:12.6653480Z creating dynamo_diff-0.1.0/fixtures/captures/scalar/report/-_0_1_0
core (macos-latest)	Build wheel and source archive	2026-09-07T16:59:12.6653820Z creating dynamo_diff-0.1.0/fixtures/captures/scalar/sources
core (macos-latest)	Build wheel and source archive	2026-09-07T16:59:12.6654280Z creating dynamo_diff-0.1.0/fixtures/captures/shape
core (macos-latest)	Build wheel and source archive	2026-09-07T16:59:12.6654610Z creating dynamo_diff-0.1.0/fixtures/captures/shape/raw
core (macos-latest)	Build wheel and source archive	2026-09-07T16:59:12.6654980Z creating dynamo_diff-0.1.0/fixtures/captures/shape/report
core (macos-latest)	Build wheel and source archive	2026-09-07T16:59:12.6655310Z creating dynamo_diff-0.1.0/fixtures/captures/shape/report/-_-_-_-
core (macos-latest)	Build wheel and source archive	2026-09-07T16:59:12.6656230Z creating dynamo_diff-0.1.0/fixtures/captures/shape/report/-_0_0_0
core (macos-latest)	Build wheel and source archive	2026-09-07T16:59:12.6656650Z creating dynamo_diff-0.1.0/fixtures/captures/shape/report/-_0_1_0
core (macos-latest)	Build wheel and source archive	2026-09-07T16:59:12.6657010Z creating dynamo_diff-0.1.0/fixtures/captures/shape/sources
core (macos-latest)	Build wheel and source archive	2026-09-07T16:59:12.6657310Z creating dynamo_diff-0.1.0/fixtures/captures/stable
core (macos-latest)	Build wheel and source archive	2026-09-07T16:59:12.6657600Z creating dynamo_diff-0.1.0/fixtures/captures/stable/raw
core (macos-latest)	Build wheel and source archive	2026-09-07T16:59:12.6657980Z creating dynamo_diff-0.1.0/fixtures/captures/stable/report
core (macos-latest)	Build wheel and source archive	2026-09-07T16:59:12.6658360Z creating dynamo_diff-0.1.0/fixtures/captures/stable/report/-_-_-_-
core (macos-latest)	Build wheel and source archive	2026-09-07T16:59:12.6658730Z creating dynamo_diff-0.1.0/fixtures/captures/stable/report/-_0_0_0
core (macos-latest)	Build wheel and source archive	2026-09-07T16:59:12.6659440Z creating dynamo_diff-0.1.0/fixtures/captures/stable/sources
core (macos-latest)	Build wheel and source archive	2026-09-07T16:59:12.6659730Z creating dynamo_diff-0.1.0/fixtures/workloads
core (macos-latest)	Build wheel and source archive	2026-09-07T16:59:12.6659980Z creating dynamo_diff-0.1.0/src/dynamo_diff
core (macos-latest)	Build wheel and source archive	2026-09-07T16:59:12.6660230Z creating dynamo_diff-0.1.0/src/dynamo_diff.egg-info
core (macos-latest)	Build wheel and source archive	2026-09-07T16:59:12.6660500Z creating dynamo_diff-0.1.0/src/dynamo_diff/adapters
core (macos-latest)	Build wheel and source archive	2026-09-07T16:59:12.6660740Z creating dynamo_diff-0.1.0/tests
core (macos-latest)	Build wheel and source archive	2026-09-07T16:59:12.6660960Z creating dynamo_diff-0.1.0/tools
core (macos-latest)	Build wheel and source archive	2026-09-07T16:59:12.6661200Z copying files to dynamo_diff-0.1.0...
core (macos-latest)	Build wheel and source archive	2026-09-07T16:59:12.6661450Z copying LICENSE -> dynamo_diff-0.1.0
core (macos-latest)	Build wheel and source archive	2026-09-07T16:59:12.6661720Z copying MANIFEST.in -> dynamo_diff-0.1.0
core (macos-latest)	Build wheel and source archive	2026-09-07T16:59:12.6661960Z copying README.md -> dynamo_diff-0.1.0
core (macos-latest)	Build wheel and source archive	2026-09-07T16:59:12.6662220Z copying pyproject.toml -> dynamo_diff-0.1.0
core (macos-latest)	Build wheel and source archive	2026-09-07T16:59:12.6662560Z copying requirements-case-study.lock -> dynamo_diff-0.1.0
core (macos-latest)	Build wheel and source archive	2026-09-07T16:59:12.6662900Z copying requirements-dev.lock -> dynamo_diff-0.1.0
core (macos-latest)	Build wheel and source archive	2026-09-07T16:59:12.6663230Z copying requirements-test.lock -> dynamo_diff-0.1.0
core (macos-latest)	Build wheel and source archive	2026-09-07T16:59:12.6663690Z copying .github/workflows/ci.yml -> dynamo_diff-0.1.0/.github/workflows
core (macos-latest)	Build wheel and source archive	2026-09-07T16:59:12.6664140Z copying artifacts/demo/cli-002/receipt.json -> dynamo_diff-0.1.0/artifacts/demo/cli-002
core (macos-latest)	Build wheel and source archive	2026-09-07T16:59:12.6664670Z copying artifacts/demo/cli-002/transcript.txt -> dynamo_diff-0.1.0/artifacts/demo/cli-002
core (macos-latest)	Build wheel and source archive	2026-09-07T16:59:12.6665170Z copying artifacts/demo/cli-002/walkthrough.cast -> dynamo_diff-0.1.0/artifacts/demo/cli-002
core (macos-latest)	Build wheel and source archive	2026-09-07T16:59:12.6665690Z copying artifacts/demo/cli-003/receipt.json -> dynamo_diff-0.1.0/artifacts/demo/cli-003
core (macos-latest)	Build wheel and source archive	2026-09-07T16:59:12.6666350Z copying artifacts/demo/cli-003/transcript.txt -> dynamo_diff-0.1.0/artifacts/demo/cli-003
core (macos-latest)	Build wheel and source archive	2026-09-07T16:59:12.6666870Z copying artifacts/demo/cli-003/walkthrough.cast -> dynamo_diff-0.1.0/artifacts/demo/cli-003
core (macos-latest)	Build wheel and source archive	2026-09-07T16:59:12.6667360Z copying benchmarks/check_regression.py -> dynamo_diff-0.1.0/benchmarks
core (macos-latest)	Build wheel and source archive	2026-09-07T16:59:12.6667810Z copying benchmarks/conversion_costs.py -> dynamo_diff-0.1.0/benchmarks
core (macos-latest)	Build wheel and source archive	2026-09-07T16:59:12.6668290Z copying benchmarks/import_scaling.py -> dynamo_diff-0.1.0/benchmarks
core (macos-latest)	Build wheel and source archive	2026-09-07T16:59:12.6669180Z copying benchmarks/agent_pilot/ANSWER_REVIEW.md -> dynamo_diff-0.1.0/benchmarks/agent_pilot
core (macos-latest)	Build wheel and source archive	2026-09-07T16:59:12.6669760Z copying benchmarks/agent_pilot/PROTOCOL.md -> dynamo_diff-0.1.0/benchmarks/agent_pilot
core (macos-latest)	Build wheel and source archive	2026-09-07T16:59:12.6670260Z copying benchmarks/agent_pilot/README.md -> dynamo_diff-0.1.0/benchmarks/agent_pilot
core (macos-latest)	Build wheel and source archive	2026-09-07T16:59:12.6671640Z copying benchmarks/agent_pilot/answer-key.json -> dynamo_diff-0.1.0/benchmarks/agent_pilot
core (macos-latest)	Build wheel and source archive	2026-09-07T16:59:12.6673200Z copying benchmarks/agent_pilot/diagnose_formatting.py -> dynamo_diff-0.1.0/benchmarks/agent_pilot
core (macos-latest)	Build wheel and source archive	2026-09-07T16:59:12.6674610Z copying benchmarks/agent_pilot/driver.py.in -> dynamo_diff-0.1.0/benchmarks/agent_pilot
core (macos-latest)	Build wheel and source archive	2026-09-07T16:59:12.6675910Z copying benchmarks/agent_pilot/generate.py -> dynamo_diff-0.1.0/benchmarks/agent_pilot
core (macos-latest)	Build wheel and source archive	2026-09-07T16:59:12.6677230Z copying benchmarks/agent_pilot/preflight.json -> dynamo_diff-0.1.0/benchmarks/agent_pilot
core (macos-latest)	Build wheel and source archive	2026-09-07T16:59:12.6678550Z copying benchmarks/agent_pilot/questions.json -> dynamo_diff-0.1.0/benchmarks/agent_pilot
core (macos-latest)	Build wheel and source archive	2026-09-07T16:59:12.6679800Z copying benchmarks/agent_pilot/run.py -> dynamo_diff-0.1.0/benchmarks/agent_pilot
core (macos-latest)	Build wheel and source archive	2026-09-07T16:59:12.6680980Z copying benchmarks/agent_pilot/score.py -> dynamo_diff-0.1.0/benchmarks/agent_pilot
core (macos-latest)	Build wheel and source archive	2026-09-07T16:59:12.6682520Z copying benchmarks/agent_pilot/test_formatting.py -> dynamo_diff-0.1.0/benchmarks/agent_pilot
core (macos-latest)	Build wheel and source archive	2026-09-07T16:59:12.6683850Z copying benchmarks/agent_pilot/test_harness.py -> dynamo_diff-0.1.0/benchmarks/agent_pilot
core (macos-latest)	Build wheel and source archive	2026-09-07T16:59:12.6685140Z copying benchmarks/agent_pilot/test_scoring.py -> dynamo_diff-0.1.0/benchmarks/agent_pilot
core (macos-latest)	Build wheel and source archive	2026-09-07T16:59:12.6686650Z copying benchmarks/agent_pilot/corpus/implementation-freeze.json -> dynamo_diff-0.1.0/benchmarks/agent_pilot/corpus
core (macos-latest)	Build wheel and source archive	2026-09-07T16:59:12.6688520Z copying benchmarks/agent_pilot/corpus/captures/q01/a/conversion.txt -> dynamo_diff-0.1.0/benchmarks/agent_pilot/corpus/captures/q01/a
core (macos-latest)	Build wheel and source archive	2026-09-07T16:59:12.6691400Z copying benchmarks/agent_pilot/corpus/captures/q01/a/manifest.json -> dynamo_diff-0.1.0/benchmarks/agent_pilot/corpus/captures/q01/a
core (macos-latest)	Build wheel and source archive	2026-09-07T16:59:12.6693310Z copying benchmarks/agent_pilot/corpus/captures/q01/a/stderr.txt -> dynamo_diff-0.1.0/benchmarks/agent_pilot/corpus/captures/q01/a
core (macos-latest)	Build wheel and source archive	2026-09-07T16:59:12.6695180Z copying benchmarks/agent_pilot/corpus/captures/q01/a/stdout.txt -> dynamo_diff-0.1.0/benchmarks/agent_pilot/corpus/captures/q01/a
core (macos-latest)	Build wheel and source archive	2026-09-07T16:59:12.6697180Z copying benchmarks/agent_pilot/corpus/captures/q01/a/workload-result.json -> dynamo_diff-0.1.0/benchmarks/agent_pilot/corpus/captures/q01/a
core (macos-latest)	Build wheel and source archive	2026-09-07T16:59:12.6699210Z copying benchmarks/agent_pilot/corpus/captures/q01/a/raw/trace.log -> dynamo_diff-0.1.0/benchmarks/agent_pilot/corpus/captures/q01/a/raw
core (macos-latest)	Build wheel and source archive	2026-09-07T16:59:12.6702340Z copying benchmarks/agent_pilot/corpus/captures/q01/a/report/chromium_events.json -> dynamo_diff-0.1.0/benchmarks/agent_pilot/corpus/captures/q01/a/report
core (macos-latest)	Build wheel and source archive	2026-09-07T16:59:12.6707060Z copying benchmarks/agent_pilot/corpus/captures/q01/a/report/compile_directory.json -> dynamo_diff-0.1.0/benchmarks/agent_pilot/corpus/captures/q01/a/report
core (macos-latest)	Build wheel and source archive	2026-09-07T16:59:12.6709260Z copying benchmarks/agent_pilot/corpus/captures/q01/a/report/failures_and_restarts.html -> dynamo_diff-0.1.0/benchmarks/agent_pilot/corpus/captures/q01/a/report
core (macos-latest)	Build wheel and source archive	2026-09-07T16:59:12.6710230Z copying benchmarks/agent_pilot/corpus/captures/q01/a/report/index.html -> dynamo_diff-0.1.0/benchmarks/agent_pilot/corpus/captures/q01/a/report
core (macos-latest)	Build wheel and source archive	2026-09-07T16:59:12.6711510Z copying benchmarks/agent_pilot/corpus/captures/q01/a/report/raw.jsonl -> dynamo_diff-0.1.0/benchmarks/agent_pilot/corpus/captures/q01/a/report
core (macos-latest)	Build wheel and source archive	2026-09-07T16:59:12.6712390Z copying benchmarks/agent_pilot/corpus/captures/q01/a/report/raw.log -> dynamo_diff-0.1.0/benchmarks/agent_pilot/corpus/captures/q01/a/report
core (macos-latest)	Build wheel and source archive	2026-09-07T16:59:12.6714310Z copying benchmarks/agent_pilot/corpus/captures/q01/a/report/-_-_-_-/torch_version_0.json -> dynamo_diff-0.1.0/benchmarks/agent_pilot/corpus/captures/q01/a/report/-_-_-_-
core (macos-latest)	Build wheel and source archive	2026-09-07T16:59:12.6716090Z copying benchmarks/agent_pilot/corpus/captures/q01/a/report/-_0_0_0/compilation_metrics_3.html -> dynamo_diff-0.1.0/benchmarks/agent_pilot/corpus/captures/q01/a/report/-_0_0_0
core (macos-latest)	Build wheel and source archive	2026-09-07T16:59:12.6717730Z copying benchmarks/agent_pilot/corpus/captures/q01/a/report/-_0_0_0/dynamo_cpp_guards_str_2.txt -> dynamo_diff-0.1.0/benchmarks/agent_pilot/corpus/captures/q01/a/report/-_0_0_0
core (macos-latest)	Build wheel and source archive	2026-09-07T16:59:12.6718690Z copying benchmarks/agent_pilot/corpus/captures/q01/a/report/-_0_0_0/dynamo_output_graph_1.txt -> dynamo_diff-0.1.0/benchmarks/agent_pilot/corpus/captures/q01/a/report/-_0_0_0
core (macos-latest)	Build wheel and source archive	2026-09-07T16:59:12.6719790Z copying benchmarks/agent_pilot/corpus/captures/q01/a/report/-_0_1_0/compilation_metrics_7.html -> dynamo_diff-0.1.0/benchmarks/agent_pilot/corpus/captures/q01/a/report/-_0_1_0
core (macos-latest)	Build wheel and source archive	2026-09-07T16:59:12.6720910Z copying benchmarks/agent_pilot/corpus/captures/q01/a/report/-_0_1_0/dynamo_cpp_guards_str_6.txt -> dynamo_diff-0.1.0/benchmarks/agent_pilot/corpus/captures/q01/a/report/-_0_1_0
core (macos-latest)	Build wheel and source archive	2026-09-07T16:59:12.6721980Z copying benchmarks/agent_pilot/corpus/captures/q01/a/report/-_0_1_0/dynamo_output_graph_5.txt -> dynamo_diff-0.1.0/benchmarks/agent_pilot/corpus/captures/q01/a/report/-_0_1_0
core (macos-latest)	Build wheel and source archive	2026-09-07T16:59:12.6722970Z copying benchmarks/agent_pilot/corpus/captures/q01/a/report/-_0_1_0/recompile_reasons_4.json -> dynamo_diff-0.1.0/benchmarks/agent_pilot/corpus/captures/q01/a/report/-_0_1_0
core (macos-latest)	Build wheel and source archive	2026-09-07T16:59:12.6723940Z copying benchmarks/agent_pilot/corpus/captures/q01/a/sources/model.py -> dynamo_diff-0.1.0/benchmarks/agent_pilot/corpus/captures/q01/a/sources
core (macos-latest)	Build wheel and source archive	2026-09-07T16:59:12.6724720Z copying benchmarks/agent_pilot/corpus/captures/q02/a/conversion.txt -> dynamo_diff-0.1.0/benchmarks/agent_pilot/corpus/captures/q02/a
core (macos-latest)	Build wheel and source archive	2026-09-07T16:59:12.6725480Z copying benchmarks/agent_pilot/corpus/captures/q02/a/manifest.json -> dynamo_diff-0.1.0/benchmarks/agent_pilot/corpus/captures/q02/a
core (macos-latest)	Build wheel and source archive	2026-09-07T16:59:12.6726490Z copying benchmarks/agent_pilot/corpus/captures/q02/a/stderr.txt -> dynamo_diff-0.1.0/benchmarks/agent_pilot/corpus/captures/q02/a
core (macos-latest)	Build wheel and source archive	2026-09-07T16:59:12.6727240Z copying benchmarks/agent_pilot/corpus/captures/q02/a/stdout.txt -> dynamo_diff-0.1.0/benchmarks/agent_pilot/corpus/captures/q02/a
core (macos-latest)	Build wheel and source archive	2026-09-07T16:59:12.6728540Z copying benchmarks/agent_pilot/corpus/captures/q02/a/workload-result.json -> dynamo_diff-0.1.0/benchmarks/agent_pilot/corpus/captures/q02/a
core (macos-latest)	Build wheel and source archive	2026-09-07T16:59:12.6729480Z copying benchmarks/agent_pilot/corpus/captures/q02/a/raw/trace.log -> dynamo_diff-0.1.0/benchmarks/agent_pilot/corpus/captures/q02/a/raw
core (macos-latest)	Build wheel and source archive	2026-09-07T16:59:12.6730480Z copying benchmarks/agent_pilot/corpus/captures/q02/a/report/chromium_events.json -> dynamo_diff-0.1.0/benchmarks/agent_pilot/corpus/captures/q02/a/report
core (macos-latest)	Build wheel and source archive	2026-09-07T16:59:12.6732070Z copying benchmarks/agent_pilot/corpus/captures/q02/a/report/compile_directory.json -> dynamo_diff-0.1.0/benchmarks/agent_pilot/corpus/captures/q02/a/report
core (macos-latest)	Build wheel and source archive	2026-09-07T16:59:12.6733000Z copying benchmarks/agent_pilot/corpus/captures/q02/a/report/failures_and_restarts.html -> dynamo_diff-0.1.0/benchmarks/agent_pilot/corpus/captures/q02/a/report
core (macos-latest)	Build wheel and source archive	2026-09-07T16:59:12.6733930Z copying benchmarks/agent_pilot/corpus/captures/q02/a/report/index.html -> dynamo_diff-0.1.0/benchmarks/agent_pilot/corpus/captures/q02/a/report
core (macos-latest)	Build wheel and source archive	2026-09-07T16:59:12.6735040Z copying benchmarks/agent_pilot/corpus/captures/q02/a/report/raw.jsonl -> dynamo_diff-0.1.0/benchmarks/agent_pilot/corpus/captures/q02/a/report
core (macos-latest)	Build wheel and source archive	2026-09-07T16:59:12.6736010Z copying benchmarks/agent_pilot/corpus/captures/q02/a/report/raw.log -> dynamo_diff-0.1.0/benchmarks/agent_pilot/corpus/captures/q02/a/report
core (macos-latest)	Build wheel and source archive	2026-09-07T16:59:12.6736950Z copying benchmarks/agent_pilot/corpus/captures/q02/a/report/-_-_-_-/torch_version_0.json -> dynamo_diff-0.1.0/benchmarks/agent_pilot/corpus/captures/q02/a/report/-_-_-_-
core (macos-latest)	Build wheel and source archive	2026-09-07T16:59:12.6738070Z copying benchmarks/agent_pilot/corpus/captures/q02/a/report/-_0_0_0/compilation_metrics_3.html -> dynamo_diff-0.1.0/benchmarks/agent_pilot/corpus/captures/q02/a/report/-_0_0_0
core (macos-latest)	Build wheel and source archive	2026-09-07T16:59:12.6739120Z copying benchmarks/agent_pilot/corpus/captures/q02/a/report/-_0_0_0/dynamo_cpp_guards_str_2.txt -> dynamo_diff-0.1.0/benchmarks/agent_pilot/corpus/captures/q02/a/report/-_0_0_0
core (macos-latest)	Build wheel and source archive	2026-09-07T16:59:12.6740400Z copying benchmarks/agent_pilot/corpus/captures/q02/a/report/-_0_0_0/dynamo_output_graph_1.txt -> dynamo_diff-0.1.0/benchmarks/agent_pilot/corpus/captures/q02/a/report/-_0_0_0
core (macos-latest)	Build wheel and source archive	2026-09-07T16:59:12.6741420Z copying benchmarks/agent_pilot/corpus/captures/q02/a/report/-_0_1_0/compilation_metrics_7.html -> dynamo_diff-0.1.0/benchmarks/agent_pilot/corpus/captures/q02/a/report/-_0_1_0
core (macos-latest)	Build wheel and source archive	2026-09-07T16:59:12.6742410Z copying benchmarks/agent_pilot/corpus/captures/q02/a/report/-_0_1_0/dynamo_cpp_guards_str_6.txt -> dynamo_diff-0.1.0/benchmarks/agent_pilot/corpus/captures/q02/a/report/-_0_1_0
core (macos-latest)	Build wheel and source archive	2026-09-07T16:59:12.6744360Z copying benchmarks/agent_pilot/corpus/captures/q02/a/report/-_0_1_0/dynamo_output_graph_5.txt -> dynamo_diff-0.1.0/benchmarks/agent_pilot/corpus/captures/q02/a/report/-_0_1_0
core (macos-latest)	Build wheel and source archive	2026-09-07T16:59:12.6745980Z copying benchmarks/agent_pilot/corpus/captures/q02/a/report/-_0_1_0/recompile_reasons_4.json -> dynamo_diff-0.1.0/benchmarks/agent_pilot/corpus/captures/q02/a/report/-_0_1_0
core (macos-latest)	Build wheel and source archive	2026-09-07T16:59:12.6747170Z copying benchmarks/agent_pilot/corpus/captures/q02/a/report/-_0_2_0/compilation_metrics_11.html -> dynamo_diff-0.1.0/benchmarks/agent_pilot/corpus/captures/q02/a/report/-_0_2_0
core (macos-latest)	Build wheel and source archive	2026-09-07T16:59:12.6748190Z copying benchmarks/agent_pilot/corpus/captures/q02/a/report/-_0_2_0/dynamo_cpp_guards_str_10.txt -> dynamo_diff-0.1.0/benchmarks/agent_pilot/corpus/captures/q02/a/report/-_0_2_0
core (macos-latest)	Build wheel and source archive	2026-09-07T16:59:12.6749340Z copying benchmarks/agent_pilot/corpus/captures/q02/a/report/-_0_2_0/dynamo_output_graph_9.txt -> dynamo_diff-0.1.0/benchmarks/agent_pilot/corpus/captures/q02/a/report/-_0_2_0
core (macos-latest)	Build wheel and source archive	2026-09-07T16:59:12.6750460Z copying benchmarks/agent_pilot/corpus/captures/q02/a/report/-_0_2_0/recompile_reasons_8.json -> dynamo_diff-0.1.0/benchmarks/agent_pilot/corpus/captures/q02/a/report/-_0_2_0
core (macos-latest)	Build wheel and source archive	2026-09-07T16:59:12.6751970Z copying benchmarks/agent_pilot/corpus/captures/q02/a/sources/model.py -> dynamo_diff-0.1.0/benchmarks/agent_pilot/corpus/captures/q02/a/sources
core (macos-latest)	Build wheel and source archive	2026-09-07T16:59:12.6752830Z copying benchmarks/agent_pilot/corpus/captures/q03/a/conversion.txt -> dynamo_diff-0.1.0/benchmarks/agent_pilot/corpus/captures/q03/a
core (macos-latest)	Build wheel and source archive	2026-09-07T16:59:12.6753720Z copying benchmarks/agent_pilot/corpus/captures/q03/a/manifest.json -> dynamo_diff-0.1.0/benchmarks/agent_pilot/corpus/captures/q03/a
core (macos-latest)	Build wheel and source archive	2026-09-07T16:59:12.6755100Z copying benchmarks/agent_pilot/corpus/captures/q03/a/stderr.txt -> dynamo_diff-0.1.0/benchmarks/agent_pilot/corpus/captures/q03/a
core (macos-latest)	Build wheel and source archive	2026-09-07T16:59:12.6756020Z copying benchmarks/agent_pilot/corpus/captures/q03/a/stdout.txt -> dynamo_diff-0.1.0/benchmarks/agent_pilot/corpus/captures/q03/a
core (macos-latest)	Build wheel and source archive	2026-09-07T16:59:12.6756910Z copying benchmarks/agent_pilot/corpus/captures/q03/a/workload-result.json -> dynamo_diff-0.1.0/benchmarks/agent_pilot/corpus/captures/q03/a
core (macos-latest)	Build wheel and source archive	2026-09-07T16:59:12.6757840Z copying benchmarks/agent_pilot/corpus/captures/q03/a/raw/trace.log -> dynamo_diff-0.1.0/benchmarks/agent_pilot/corpus/captures/q03/a/raw
core (macos-latest)	Build wheel and source archive	2026-09-07T16:59:12.6758750Z copying benchmarks/agent_pilot/corpus/captures/q03/a/report/chromium_events.json -> dynamo_diff-0.1.0/benchmarks/agent_pilot/corpus/captures/q03/a/report
core (macos-latest)	Build wheel and source archive	2026-09-07T16:59:12.6760250Z copying benchmarks/agent_pilot/corpus/captures/q03/a/report/compile_directory.json -> dynamo_diff-0.1.0/benchmarks/agent_pilot/corpus/captures/q03/a/report
core (macos-latest)	Build wheel and source archive	2026-09-07T16:59:12.6761190Z copying benchmarks/agent_pilot/corpus/captures/q03/a/report/failures_and_restarts.html -> dynamo_diff-0.1.0/benchmarks/agent_pilot/corpus/captures/q03/a/report
core (macos-latest)	Build wheel and source archive	2026-09-07T16:59:12.6762410Z copying benchmarks/agent_pilot/corpus/captures/q03/a/report/index.html -> dynamo_diff-0.1.0/benchmarks/agent_pilot/corpus/captures/q03/a/report
core (macos-latest)	Build wheel and source archive	2026-09-07T16:59:12.6764330Z copying benchmarks/agent_pilot/corpus/captures/q03/a/report/raw.jsonl -> dynamo_diff-0.1.0/benchmarks/agent_pilot/corpus/captures/q03/a/report
core (macos-latest)	Build wheel and source archive	2026-09-07T16:59:12.6765200Z copying benchmarks/agent_pilot/corpus/captures/q03/a/report/raw.log -> dynamo_diff-0.1.0/benchmarks/agent_pilot/corpus/captures/q03/a/report
core (macos-latest)	Build wheel and source archive	2026-09-07T16:59:12.6766800Z copying benchmarks/agent_pilot/corpus/captures/q03/a/report/-_-_-_-/torch_version_0.json -> dynamo_diff-0.1.0/benchmarks/agent_pilot/corpus/captures/q03/a/report/-_-_-_-
core (macos-latest)	Build wheel and source archive	2026-09-07T16:59:12.6767950Z copying benchmarks/agent_pilot/corpus/captures/q03/a/report/-_0_0_0/compilation_metrics_3.html -> dynamo_diff-0.1.0/benchmarks/agent_pilot/corpus/captures/q03/a/report/-_0_0_0
core (macos-latest)	Build wheel and source archive	2026-09-07T16:59:12.6769100Z copying benchmarks/agent_pilot/corpus/captures/q03/a/report/-_0_0_0/dynamo_cpp_guards_str_2.txt -> dynamo_diff-0.1.0/benchmarks/agent_pilot/corpus/captures/q03/a/report/-_0_0_0
core (macos-latest)	Build wheel and source archive	2026-09-07T16:59:12.6770190Z copying benchmarks/agent_pilot/corpus/captures/q03/a/report/-_0_0_0/dynamo_output_graph_1.txt -> dynamo_diff-0.1.0/benchmarks/agent_pilot/corpus/captures/q03/a/report/-_0_0_0
core (macos-latest)	Build wheel and source archive	2026-09-07T16:59:12.6771340Z copying benchmarks/agent_pilot/corpus/captures/q03/a/report/-_0_1_0/compilation_metrics_7.html -> dynamo_diff-0.1.0/benchmarks/agent_pilot/corpus/captures/q03/a/report/-_0_1_0
core (macos-latest)	Build wheel and source archive	2026-09-07T16:59:12.6773830Z copying benchmarks/agent_pilot/corpus/captures/q03/a/report/-_0_1_0/dynamo_cpp_guards_str_6.txt -> dynamo_diff-0.1.0/benchmarks/agent_pilot/corpus/captures/q03/a/report/-_0_1_0
core (macos-latest)	Build wheel and source archive	2026-09-07T16:59:12.6774940Z copying benchmarks/agent_pilot/corpus/captures/q03/a/report/-_0_1_0/dynamo_output_graph_5.txt -> dynamo_diff-0.1.0/benchmarks/agent_pilot/corpus/captures/q03/a/report/-_0_1_0
core (macos-latest)	Build wheel and source archive	2026-09-07T16:59:12.6776370Z copying benchmarks/agent_pilot/corpus/captures/q03/a/report/-_0_1_0/recompile_reasons_4.json -> dynamo_diff-0.1.0/benchmarks/agent_pilot/corpus/captures/q03/a/report/-_0_1_0
core (macos-latest)	Build wheel and source archive	2026-09-07T16:59:12.6779370Z copying benchmarks/agent_pilot/corpus/captures/q03/a/report/-_0_2_0/compilation_metrics_11.html -> dynamo_diff-0.1.0/benchmarks/agent_pilot/corpus/captures/q03/a/report/-_0_2_0
core (macos-latest)	Build wheel and source archive	2026-09-07T16:59:12.6783190Z copying benchmarks/agent_pilot/corpus/captures/q03/a/report/-_0_2_0/dynamo_cpp_guards_str_10.txt -> dynamo_diff-0.1.0/benchmarks/agent_pilot/corpus/captures/q03/a/report/-_0_2_0
core (macos-latest)	Build wheel and source archive	2026-09-07T16:59:12.6785870Z copying benchmarks/agent_pilot/corpus/captures/q03/a/report/-_0_2_0/dynamo_output_graph_9.txt -> dynamo_diff-0.1.0/benchmarks/agent_pilot/corpus/captures/q03/a/report/-_0_2_0
core (macos-latest)	Build wheel and source archive	2026-09-07T16:59:12.6787050Z copying benchmarks/agent_pilot/corpus/captures/q03/a/report/-_0_2_0/recompile_reasons_8.json -> dynamo_diff-0.1.0/benchmarks/agent_pilot/corpus/captures/q03/a/report/-_0_2_0
core (macos-latest)	Build wheel and source archive	2026-09-07T16:59:12.6788090Z copying benchmarks/agent_pilot/corpus/captures/q03/a/sources/model.py -> dynamo_diff-0.1.0/benchmarks/agent_pilot/corpus/captures/q03/a/sources
core (macos-latest)	Build wheel and source archive	2026-09-07T16:59:12.6788990Z copying benchmarks/agent_pilot/corpus/captures/q03/b/conversion.txt -> dynamo_diff-0.1.0/benchmarks/agent_pilot/corpus/captures/q03/b
core (macos-latest)	Build wheel and source archive	2026-09-07T16:59:12.6789890Z copying benchmarks/agent_pilot/corpus/captures/q03/b/manifest.json -> dynamo_diff-0.1.0/benchmarks/agent_pilot/corpus/captures/q03/b
core (macos-latest)	Build wheel and source archive	2026-09-07T16:59:12.6790750Z copying benchmarks/agent_pilot/corpus/captures/q03/b/stderr.txt -> dynamo_diff-0.1.0/benchmarks/agent_pilot/corpus/captures/q03/b
core (macos-latest)	Build wheel and source archive	2026-09-07T16:59:12.6791600Z copying benchmarks/agent_pilot/corpus/captures/q03/b/stdout.txt -> dynamo_diff-0.1.0/benchmarks/agent_pilot/corpus/captures/q03/b
core (macos-latest)	Build wheel and source archive	2026-09-07T16:59:12.6793350Z copying benchmarks/agent_pilot/corpus/captures/q03/b/workload-result.json -> dynamo_diff-0.1.0/benchmarks/agent_pilot/corpus/captures/q03/b
core (macos-latest)	Build wheel and source archive	2026-09-07T16:59:12.6795610Z copying benchmarks/agent_pilot/corpus/captures/q03/b/raw/trace.log -> dynamo_diff-0.1.0/benchmarks/agent_pilot/corpus/captures/q03/b/raw
core (macos-latest)	Build wheel and source archive	2026-09-07T16:59:12.6797420Z copying benchmarks/agent_pilot/corpus/captures/q03/b/report/chromium_events.json -> dynamo_diff-0.1.0/benchmarks/agent_pilot/corpus/captures/q03/b/report
core (macos-latest)	Build wheel and source archive	2026-09-07T16:59:12.6798600Z copying benchmarks/agent_pilot/corpus/captures/q03/b/report/compile_directory.json -> dynamo_diff-0.1.0/benchmarks/agent_pilot/corpus/captures/q03/b/report
core (macos-latest)	Build wheel and source archive	2026-09-07T16:59:12.6800750Z copying benchmarks/agent_pilot/corpus/captures/q03/b/report/failures_and_restarts.html -> dynamo_diff-0.1.0/benchmarks/agent_pilot/corpus/captures/q03/b/report
core (macos-latest)	Build wheel and source archive	2026-09-07T16:59:12.6801620Z copying benchmarks/agent_pilot/corpus/captures/q03/b/report/index.html -> dynamo_diff-0.1.0/benchmarks/agent_pilot/corpus/captures/q03/b/report
core (macos-latest)	Build wheel and source archive	2026-09-07T16:59:12.6802510Z copying benchmarks/agent_pilot/corpus/captures/q03/b/report/raw.jsonl -> dynamo_diff-0.1.0/benchmarks/agent_pilot/corpus/captures/q03/b/report
core (macos-latest)	Build wheel and source archive	2026-09-07T16:59:12.6803410Z copying benchmarks/agent_pilot/corpus/captures/q03/b/report/raw.log -> dynamo_diff-0.1.0/benchmarks/agent_pilot/corpus/captures/q03/b/report
core (macos-latest)	Build wheel and source archive	2026-09-07T16:59:12.6804360Z copying benchmarks/agent_pilot/corpus/captures/q03/b/report/-_-_-_-/torch_version_0.json -> dynamo_diff-0.1.0/benchmarks/agent_pilot/corpus/captures/q03/b/report/-_-_-_-
core (macos-latest)	Build wheel and source archive	2026-09-07T16:59:12.6805410Z copying benchmarks/agent_pilot/corpus/captures/q03/b/report/-_0_0_0/compilation_metrics_3.html -> dynamo_diff-0.1.0/benchmarks/agent_pilot/corpus/captures/q03/b/report/-_0_0_0
core (macos-latest)	Build wheel and source archive	2026-09-07T16:59:12.6806410Z copying benchmarks/agent_pilot/corpus/captures/q03/b/report/-_0_0_0/dynamo_cpp_guards_str_2.txt -> dynamo_diff-0.1.0/benchmarks/agent_pilot/corpus/captures/q03/b/report/-_0_0_0
core (macos-latest)	Build wheel and source archive	2026-09-07T16:59:12.6808850Z copying benchmarks/agent_pilot/corpus/captures/q03/b/report/-_0_0_0/dynamo_output_graph_1.txt -> dynamo_diff-0.1.0/benchmarks/agent_pilot/corpus/captures/q03/b/report/-_0_0_0
core (macos-latest)	Build wheel and source archive	2026-09-07T16:59:12.6811240Z copying benchmarks/agent_pilot/corpus/captures/q03/b/sources/model.py -> dynamo_diff-0.1.0/benchmarks/agent_pilot/corpus/captures/q03/b/sources
core (macos-latest)	Build wheel and source archive	2026-09-07T16:59:12.6812790Z copying benchmarks/agent_pilot/corpus/captures/q04/a/conversion.txt -> dynamo_diff-0.1.0/benchmarks/agent_pilot/corpus/captures/q04/a
core (macos-latest)	Build wheel and source archive	2026-09-07T16:59:12.6813650Z copying benchmarks/agent_pilot/corpus/captures/q04/a/manifest.json -> dynamo_diff-0.1.0/benchmarks/agent_pilot/corpus/captures/q04/a
core (macos-latest)	Build wheel and source archive	2026-09-07T16:59:12.6814750Z copying benchmarks/agent_pilot/corpus/captures/q04/a/stderr.txt -> dynamo_diff-0.1.0/benchmarks/agent_pilot/corpus/captures/q04/a
core (macos-latest)	Build wheel and source archive	2026-09-07T16:59:12.6815940Z copying benchmarks/agent_pilot/corpus/captures/q04/a/stdout.txt -> dynamo_diff-0.1.0/benchmarks/agent_pilot/corpus/captures/q04/a
core (macos-latest)	Build wheel and source archive	2026-09-07T16:59:12.6818100Z copying benchmarks/agent_pilot/corpus/captures/q04/a/workload-result.json -> dynamo_diff-0.1.0/benchmarks/agent_pilot/corpus/captures/q04/a
core (macos-latest)	Build wheel and source archive	2026-09-07T16:59:12.6820180Z copying benchmarks/agent_pilot/corpus/captures/q04/a/raw/trace.log -> dynamo_diff-0.1.0/benchmarks/agent_pilot/corpus/captures/q04/a/raw
core (macos-latest)	Build wheel and source archive	2026-09-07T16:59:12.6824200Z copying benchmarks/agent_pilot/corpus/captures/q04/a/report/chromium_events.json -> dynamo_diff-0.1.0/benchmarks/agent_pilot/corpus/captures/q04/a/report
core (macos-latest)	Build wheel and source archive	2026-09-07T16:59:12.6826510Z copying benchmarks/agent_pilot/corpus/captures/q04/a/report/compile_directory.json -> dynamo_diff-0.1.0/benchmarks/agent_pilot/corpus/captures/q04/a/report
core (macos-latest)	Build wheel and source archive	2026-09-07T16:59:12.6828850Z copying benchmarks/agent_pilot/corpus/captures/q04/a/report/failures_and_restarts.html -> dynamo_diff-0.1.0/benchmarks/agent_pilot/corpus/captures/q04/a/report
core (macos-latest)	Build wheel and source archive	2026-09-07T16:59:12.6831580Z copying benchmarks/agent_pilot/corpus/captures/q04/a/report/index.html -> dynamo_diff-0.1.0/benchmarks/agent_pilot/corpus/captures/q04/a/report
core (macos-latest)	Build wheel and source archive	2026-09-07T16:59:12.6833840Z copying benchmarks/agent_pilot/corpus/captures/q04/a/report/raw.jsonl -> dynamo_diff-0.1.0/benchmarks/agent_pilot/corpus/captures/q04/a/report
core (macos-latest)	Build wheel and source archive	2026-09-07T16:59:12.6836060Z copying benchmarks/agent_pilot/corpus/captures/q04/a/report/raw.log -> dynamo_diff-0.1.0/benchmarks/agent_pilot/corpus/captures/q04/a/report
core (macos-latest)	Build wheel and source archive	2026-09-07T16:59:12.6838620Z copying benchmarks/agent_pilot/corpus/captures/q04/a/report/-_-_-_-/torch_version_0.json -> dynamo_diff-0.1.0/benchmarks/agent_pilot/corpus/captures/q04/a/report/-_-_-_-
core (macos-latest)	Build wheel and source archive	2026-09-07T16:59:12.6843070Z copying benchmarks/agent_pilot/corpus/captures/q04/a/report/-_0_0_0/compilation_metrics_3.html -> dynamo_diff-0.1.0/benchmarks/agent_pilot/corpus/captures/q04/a/report/-_0_0_0
core (macos-latest)	Build wheel and source archive	2026-09-07T16:59:12.6848720Z copying benchmarks/agent_pilot/corpus/captures/q04/a/report/-_0_0_0/dynamo_cpp_guards_str_2.txt -> dynamo_diff-0.1.0/benchmarks/agent_pilot/corpus/captures/q04/a/report/-_0_0_0
core (macos-latest)	Build wheel and source archive	2026-09-07T16:59:12.6851110Z copying benchmarks/agent_pilot/corpus/captures/q04/a/report/-_0_0_0/dynamo_output_graph_1.txt -> dynamo_diff-0.1.0/benchmarks/agent_pilot/corpus/captures/q04/a/report/-_0_0_0
core (macos-latest)	Build wheel and source archive	2026-09-07T16:59:12.6856340Z copying benchmarks/agent_pilot/corpus/captures/q04/a/report/-_0_1_0/compilation_metrics_7.html -> dynamo_diff-0.1.0/benchmarks/agent_pilot/corpus/captures/q04/a/report/-_0_1_0
core (macos-latest)	Build wheel and source archive	2026-09-07T16:59:12.6860110Z copying benchmarks/agent_pilot/corpus/captures/q04/a/report/-_0_1_0/dynamo_cpp_guards_str_6.txt -> dynamo_diff-0.1.0/benchmarks/agent_pilot/corpus/captures/q04/a/report/-_0_1_0
core (macos-latest)	Build wheel and source archive	2026-09-07T16:59:12.6862420Z copying benchmarks/agent_pilot/corpus/captures/q04/a/report/-_0_1_0/dynamo_output_graph_5.txt -> dynamo_diff-0.1.0/benchmarks/agent_pilot/corpus/captures/q04/a/report/-_0_1_0
core (macos-latest)	Build wheel and source archive	2026-09-07T16:59:12.6865720Z copying benchmarks/agent_pilot/corpus/captures/q04/a/report/-_0_1_0/recompile_reasons_4.json -> dynamo_diff-0.1.0/benchmarks/agent_pilot/corpus/captures/q04/a/report/-_0_1_0
core (macos-latest)	Build wheel and source archive	2026-09-07T16:59:12.6871610Z copying benchmarks/agent_pilot/corpus/captures/q04/a/sources/model.py -> dynamo_diff-0.1.0/benchmarks/agent_pilot/corpus/captures/q04/a/sources
core (macos-latest)	Build wheel and source archive	2026-09-07T16:59:12.6873060Z copying benchmarks/agent_pilot/corpus/captures/q04/b/conversion.txt -> dynamo_diff-0.1.0/benchmarks/agent_pilot/corpus/captures/q04/b
core (macos-latest)	Build wheel and source archive	2026-09-07T16:59:12.6874760Z copying benchmarks/agent_pilot/corpus/captures/q04/b/manifest.json -> dynamo_diff-0.1.0/benchmarks/agent_pilot/corpus/captures/q04/b
core (macos-latest)	Build wheel and source archive	2026-09-07T16:59:12.6878200Z copying benchmarks/agent_pilot/corpus/captures/q04/b/stderr.txt -> dynamo_diff-0.1.0/benchmarks/agent_pilot/corpus/captures/q04/b
core (macos-latest)	Build wheel and source archive	2026-09-07T16:59:12.6880370Z copying benchmarks/agent_pilot/corpus/captures/q04/b/stdout.txt -> dynamo_diff-0.1.0/benchmarks/agent_pilot/corpus/captures/q04/b
core (macos-latest)	Build wheel and source archive	2026-09-07T16:59:12.6881440Z copying benchmarks/agent_pilot/corpus/captures/q04/b/workload-result.json -> dynamo_diff-0.1.0/benchmarks/agent_pilot/corpus/captures/q04/b
core (macos-latest)	Build wheel and source archive	2026-09-07T16:59:12.6885000Z copying benchmarks/agent_pilot/corpus/captures/q04/b/raw/trace.log -> dynamo_diff-0.1.0/benchmarks/agent_pilot/corpus/captures/q04/b/raw
core (macos-latest)	Build wheel and source archive	2026-09-07T16:59:12.6887440Z copying benchmarks/agent_pilot/corpus/captures/q04/b/report/chromium_events.json -> dynamo_diff-0.1.0/benchmarks/agent_pilot/corpus/captures/q04/b/report
core (macos-latest)	Build wheel and source archive	2026-09-07T16:59:12.6892460Z copying benchmarks/agent_pilot/corpus/captures/q04/b/report/compile_directory.json -> dynamo_diff-0.1.0/benchmarks/agent_pilot/corpus/captures/q04/b/report
core (macos-latest)	Build wheel and source archive	2026-09-07T16:59:12.6897820Z copying benchmarks/agent_pilot/corpus/captures/q04/b/report/failures_and_restarts.html -> dynamo_diff-0.1.0/benchmarks/agent_pilot/corpus/captures/q04/b/report
core (macos-latest)	Build wheel and source archive	2026-09-07T16:59:12.6899730Z copying benchmarks/agent_pilot/corpus/captures/q04/b/report/index.html -> dynamo_diff-0.1.0/benchmarks/agent_pilot/corpus/captures/q04/b/report
core (macos-latest)	Build wheel and source archive	2026-09-07T16:59:12.6905810Z copying benchmarks/agent_pilot/corpus/captures/q04/b/report/raw.jsonl -> dynamo_diff-0.1.0/benchmarks/agent_pilot/corpus/captures/q04/b/report
core (macos-latest)	Build wheel and source archive	2026-09-07T16:59:12.6914970Z copying benchmarks/agent_pilot/corpus/captures/q04/b/report/raw.log -> dynamo_diff-0.1.0/benchmarks/agent_pilot/corpus/captures/q04/b/report
core (macos-latest)	Build wheel and source archive	2026-09-07T16:59:12.6916740Z copying benchmarks/agent_pilot/corpus/captures/q04/b/report/-_-_-_-/torch_version_0.json -> dynamo_diff-0.1.0/benchmarks/agent_pilot/corpus/captures/q04/b/report/-_-_-_-
core (macos-latest)	Build wheel and source archive	2026-09-07T16:59:12.6919830Z copying benchmarks/agent_pilot/corpus/captures/q04/b/report/-_0_0_0/compilation_metrics_3.html -> dynamo_diff-0.1.0/benchmarks/agent_pilot/corpus/captures/q04/b/report/-_0_0_0
core (macos-latest)	Build wheel and source archive	2026-09-07T16:59:12.6924920Z copying benchmarks/agent_pilot/corpus/captures/q04/b/report/-_0_0_0/dynamo_cpp_guards_str_2.txt -> dynamo_diff-0.1.0/benchmarks/agent_pilot/corpus/captures/q04/b/report/-_0_0_0
core (macos-latest)	Build wheel and source archive	2026-09-07T16:59:12.6929940Z copying benchmarks/agent_pilot/corpus/captures/q04/b/report/-_0_0_0/dynamo_output_graph_1.txt -> dynamo_diff-0.1.0/benchmarks/agent_pilot/corpus/captures/q04/b/report/-_0_0_0
core (macos-latest)	Build wheel and source archive	2026-09-07T16:59:12.6935810Z copying benchmarks/agent_pilot/corpus/captures/q04/b/sources/model.py -> dynamo_diff-0.1.0/benchmarks/agent_pilot/corpus/captures/q04/b/sources
core (macos-latest)	Build wheel and source archive	2026-09-07T16:59:12.6936770Z copying benchmarks/agent_pilot/corpus/captures/q05/a/conversion.txt -> dynamo_diff-0.1.0/benchmarks/agent_pilot/corpus/captures/q05/a
core (macos-latest)	Build wheel and source archive	2026-09-07T16:59:12.6937630Z copying benchmarks/agent_pilot/corpus/captures/q05/a/manifest.json -> dynamo_diff-0.1.0/benchmarks/agent_pilot/corpus/captures/q05/a
core (macos-latest)	Build wheel and source archive	2026-09-07T16:59:12.6945740Z copying benchmarks/agent_pilot/corpus/captures/q05/a/stderr.txt -> dynamo_diff-0.1.0/benchmarks/agent_pilot/corpus/captures/q05/a
core (macos-latest)	Build wheel and source archive	2026-09-07T16:59:12.6948290Z copying benchmarks/agent_pilot/corpus/captures/q05/a/stdout.txt -> dynamo_diff-0.1.0/benchmarks/agent_pilot/corpus/captures/q05/a
core (macos-latest)	Build wheel and source archive	2026-09-07T16:59:12.6953400Z copying benchmarks/agent_pilot/corpus/captures/q05/a/workload-result.json -> dynamo_diff-0.1.0/benchmarks/agent_pilot/corpus/captures/q05/a
core (macos-latest)	Build wheel and source archive	2026-09-07T16:59:12.6955320Z copying benchmarks/agent_pilot/corpus/captures/q05/a/raw/trace.log -> dynamo_diff-0.1.0/benchmarks/agent_pilot/corpus/captures/q05/a/raw
core (macos-latest)	Build wheel and source archive	2026-09-07T16:59:12.6956490Z copying benchmarks/agent_pilot/corpus/captures/q05/a/report/chromium_events.json -> dynamo_diff-0.1.0/benchmarks/agent_pilot/corpus/captures/q05/a/report
core (macos-latest)	Build wheel and source archive	2026-09-07T16:59:12.6959250Z copying benchmarks/agent_pilot/corpus/captures/q05/a/report/compile_directory.json -> dynamo_diff-0.1.0/benchmarks/agent_pilot/corpus/captures/q05/a/report
core (macos-latest)	Build wheel and source archive	2026-09-07T16:59:12.6963480Z copying benchmarks/agent_pilot/corpus/captures/q05/a/report/failures_and_restarts.html -> dynamo_diff-0.1.0/benchmarks/agent_pilot/corpus/captures/q05/a/report
core (macos-latest)	Build wheel and source archive	2026-09-07T16:59:12.6966850Z copying benchmarks/agent_pilot/corpus/captures/q05/a/report/index.html -> dynamo_diff-0.1.0/benchmarks/agent_pilot/corpus/captures/q05/a/report
core (macos-latest)	Build wheel and source archive	2026-09-07T16:59:12.6971950Z copying benchmarks/agent_pilot/corpus/captures/q05/a/report/raw.jsonl -> dynamo_diff-0.1.0/benchmarks/agent_pilot/corpus/captures/q05/a/report
core (macos-latest)	Build wheel and source archive	2026-09-07T16:59:12.6982890Z copying benchmarks/agent_pilot/corpus/captures/q05/a/report/raw.log -> dynamo_diff-0.1.0/benchmarks/agent_pilot/corpus/captures/q05/a/report
core (macos-latest)	Build wheel and source archive	2026-09-07T16:59:12.6984680Z copying benchmarks/agent_pilot/corpus/captures/q05/a/report/-_-_-_-/torch_version_0.json -> dynamo_diff-0.1.0/benchmarks/agent_pilot/corpus/captures/q05/a/report/-_-_-_-
core (macos-latest)	Build wheel and source archive	2026-09-07T16:59:12.6986970Z copying benchmarks/agent_pilot/corpus/captures/q05/a/report/-_0_0_0/compilation_metrics_3.html -> dynamo_diff-0.1.0/benchmarks/agent_pilot/corpus/captures/q05/a/report/-_0_0_0
core (macos-latest)	Build wheel and source archive	2026-09-07T16:59:12.6991980Z copying benchmarks/agent_pilot/corpus/captures/q05/a/report/-_0_0_0/dynamo_cpp_guards_str_2.txt -> dynamo_diff-0.1.0/benchmarks/agent_pilot/corpus/captures/q05/a/report/-_0_0_0
core (macos-latest)	Build wheel and source archive	2026-09-07T16:59:12.6993200Z copying benchmarks/agent_pilot/corpus/captures/q05/a/report/-_0_0_0/dynamo_output_graph_1.txt -> dynamo_diff-0.1.0/benchmarks/agent_pilot/corpus/captures/q05/a/report/-_0_0_0
core (macos-latest)	Build wheel and source archive	2026-09-07T16:59:12.6995160Z copying benchmarks/agent_pilot/corpus/captures/q05/a/sources/model.py -> dynamo_diff-0.1.0/benchmarks/agent_pilot/corpus/captures/q05/a/sources
core (macos-latest)	Build wheel and source archive	2026-09-07T16:59:12.6996230Z copying benchmarks/agent_pilot/corpus/captures/q05/b/conversion.txt -> dynamo_diff-0.1.0/benchmarks/agent_pilot/corpus/captures/q05/b
core (macos-latest)	Build wheel and source archive	2026-09-07T16:59:12.6997650Z copying benchmarks/agent_pilot/corpus/captures/q05/b/manifest.json -> dynamo_diff-0.1.0/benchmarks/agent_pilot/corpus/captures/q05/b
core (macos-latest)	Build wheel and source archive	2026-09-07T16:59:12.7002360Z copying benchmarks/agent_pilot/corpus/captures/q05/b/stderr.txt -> dynamo_diff-0.1.0/benchmarks/agent_pilot/corpus/captures/q05/b
core (macos-latest)	Build wheel and source archive	2026-09-07T16:59:12.7003580Z copying benchmarks/agent_pilot/corpus/captures/q05/b/stdout.txt -> dynamo_diff-0.1.0/benchmarks/agent_pilot/corpus/captures/q05/b
core (macos-latest)	Build wheel and source archive	2026-09-07T16:59:12.7005030Z copying benchmarks/agent_pilot/corpus/captures/q05/b/workload-result.json -> dynamo_diff-0.1.0/benchmarks/agent_pilot/corpus/captures/q05/b
core (macos-latest)	Build wheel and source archive	2026-09-07T16:59:12.7010230Z copying benchmarks/agent_pilot/corpus/captures/q05/b/raw/trace.log -> dynamo_diff-0.1.0/benchmarks/agent_pilot/corpus/captures/q05/b/raw
core (macos-latest)	Build wheel and source archive	2026-09-07T16:59:12.7012330Z copying benchmarks/agent_pilot/corpus/captures/q05/b/report/chromium_events.json -> dynamo_diff-0.1.0/benchmarks/agent_pilot/corpus/captures/q05/b/report
core (macos-latest)	Build wheel and source archive	2026-09-07T16:59:12.7016410Z copying benchmarks/agent_pilot/corpus/captures/q05/b/report/compile_directory.json -> dynamo_diff-0.1.0/benchmarks/agent_pilot/corpus/captures/q05/b/report
core (macos-latest)	Build wheel and source archive	2026-09-07T16:59:12.7018640Z copying benchmarks/agent_pilot/corpus/captures/q05/b/report/failures_and_restarts.html -> dynamo_diff-0.1.0/benchmarks/agent_pilot/corpus/captures/q05/b/report
core (macos-latest)	Build wheel and source archive	2026-09-07T16:59:12.7021400Z copying benchmarks/agent_pilot/corpus/captures/q05/b/report/index.html -> dynamo_diff-0.1.0/benchmarks/agent_pilot/corpus/captures/q05/b/report
core (macos-latest)	Build wheel and source archive	2026-09-07T16:59:12.7026800Z copying benchmarks/agent_pilot/corpus/captures/q05/b/report/raw.jsonl -> dynamo_diff-0.1.0/benchmarks/agent_pilot/corpus/captures/q05/b/report
core (macos-latest)	Build wheel and source archive	2026-09-07T16:59:12.7034330Z copying benchmarks/agent_pilot/corpus/captures/q05/b/report/raw.log -> dynamo_diff-0.1.0/benchmarks/agent_pilot/corpus/captures/q05/b/report
core (macos-latest)	Build wheel and source archive	2026-09-07T16:59:12.7039550Z copying benchmarks/agent_pilot/corpus/captures/q05/b/report/-_-_-_-/torch_version_0.json -> dynamo_diff-0.1.0/benchmarks/agent_pilot/corpus/captures/q05/b/report/-_-_-_-
core (macos-latest)	Build wheel and source archive	2026-09-07T16:59:12.7043130Z copying benchmarks/agent_pilot/corpus/captures/q05/b/report/-_0_0_0/compilation_metrics_3.html -> dynamo_diff-0.1.0/benchmarks/agent_pilot/corpus/captures/q05/b/report/-_0_0_0
core (macos-latest)	Build wheel and source archive	2026-09-07T16:59:12.7044880Z copying benchmarks/agent_pilot/corpus/captures/q05/b/report/-_0_0_0/dynamo_error_2.txt -> dynamo_diff-0.1.0/benchmarks/agent_pilot/corpus/captures/q05/b/report/-_0_0_0
core (macos-latest)	Build wheel and source archive	2026-09-07T16:59:12.7083090Z copying benchmarks/agent_pilot/corpus/captures/q05/b/report/-_0_0_0/dynamo_output_graph_1.txt -> dynamo_diff-0.1.0/benchmarks/agent_pilot/corpus/captures/q05/b/report/-_0_0_0
core (macos-latest)	Build wheel and source archive	2026-09-07T16:59:12.7091370Z copying benchmarks/agent_pilot/corpus/captures/q05/b/sources/model.py -> dynamo_diff-0.1.0/benchmarks/agent_pilot/corpus/captures/q05/b/sources
core (macos-latest)	Build wheel and source archive	2026-09-07T16:59:12.7099540Z copying benchmarks/agent_pilot/corpus/captures/q06/a/conversion.txt -> dynamo_diff-0.1.0/benchmarks/agent_pilot/corpus/captures/q06/a
core (macos-latest)	Build wheel and source archive	2026-09-07T16:59:12.7100670Z copying benchmarks/agent_pilot/corpus/captures/q06/a/manifest.json -> dynamo_diff-0.1.0/benchmarks/agent_pilot/corpus/captures/q06/a
core (macos-latest)	Build wheel and source archive	2026-09-07T16:59:12.7102940Z copying benchmarks/agent_pilot/corpus/captures/q06/a/stderr.txt -> dynamo_diff-0.1.0/benchmarks/agent_pilot/corpus/captures/q06/a
core (macos-latest)	Build wheel and source archive	2026-09-07T16:59:12.7103750Z copying benchmarks/agent_pilot/corpus/captures/q06/a/stdout.txt -> dynamo_diff-0.1.0/benchmarks/agent_pilot/corpus/captures/q06/a
core (macos-latest)	Build wheel and source archive	2026-09-07T16:59:12.7104640Z copying benchmarks/agent_pilot/corpus/captures/q06/a/workload-result.json -> dynamo_diff-0.1.0/benchmarks/agent_pilot/corpus/captures/q06/a
core (macos-latest)	Build wheel and source archive	2026-09-07T16:59:12.7105650Z copying benchmarks/agent_pilot/corpus/captures/q06/a/raw/trace.log -> dynamo_diff-0.1.0/benchmarks/agent_pilot/corpus/captures/q06/a/raw
core (macos-latest)	Build wheel and source archive	2026-09-07T16:59:12.7106530Z copying benchmarks/agent_pilot/corpus/captures/q06/a/report/chromium_events.json -> dynamo_diff-0.1.0/benchmarks/agent_pilot/corpus/captures/q06/a/report
core (macos-latest)	Build wheel and source archive	2026-09-07T16:59:12.7107370Z copying benchmarks/agent_pilot/corpus/captures/q06/a/report/compile_directory.json -> dynamo_diff-0.1.0/benchmarks/agent_pilot/corpus/captures/q06/a/report
core (macos-latest)	Build wheel and source archive	2026-09-07T16:59:12.7108320Z copying benchmarks/agent_pilot/corpus/captures/q06/a/report/failures_and_restarts.html -> dynamo_diff-0.1.0/benchmarks/agent_pilot/corpus/captures/q06/a/report
core (macos-latest)	Build wheel and source archive	2026-09-07T16:59:12.7109210Z copying benchmarks/agent_pilot/corpus/captures/q06/a/report/index.html -> dynamo_diff-0.1.0/benchmarks/agent_pilot/corpus/captures/q06/a/report
core (macos-latest)	Build wheel and source archive	2026-09-07T16:59:12.7110170Z copying benchmarks/agent_pilot/corpus/captures/q06/a/report/raw.jsonl -> dynamo_diff-0.1.0/benchmarks/agent_pilot/corpus/captures/q06/a/report
core (macos-latest)	Build wheel and source archive	2026-09-07T16:59:12.7111030Z copying benchmarks/agent_pilot/corpus/captures/q06/a/report/raw.log -> dynamo_diff-0.1.0/benchmarks/agent_pilot/corpus/captures/q06/a/report
core (macos-latest)	Build wheel and source archive	2026-09-07T16:59:12.7111890Z copying benchmarks/agent_pilot/corpus/captures/q06/a/report/-_-_-_-/torch_version_0.json -> dynamo_diff-0.1.0/benchmarks/agent_pilot/corpus/captures/q06/a/report/-_-_-_-
core (macos-latest)	Build wheel and source archive	2026-09-07T16:59:12.7112880Z copying benchmarks/agent_pilot/corpus/captures/q06/a/report/-_0_0_0/compilation_metrics_3.html -> dynamo_diff-0.1.0/benchmarks/agent_pilot/corpus/captures/q06/a/report/-_0_0_0
core (macos-latest)	Build wheel and source archive	2026-09-07T16:59:12.7113950Z copying benchmarks/agent_pilot/corpus/captures/q06/a/report/-_0_0_0/dynamo_cpp_guards_str_2.txt -> dynamo_diff-0.1.0/benchmarks/agent_pilot/corpus/captures/q06/a/report/-_0_0_0
core (macos-latest)	Build wheel and source archive	2026-09-07T16:59:12.7120590Z copying benchmarks/agent_pilot/corpus/captures/q06/a/report/-_0_0_0/dynamo_output_graph_1.txt -> dynamo_diff-0.1.0/benchmarks/agent_pilot/corpus/captures/q06/a/report/-_0_0_0
core (macos-latest)	Build wheel and source archive	2026-09-07T16:59:12.7123260Z copying benchmarks/agent_pilot/corpus/captures/q06/a/report/-_0_1_0/compilation_metrics_7.html -> dynamo_diff-0.1.0/benchmarks/agent_pilot/corpus/captures/q06/a/report/-_0_1_0
core (macos-latest)	Build wheel and source archive	2026-09-07T16:59:12.7124580Z copying benchmarks/agent_pilot/corpus/captures/q06/a/report/-_0_1_0/dynamo_cpp_guards_str_6.txt -> dynamo_diff-0.1.0/benchmarks/agent_pilot/corpus/captures/q06/a/report/-_0_1_0
core (macos-latest)	Build wheel and source archive	2026-09-07T16:59:12.7129540Z copying benchmarks/agent_pilot/corpus/captures/q06/a/report/-_0_1_0/dynamo_output_graph_5.txt -> dynamo_diff-0.1.0/benchmarks/agent_pilot/corpus/captures/q06/a/report/-_0_1_0
core (macos-latest)	Build wheel and source archive	2026-09-07T16:59:12.7131490Z copying benchmarks/agent_pilot/corpus/captures/q06/a/report/-_0_1_0/recompile_reasons_4.json -> dynamo_diff-0.1.0/benchmarks/agent_pilot/corpus/captures/q06/a/report/-_0_1_0
core (macos-latest)	Build wheel and source archive	2026-09-07T16:59:12.7134420Z copying benchmarks/agent_pilot/corpus/captures/q06/a/report/-_0_2_0/compilation_metrics_11.html -> dynamo_diff-0.1.0/benchmarks/agent_pilot/corpus/captures/q06/a/report/-_0_2_0
core (macos-latest)	Build wheel and source archive	2026-09-07T16:59:12.7135450Z copying benchmarks/agent_pilot/corpus/captures/q06/a/report/-_0_2_0/dynamo_cpp_guards_str_10.txt -> dynamo_diff-0.1.0/benchmarks/agent_pilot/corpus/captures/q06/a/report/-_0_2_0
core (macos-latest)	Build wheel and source archive	2026-09-07T16:59:12.7136570Z copying benchmarks/agent_pilot/corpus/captures/q06/a/report/-_0_2_0/dynamo_output_graph_9.txt -> dynamo_diff-0.1.0/benchmarks/agent_pilot/corpus/captures/q06/a/report/-_0_2_0
core (macos-latest)	Build wheel and source archive	2026-09-07T16:59:12.7140720Z copying benchmarks/agent_pilot/corpus/captures/q06/a/report/-_0_2_0/recompile_reasons_8.json -> dynamo_diff-0.1.0/benchmarks/agent_pilot/corpus/captures/q06/a/report/-_0_2_0
core (macos-latest)	Build wheel and source archive	2026-09-07T16:59:12.7141830Z copying benchmarks/agent_pilot/corpus/captures/q06/a/sources/model.py -> dynamo_diff-0.1.0/benchmarks/agent_pilot/corpus/captures/q06/a/sources
core (macos-latest)	Build wheel and source archive	2026-09-07T16:59:12.7144400Z copying benchmarks/agent_pilot/corpus/captures/q06/b/conversion.txt -> dynamo_diff-0.1.0/benchmarks/agent_pilot/corpus/captures/q06/b
core (macos-latest)	Build wheel and source archive	2026-09-07T16:59:12.7145300Z copying benchmarks/agent_pilot/corpus/captures/q06/b/manifest.json -> dynamo_diff-0.1.0/benchmarks/agent_pilot/corpus/captures/q06/b
core (macos-latest)	Build wheel and source archive	2026-09-07T16:59:12.7146280Z copying benchmarks/agent_pilot/corpus/captures/q06/b/stderr.txt -> dynamo_diff-0.1.0/benchmarks/agent_pilot/corpus/captures/q06/b
core (macos-latest)	Build wheel and source archive	2026-09-07T16:59:12.7148390Z copying benchmarks/agent_pilot/corpus/captures/q06/b/stdout.txt -> dynamo_diff-0.1.0/benchmarks/agent_pilot/corpus/captures/q06/b
core (macos-latest)	Build wheel and source archive	2026-09-07T16:59:12.7149610Z copying benchmarks/agent_pilot/corpus/captures/q06/b/workload-result.json -> dynamo_diff-0.1.0/benchmarks/agent_pilot/corpus/captures/q06/b
core (macos-latest)	Build wheel and source archive	2026-09-07T16:59:12.7150510Z copying benchmarks/agent_pilot/corpus/captures/q06/b/raw/trace.log -> dynamo_diff-0.1.0/benchmarks/agent_pilot/corpus/captures/q06/b/raw
core (macos-latest)	Build wheel and source archive	2026-09-07T16:59:12.7156150Z copying benchmarks/agent_pilot/corpus/captures/q06/b/report/chromium_events.json -> dynamo_diff-0.1.0/benchmarks/agent_pilot/corpus/captures/q06/b/report
core (macos-latest)	Build wheel and source archive	2026-09-07T16:59:12.7165860Z copying benchmarks/agent_pilot/corpus/captures/q06/b/report/compile_directory.json -> dynamo_diff-0.1.0/benchmarks/agent_pilot/corpus/captures/q06/b/report
core (macos-latest)	Build wheel and source archive	2026-09-07T16:59:12.7167710Z copying benchmarks/agent_pilot/corpus/captures/q06/b/report/failures_and_restarts.html -> dynamo_diff-0.1.0/benchmarks/agent_pilot/corpus/captures/q06/b/report
core (macos-latest)	Build wheel and source archive	2026-09-07T16:59:12.7168870Z copying benchmarks/agent_pilot/corpus/captures/q06/b/report/index.html -> dynamo_diff-0.1.0/benchmarks/agent_pilot/corpus/captures/q06/b/report
core (macos-latest)	Build wheel and source archive	2026-09-07T16:59:12.7169760Z copying benchmarks/agent_pilot/corpus/captures/q06/b/report/raw.jsonl -> dynamo_diff-0.1.0/benchmarks/agent_pilot/corpus/captures/q06/b/report
core (macos-latest)	Build wheel and source archive	2026-09-07T16:59:12.7174150Z copying benchmarks/agent_pilot/corpus/captures/q06/b/report/raw.log -> dynamo_diff-0.1.0/benchmarks/agent_pilot/corpus/captures/q06/b/report
core (macos-latest)	Build wheel and source archive	2026-09-07T16:59:12.7179990Z copying benchmarks/agent_pilot/corpus/captures/q06/b/report/-_-_-_-/torch_version_0.json -> dynamo_diff-0.1.0/benchmarks/agent_pilot/corpus/captures/q06/b/report/-_-_-_-
core (macos-latest)	Build wheel and source archive	2026-09-07T16:59:12.7181090Z copying benchmarks/agent_pilot/corpus/captures/q06/b/report/-_0_0_0/compilation_metrics_3.html -> dynamo_diff-0.1.0/benchmarks/agent_pilot/corpus/captures/q06/b/report/-_0_0_0
core (macos-latest)	Build wheel and source archive	2026-09-07T16:59:12.7182140Z copying benchmarks/agent_pilot/corpus/captures/q06/b/report/-_0_0_0/dynamo_cpp_guards_str_2.txt -> dynamo_diff-0.1.0/benchmarks/agent_pilot/corpus/captures/q06/b/report/-_0_0_0
core (macos-latest)	Build wheel and source archive	2026-09-07T16:59:12.7183440Z copying benchmarks/agent_pilot/corpus/captures/q06/b/report/-_0_0_0/dynamo_output_graph_1.txt -> dynamo_diff-0.1.0/benchmarks/agent_pilot/corpus/captures/q06/b/report/-_0_0_0
core (macos-latest)	Build wheel and source archive	2026-09-07T16:59:12.7184440Z copying benchmarks/agent_pilot/corpus/captures/q06/b/report/-_0_1_0/compilation_metrics_7.html -> dynamo_diff-0.1.0/benchmarks/agent_pilot/corpus/captures/q06/b/report/-_0_1_0
core (macos-latest)	Build wheel and source archive	2026-09-07T16:59:12.7185780Z copying benchmarks/agent_pilot/corpus/captures/q06/b/report/-_0_1_0/dynamo_cpp_guards_str_6.txt -> dynamo_diff-0.1.0/benchmarks/agent_pilot/corpus/captures/q06/b/report/-_0_1_0
core (macos-latest)	Build wheel and source archive	2026-09-07T16:59:12.7187430Z copying benchmarks/agent_pilot/corpus/captures/q06/b/report/-_0_1_0/dynamo_output_graph_5.txt -> dynamo_diff-0.1.0/benchmarks/agent_pilot/corpus/captures/q06/b/report/-_0_1_0
core (macos-latest)	Build wheel and source archive	2026-09-07T16:59:12.7188340Z copying benchmarks/agent_pilot/corpus/captures/q06/b/report/-_0_1_0/recompile_reasons_4.json -> dynamo_diff-0.1.0/benchmarks/agent_pilot/corpus/captures/q06/b/report/-_0_1_0
core (macos-latest)	Build wheel and source archive	2026-09-07T16:59:12.7189370Z copying benchmarks/agent_pilot/corpus/captures/q06/b/report/-_0_2_0/compilation_metrics_9.html -> dynamo_diff-0.1.0/benchmarks/agent_pilot/corpus/captures/q06/b/report/-_0_2_0
core (macos-latest)	Build wheel and source archive	2026-09-07T16:59:12.7190470Z copying benchmarks/agent_pilot/corpus/captures/q06/b/report/-_0_2_0/recompile_reasons_8.json -> dynamo_diff-0.1.0/benchmarks/agent_pilot/corpus/captures/q06/b/report/-_0_2_0
core (macos-latest)	Build wheel and source archive	2026-09-07T16:59:12.7194010Z copying benchmarks/agent_pilot/corpus/captures/q06/b/sources/model.py -> dynamo_diff-0.1.0/benchmarks/agent_pilot/corpus/captures/q06/b/sources
core (macos-latest)	Build wheel and source archive	2026-09-07T16:59:12.7201630Z copying benchmarks/agent_pilot/corpus/captures/q07/a/conversion.txt -> dynamo_diff-0.1.0/benchmarks/agent_pilot/corpus/captures/q07/a
core (macos-latest)	Build wheel and source archive	2026-09-07T16:59:12.7211140Z copying benchmarks/agent_pilot/corpus/captures/q07/a/manifest.json -> dynamo_diff-0.1.0/benchmarks/agent_pilot/corpus/captures/q07/a
core (macos-latest)	Build wheel and source archive	2026-09-07T16:59:12.7219920Z copying benchmarks/agent_pilot/corpus/captures/q07/a/raw/trace.log -> dynamo_diff-0.1.0/benchmarks/agent_pilot/corpus/captures/q07/a/raw
core (macos-latest)	Build wheel and source archive	2026-09-07T16:59:12.7227530Z copying benchmarks/agent_pilot/corpus/captures/q07/a/report/chromium_events.json -> dynamo_diff-0.1.0/benchmarks/agent_pilot/corpus/captures/q07/a/report
core (macos-latest)	Build wheel and source archive	2026-09-07T16:59:12.7232460Z copying benchmarks/agent_pilot/corpus/captures/q07/a/report/compile_directory.json -> dynamo_diff-0.1.0/benchmarks/agent_pilot/corpus/captures/q07/a/report
core (macos-latest)	Build wheel and source archive	2026-09-07T16:59:12.7238800Z copying benchmarks/agent_pilot/corpus/captures/q07/a/report/failures_and_restarts.html -> dynamo_diff-0.1.0/benchmarks/agent_pilot/corpus/captures/q07/a/report
core (macos-latest)	Build wheel and source archive	2026-09-07T16:59:12.7240460Z copying benchmarks/agent_pilot/corpus/captures/q07/a/report/index.html -> dynamo_diff-0.1.0/benchmarks/agent_pilot/corpus/captures/q07/a/report
core (macos-latest)	Build wheel and source archive	2026-09-07T16:59:12.7241330Z copying benchmarks/agent_pilot/corpus/captures/q07/a/report/raw.jsonl -> dynamo_diff-0.1.0/benchmarks/agent_pilot/corpus/captures/q07/a/report
core (macos-latest)	Build wheel and source archive	2026-09-07T16:59:12.7242450Z copying benchmarks/agent_pilot/corpus/captures/q07/a/report/raw.log -> dynamo_diff-0.1.0/benchmarks/agent_pilot/corpus/captures/q07/a/report
core (macos-latest)	Build wheel and source archive	2026-09-07T16:59:12.7243450Z copying benchmarks/agent_pilot/corpus/captures/q07/a/report/-_-_-_-/torch_version_0.json -> dynamo_diff-0.1.0/benchmarks/agent_pilot/corpus/captures/q07/a/report/-_-_-_-
core (macos-latest)	Build wheel and source archive	2026-09-07T16:59:12.7244380Z copying benchmarks/agent_pilot/corpus/captures/q07/a/report/-_0_0_0/compilation_metrics_3.html -> dynamo_diff-0.1.0/benchmarks/agent_pilot/corpus/captures/q07/a/report/-_0_0_0
core (macos-latest)	Build wheel and source archive	2026-09-07T16:59:12.7245370Z copying benchmarks/agent_pilot/corpus/captures/q07/a/report/-_0_0_0/dynamo_cpp_guards_str_2.txt -> dynamo_diff-0.1.0/benchmarks/agent_pilot/corpus/captures/q07/a/report/-_0_0_0
core (macos-latest)	Build wheel and source archive	2026-09-07T16:59:12.7246780Z copying benchmarks/agent_pilot/corpus/captures/q07/a/report/-_0_0_0/dynamo_output_graph_1.txt -> dynamo_diff-0.1.0/benchmarks/agent_pilot/corpus/captures/q07/a/report/-_0_0_0
core (macos-latest)	Build wheel and source archive	2026-09-07T16:59:12.7247640Z copying benchmarks/agent_pilot/corpus/captures/q07/a/sources/model.py -> dynamo_diff-0.1.0/benchmarks/agent_pilot/corpus/captures/q07/a/sources
core (macos-latest)	Build wheel and source archive	2026-09-07T16:59:12.7248390Z copying benchmarks/agent_pilot/corpus/captures/q08/a/conversion.txt -> dynamo_diff-0.1.0/benchmarks/agent_pilot/corpus/captures/q08/a
core (macos-latest)	Build wheel and source archive	2026-09-07T16:59:12.7249250Z copying benchmarks/agent_pilot/corpus/captures/q08/a/manifest.json -> dynamo_diff-0.1.0/benchmarks/agent_pilot/corpus/captures/q08/a
core (macos-latest)	Build wheel and source archive	2026-09-07T16:59:12.7249990Z copying benchmarks/agent_pilot/corpus/captures/q08/a/stderr.txt -> dynamo_diff-0.1.0/benchmarks/agent_pilot/corpus/captures/q08/a
core (macos-latest)	Build wheel and source archive	2026-09-07T16:59:12.7252120Z copying benchmarks/agent_pilot/corpus/captures/q08/a/stdout.txt -> dynamo_diff-0.1.0/benchmarks/agent_pilot/corpus/captures/q08/a
core (macos-latest)	Build wheel and source archive	2026-09-07T16:59:12.7252910Z copying benchmarks/agent_pilot/corpus/captures/q08/a/workload-result.json -> dynamo_diff-0.1.0/benchmarks/agent_pilot/corpus/captures/q08/a
core (macos-latest)	Build wheel and source archive	2026-09-07T16:59:12.7253810Z copying benchmarks/agent_pilot/corpus/captures/q08/a/raw/trace.log -> dynamo_diff-0.1.0/benchmarks/agent_pilot/corpus/captures/q08/a/raw
core (macos-latest)	Build wheel and source archive	2026-09-07T16:59:12.7254580Z copying benchmarks/agent_pilot/corpus/captures/q08/a/report/chromium_events.json -> dynamo_diff-0.1.0/benchmarks/agent_pilot/corpus/captures/q08/a/report
core (macos-latest)	Build wheel and source archive	2026-09-07T16:59:12.7255460Z copying benchmarks/agent_pilot/corpus/captures/q08/a/report/compile_directory.json -> dynamo_diff-0.1.0/benchmarks/agent_pilot/corpus/captures/q08/a/report
core (macos-latest)	Build wheel and source archive	2026-09-07T16:59:12.7256460Z copying benchmarks/agent_pilot/corpus/captures/q08/a/report/failures_and_restarts.html -> dynamo_diff-0.1.0/benchmarks/agent_pilot/corpus/captures/q08/a/report
core (macos-latest)	Build wheel and source archive	2026-09-07T16:59:12.7257430Z copying benchmarks/agent_pilot/corpus/captures/q08/a/report/index.html -> dynamo_diff-0.1.0/benchmarks/agent_pilot/corpus/captures/q08/a/report
core (macos-latest)	Build wheel and source archive	2026-09-07T16:59:12.7258220Z copying benchmarks/agent_pilot/corpus/captures/q08/a/report/raw.jsonl -> dynamo_diff-0.1.0/benchmarks/agent_pilot/corpus/captures/q08/a/report
core (macos-latest)	Build wheel and source archive	2026-09-07T16:59:12.7259050Z copying benchmarks/agent_pilot/corpus/captures/q08/a/report/raw.log -> dynamo_diff-0.1.0/benchmarks/agent_pilot/corpus/captures/q08/a/report
core (macos-latest)	Build wheel and source archive	2026-09-07T16:59:12.7259890Z copying benchmarks/agent_pilot/corpus/captures/q08/a/report/-_-_-_-/torch_version_0.json -> dynamo_diff-0.1.0/benchmarks/agent_pilot/corpus/captures/q08/a/report/-_-_-_-
core (macos-latest)	Build wheel and source archive	2026-09-07T16:59:12.7261820Z copying benchmarks/agent_pilot/corpus/captures/q08/a/report/-_0_0_0/dynamo_graph_break_reason_1.txt -> dynamo_diff-0.1.0/benchmarks/agent_pilot/corpus/captures/q08/a/report/-_0_0_0
core (macos-latest)	Build wheel and source archive	2026-09-07T16:59:12.7262900Z copying benchmarks/agent_pilot/corpus/captures/q08/a/report/-_0_0_1/compilation_metrics_4.html -> dynamo_diff-0.1.0/benchmarks/agent_pilot/corpus/captures/q08/a/report/-_0_0_1
core (macos-latest)	Build wheel and source archive	2026-09-07T16:59:12.7264080Z copying benchmarks/agent_pilot/corpus/captures/q08/a/report/-_0_0_1/dynamo_cpp_guards_str_3.txt -> dynamo_diff-0.1.0/benchmarks/agent_pilot/corpus/captures/q08/a/report/-_0_0_1
core (macos-latest)	Build wheel and source archive	2026-09-07T16:59:12.7265200Z copying benchmarks/agent_pilot/corpus/captures/q08/a/report/-_0_0_1/dynamo_output_graph_2.txt -> dynamo_diff-0.1.0/benchmarks/agent_pilot/corpus/captures/q08/a/report/-_0_0_1
core (macos-latest)	Build wheel and source archive	2026-09-07T16:59:12.7266220Z copying benchmarks/agent_pilot/corpus/captures/q08/a/report/-_1_0_0/compilation_metrics_9.html -> dynamo_diff-0.1.0/benchmarks/agent_pilot/corpus/captures/q08/a/report/-_1_0_0
core (macos-latest)	Build wheel and source archive	2026-09-07T16:59:12.7267260Z copying benchmarks/agent_pilot/corpus/captures/q08/a/report/-_1_0_0/dynamo_cpp_guards_str_8.txt -> dynamo_diff-0.1.0/benchmarks/agent_pilot/corpus/captures/q08/a/report/-_1_0_0
core (macos-latest)	Build wheel and source archive	2026-09-07T16:59:12.7269210Z copying benchmarks/agent_pilot/corpus/captures/q08/a/report/-_1_0_0/dynamo_output_graph_6.txt -> dynamo_diff-0.1.0/benchmarks/agent_pilot/corpus/captures/q08/a/report/-_1_0_0
core (macos-latest)	Build wheel and source archive	2026-09-07T16:59:12.7270930Z copying benchmarks/agent_pilot/corpus/captures/q08/a/report/-_1_0_0/torch_dynamo_resume_in_f_at_9_MODIFIED_BYTECODE_7.txt -> dynamo_diff-0.1.0/benchmarks/agent_pilot/corpus/captures/q08/a/report/-_1_0_0
core (macos-latest)	Build wheel and source archive	2026-09-07T16:59:12.7272380Z copying benchmarks/agent_pilot/corpus/captures/q08/a/report/-_1_0_0/torch_dynamo_resume_in_f_at_9_ORIGINAL_BYTECODE_5.txt -> dynamo_diff-0.1.0/benchmarks/agent_pilot/corpus/captures/q08/a/report/-_1_0_0
core (macos-latest)	Build wheel and source archive	2026-09-07T16:59:12.7273700Z copying benchmarks/agent_pilot/corpus/captures/q08/a/sources/model.py -> dynamo_diff-0.1.0/benchmarks/agent_pilot/corpus/captures/q08/a/sources
core (macos-latest)	Build wheel and source archive	2026-09-07T16:59:12.7275550Z copying benchmarks/agent_pilot/corpus/captures/q09/a/conversion.txt -> dynamo_diff-0.1.0/benchmarks/agent_pilot/corpus/captures/q09/a
core (macos-latest)	Build wheel and source archive	2026-09-07T16:59:12.7276870Z copying benchmarks/agent_pilot/corpus/captures/q09/a/manifest.json -> dynamo_diff-0.1.0/benchmarks/agent_pilot/corpus/captures/q09/a
core (macos-latest)	Build wheel and source archive	2026-09-07T16:59:12.7278930Z copying benchmarks/agent_pilot/corpus/captures/q09/a/stderr.txt -> dynamo_diff-0.1.0/benchmarks/agent_pilot/corpus/captures/q09/a
core (macos-latest)	Build wheel and source archive	2026-09-07T16:59:12.7279920Z copying benchmarks/agent_pilot/corpus/captures/q09/a/stdout.txt -> dynamo_diff-0.1.0/benchmarks/agent_pilot/corpus/captures/q09/a
core (macos-latest)	Build wheel and source archive	2026-09-07T16:59:12.7280910Z copying benchmarks/agent_pilot/corpus/captures/q09/a/workload-result.json -> dynamo_diff-0.1.0/benchmarks/agent_pilot/corpus/captures/q09/a
core (macos-latest)	Build wheel and source archive	2026-09-07T16:59:12.7285600Z copying benchmarks/agent_pilot/corpus/captures/q09/a/raw/trace.log -> dynamo_diff-0.1.0/benchmarks/agent_pilot/corpus/captures/q09/a/raw
core (macos-latest)	Build wheel and source archive	2026-09-07T16:59:12.7287950Z copying benchmarks/agent_pilot/corpus/captures/q09/a/report/chromium_events.json -> dynamo_diff-0.1.0/benchmarks/agent_pilot/corpus/captures/q09/a/report
core (macos-latest)	Build wheel and source archive	2026-09-07T16:59:12.7295070Z copying benchmarks/agent_pilot/corpus/captures/q09/a/report/compile_directory.json -> dynamo_diff-0.1.0/benchmarks/agent_pilot/corpus/captures/q09/a/report
core (macos-latest)	Build wheel and source archive	2026-09-07T16:59:12.7299190Z copying benchmarks/agent_pilot/corpus/captures/q09/a/report/failures_and_restarts.html -> dynamo_diff-0.1.0/benchmarks/agent_pilot/corpus/captures/q09/a/report
core (macos-latest)	Build wheel and source archive	2026-09-07T16:59:12.7302510Z copying benchmarks/agent_pilot/corpus/captures/q09/a/report/index.html -> dynamo_diff-0.1.0/benchmarks/agent_pilot/corpus/captures/q09/a/report
core (macos-latest)	Build wheel and source archive	2026-09-07T16:59:12.7305960Z copying benchmarks/agent_pilot/corpus/captures/q09/a/report/raw.jsonl -> dynamo_diff-0.1.0/benchmarks/agent_pilot/corpus/captures/q09/a/report
core (macos-latest)	Build wheel and source archive	2026-09-07T16:59:12.7319210Z copying benchmarks/agent_pilot/corpus/captures/q09/a/report/raw.log -> dynamo_diff-0.1.0/benchmarks/agent_pilot/corpus/captures/q09/a/report
core (macos-latest)	Build wheel and source archive	2026-09-07T16:59:12.7326320Z copying benchmarks/agent_pilot/corpus/captures/q09/a/report/-_-_-_-/torch_version_0.json -> dynamo_diff-0.1.0/benchmarks/agent_pilot/corpus/captures/q09/a/report/-_-_-_-
core (macos-latest)	Build wheel and source archive	2026-09-07T16:59:12.7336560Z copying benchmarks/agent_pilot/corpus/captures/q09/a/report/-_0_0_0/compilation_metrics_3.html -> dynamo_diff-0.1.0/benchmarks/agent_pilot/corpus/captures/q09/a/report/-_0_0_0
core (macos-latest)	Build wheel and source archive	2026-09-07T16:59:12.7369140Z copying benchmarks/agent_pilot/corpus/captures/q09/a/report/-_0_0_0/dynamo_cpp_guards_str_2.txt -> dynamo_diff-0.1.0/benchmarks/agent_pilot/corpus/captures/q09/a/report/-_0_0_0
core (macos-latest)	Build wheel and source archive	2026-09-07T16:59:12.7374150Z copying benchmarks/agent_pilot/corpus/captures/q09/a/report/-_0_0_0/dynamo_output_graph_1.txt -> dynamo_diff-0.1.0/benchmarks/agent_pilot/corpus/captures/q09/a/report/-_0_0_0
core (macos-latest)	Build wheel and source archive	2026-09-07T16:59:12.7375490Z copying benchmarks/agent_pilot/corpus/captures/q09/a/report/-_0_1_0/compilation_metrics_6.html -> dynamo_diff-0.1.0/benchmarks/agent_pilot/corpus/captures/q09/a/report/-_0_1_0
core (macos-latest)	Build wheel and source archive	2026-09-07T16:59:12.7404580Z copying benchmarks/agent_pilot/corpus/captures/q09/a/report/-_0_1_0/dynamo_cpp_guards_str_5.txt -> dynamo_diff-0.1.0/benchmarks/agent_pilot/corpus/captures/q09/a/report/-_0_1_0
core (macos-latest)	Build wheel and source archive	2026-09-07T16:59:12.7406330Z copying benchmarks/agent_pilot/corpus/captures/q09/a/report/-_0_1_0/dynamo_output_graph_4.txt -> dynamo_diff-0.1.0/benchmarks/agent_pilot/corpus/captures/q09/a/report/-_0_1_0
core (macos-latest)	Build wheel and source archive	2026-09-07T16:59:12.7408130Z copying benchmarks/agent_pilot/corpus/captures/q09/a/report/-_0_2_0/compilation_metrics_9.html -> dynamo_diff-0.1.0/benchmarks/agent_pilot/corpus/captures/q09/a/report/-_0_2_0
core (macos-latest)	Build wheel and source archive	2026-09-07T16:59:12.7415000Z copying benchmarks/agent_pilot/corpus/captures/q09/a/report/-_0_2_0/dynamo_cpp_guards_str_8.txt -> dynamo_diff-0.1.0/benchmarks/agent_pilot/corpus/captures/q09/a/report/-_0_2_0
core (macos-latest)	Build wheel and source archive	2026-09-07T16:59:12.7417100Z copying benchmarks/agent_pilot/corpus/captures/q09/a/report/-_0_2_0/dynamo_output_graph_7.txt -> dynamo_diff-0.1.0/benchmarks/agent_pilot/corpus/captures/q09/a/report/-_0_2_0
core (macos-latest)	Build wheel and source archive	2026-09-07T16:59:12.7418500Z copying benchmarks/agent_pilot/corpus/captures/q09/a/sources/model.py -> dynamo_diff-0.1.0/benchmarks/agent_pilot/corpus/captures/q09/a/sources
core (macos-latest)	Build wheel and source archive	2026-09-07T16:59:12.7421640Z copying benchmarks/agent_pilot/corpus/captures/q10/a/conversion.txt -> dynamo_diff-0.1.0/benchmarks/agent_pilot/corpus/captures/q10/a
core (macos-latest)	Build wheel and source archive	2026-09-07T16:59:12.7424670Z copying benchmarks/agent_pilot/corpus/captures/q10/a/manifest.json -> dynamo_diff-0.1.0/benchmarks/agent_pilot/corpus/captures/q10/a
core (macos-latest)	Build wheel and source archive	2026-09-07T16:59:12.7430150Z copying benchmarks/agent_pilot/corpus/captures/q10/a/stderr.txt -> dynamo_diff-0.1.0/benchmarks/agent_pilot/corpus/captures/q10/a
core (macos-latest)	Build wheel and source archive	2026-09-07T16:59:12.7431930Z copying benchmarks/agent_pilot/corpus/captures/q10/a/stdout.txt -> dynamo_diff-0.1.0/benchmarks/agent_pilot/corpus/captures/q10/a
core (macos-latest)	Build wheel and source archive	2026-09-07T16:59:12.7433150Z copying benchmarks/agent_pilot/corpus/captures/q10/a/workload-result.json -> dynamo_diff-0.1.0/benchmarks/agent_pilot/corpus/captures/q10/a
core (macos-latest)	Build wheel and source archive	2026-09-07T16:59:12.7437460Z copying benchmarks/agent_pilot/corpus/captures/q10/a/raw/trace.log -> dynamo_diff-0.1.0/benchmarks/agent_pilot/corpus/captures/q10/a/raw
core (macos-latest)	Build wheel and source archive	2026-09-07T16:59:12.7441490Z copying benchmarks/agent_pilot/corpus/captures/q10/a/report/chromium_events.json -> dynamo_diff-0.1.0/benchmarks/agent_pilot/corpus/captures/q10/a/report
core (macos-latest)	Build wheel and source archive	2026-09-07T16:59:12.7449850Z copying benchmarks/agent_pilot/corpus/captures/q10/a/report/compile_directory.json -> dynamo_diff-0.1.0/benchmarks/agent_pilot/corpus/captures/q10/a/report
core (macos-latest)	Build wheel and source archive	2026-09-07T16:59:12.7454170Z copying benchmarks/agent_pilot/corpus/captures/q10/a/report/failures_and_restarts.html -> dynamo_diff-0.1.0/benchmarks/agent_pilot/corpus/captures/q10/a/report
core (macos-latest)	Build wheel and source archive	2026-09-07T16:59:12.7456350Z copying benchmarks/agent_pilot/corpus/captures/q10/a/report/index.html -> dynamo_diff-0.1.0/benchmarks/agent_pilot/corpus/captures/q10/a/report
core (macos-latest)	Build wheel and source archive	2026-09-07T16:59:12.7461200Z copying benchmarks/agent_pilot/corpus/captures/q10/a/report/raw.jsonl -> dynamo_diff-0.1.0/benchmarks/agent_pilot/corpus/captures/q10/a/report
core (macos-latest)	Build wheel and source archive	2026-09-07T16:59:12.7480780Z copying benchmarks/agent_pilot/corpus/captures/q10/a/report/raw.log -> dynamo_diff-0.1.0/benchmarks/agent_pilot/corpus/captures/q10/a/report
core (macos-latest)	Build wheel and source archive	2026-09-07T16:59:12.7488640Z copying benchmarks/agent_pilot/corpus/captures/q10/a/report/-_-_-_-/torch_version_0.json -> dynamo_diff-0.1.0/benchmarks/agent_pilot/corpus/captures/q10/a/report/-_-_-_-
core (macos-latest)	Build wheel and source archive	2026-09-07T16:59:12.7498100Z copying benchmarks/agent_pilot/corpus/captures/q10/a/report/-_0_0_0/compilation_metrics_3.html -> dynamo_diff-0.1.0/benchmarks/agent_pilot/corpus/captures/q10/a/report/-_0_0_0
core (macos-latest)	Build wheel and source archive	2026-09-07T16:59:12.7501900Z copying benchmarks/agent_pilot/corpus/captures/q10/a/report/-_0_0_0/dynamo_cpp_guards_str_2.txt -> dynamo_diff-0.1.0/benchmarks/agent_pilot/corpus/captures/q10/a/report/-_0_0_0
core (macos-latest)	Build wheel and source archive	2026-09-07T16:59:12.7506960Z copying benchmarks/agent_pilot/corpus/captures/q10/a/report/-_0_0_0/dynamo_output_graph_1.txt -> dynamo_diff-0.1.0/benchmarks/agent_pilot/corpus/captures/q10/a/report/-_0_0_0
core (macos-latest)	Build wheel and source archive	2026-09-07T16:59:12.7511210Z copying benchmarks/agent_pilot/corpus/captures/q10/a/report/-_0_1_0/compilation_metrics_7.html -> dynamo_diff-0.1.0/benchmarks/agent_pilot/corpus/captures/q10/a/report/-_0_1_0
core (macos-latest)	Build wheel and source archive	2026-09-07T16:59:12.7516630Z copying benchmarks/agent_pilot/corpus/captures/q10/a/report/-_0_1_0/dynamo_cpp_guards_str_6.txt -> dynamo_diff-0.1.0/benchmarks/agent_pilot/corpus/captures/q10/a/report/-_0_1_0
core (macos-latest)	Build wheel and source archive	2026-09-07T16:59:12.7520880Z copying benchmarks/agent_pilot/corpus/captures/q10/a/report/-_0_1_0/dynamo_output_graph_5.txt -> dynamo_diff-0.1.0/benchmarks/agent_pilot/corpus/captures/q10/a/report/-_0_1_0
core (macos-latest)	Build wheel and source archive	2026-09-07T16:59:12.7525760Z copying benchmarks/agent_pilot/corpus/captures/q10/a/report/-_0_1_0/recompile_reasons_4.json -> dynamo_diff-0.1.0/benchmarks/agent_pilot/corpus/captures/q10/a/report/-_0_1_0
core (macos-latest)	Build wheel and source archive	2026-09-07T16:59:12.7529050Z copying benchmarks/agent_pilot/corpus/captures/q10/a/report/-_0_2_0/compilation_metrics_11.html -> dynamo_diff-0.1.0/benchmarks/agent_pilot/corpus/captures/q10/a/report/-_0_2_0
core (macos-latest)	Build wheel and source archive	2026-09-07T16:59:12.7533720Z copying benchmarks/agent_pilot/corpus/captures/q10/a/report/-_0_2_0/dynamo_cpp_guards_str_10.txt -> dynamo_diff-0.1.0/benchmarks/agent_pilot/corpus/captures/q10/a/report/-_0_2_0
core (macos-latest)	Build wheel and source archive	2026-09-07T16:59:12.7540420Z copying benchmarks/agent_pilot/corpus/captures/q10/a/report/-_0_2_0/dynamo_output_graph_9.txt -> dynamo_diff-0.1.0/benchmarks/agent_pilot/corpus/captures/q10/a/report/-_0_2_0
core (macos-latest)	Build wheel and source archive	2026-09-07T16:59:12.7542750Z copying benchmarks/agent_pilot/corpus/captures/q10/a/report/-_0_2_0/recompile_reasons_8.json -> dynamo_diff-0.1.0/benchmarks/agent_pilot/corpus/captures/q10/a/report/-_0_2_0
core (macos-latest)	Build wheel and source archive	2026-09-07T16:59:12.7544970Z copying benchmarks/agent_pilot/corpus/captures/q10/a/sources/model.py -> dynamo_diff-0.1.0/benchmarks/agent_pilot/corpus/captures/q10/a/sources
core (macos-latest)	Build wheel and source archive	2026-09-07T16:59:12.7547120Z copying benchmarks/agent_pilot/corpus/curator/q07/full-trace.log -> dynamo_diff-0.1.0/benchmarks/agent_pilot/corpus/curator/q07
core (macos-latest)	Build wheel and source archive	2026-09-07T16:59:12.7549900Z copying benchmarks/agent_pilot/corpus/curator/q07/workload-result.json -> dynamo_diff-0.1.0/benchmarks/agent_pilot/corpus/curator/q07
core (macos-latest)	Build wheel and source archive	2026-09-07T16:59:12.7552900Z copying benchmarks/agent_pilot/runs/run-001/activity-notes.jsonl -> dynamo_diff-0.1.0/benchmarks/agent_pilot/runs/run-001
core (macos-latest)	Build wheel and source archive	2026-09-07T16:59:12.7556310Z copying benchmarks/agent_pilot/runs/run-001/current.json -> dynamo_diff-0.1.0/benchmarks/agent_pilot/runs/run-001
core (macos-latest)	Build wheel and source archive	2026-09-07T16:59:12.7562110Z copying benchmarks/agent_pilot/runs/run-001/frozen-code-receipt.json -> dynamo_diff-0.1.0/benchmarks/agent_pilot/runs/run-001
core (macos-latest)	Build wheel and source archive	2026-09-07T16:59:12.7569160Z copying benchmarks/agent_pilot/runs/run-001/frozen-code.tar.gz -> dynamo_diff-0.1.0/benchmarks/agent_pilot/runs/run-001
core (macos-latest)	Build wheel and source archive	2026-09-07T16:59:12.7572030Z copying benchmarks/agent_pilot/runs/run-001/q01-dynamo-r1.json -> dynamo_diff-0.1.0/benchmarks/agent_pilot/runs/run-001
core (macos-latest)	Build wheel and source archive	2026-09-07T16:59:12.7575010Z copying benchmarks/agent_pilot/runs/run-001/q01-dynamo-r1.jsonl -> dynamo_diff-0.1.0/benchmarks/agent_pilot/runs/run-001
core (macos-latest)	Build wheel and source archive	2026-09-07T16:59:12.7580170Z copying benchmarks/agent_pilot/runs/run-001/q01-dynamo-r2.json -> dynamo_diff-0.1.0/benchmarks/agent_pilot/runs/run-001
core (macos-latest)	Build wheel and source archive	2026-09-07T16:59:12.7582640Z copying benchmarks/agent_pilot/runs/run-001/q01-dynamo-r2.jsonl -> dynamo_diff-0.1.0/benchmarks/agent_pilot/runs/run-001
core (macos-latest)	Build wheel and source archive	2026-09-07T16:59:12.7588810Z copying benchmarks/agent_pilot/runs/run-001/q01-raw-r1.json -> dynamo_diff-0.1.0/benchmarks/agent_pilot/runs/run-001
core (macos-latest)	Build wheel and source archive	2026-09-07T16:59:12.7590690Z copying benchmarks/agent_pilot/runs/run-001/q01-raw-r1.jsonl -> dynamo_diff-0.1.0/benchmarks/agent_pilot/runs/run-001
core (macos-latest)	Build wheel and source archive	2026-09-07T16:59:12.7595180Z copying benchmarks/agent_pilot/runs/run-001/q01-raw-r2.json -> dynamo_diff-0.1.0/benchmarks/agent_pilot/runs/run-001
core (macos-latest)	Build wheel and source archive	2026-09-07T16:59:12.7598410Z copying benchmarks/agent_pilot/runs/run-001/q01-raw-r2.jsonl -> dynamo_diff-0.1.0/benchmarks/agent_pilot/runs/run-001
core (macos-latest)	Build wheel and source archive	2026-09-07T16:59:12.7618420Z copying benchmarks/agent_pilot/runs/run-001/q01-tlparse-r1.json -> dynamo_diff-0.1.0/benchmarks/agent_pilot/runs/run-001
core (macos-latest)	Build wheel and source archive	2026-09-07T16:59:12.7626130Z copying benchmarks/agent_pilot/runs/run-001/q01-tlparse-r1.jsonl -> dynamo_diff-0.1.0/benchmarks/agent_pilot/runs/run-001
core (macos-latest)	Build wheel and source archive	2026-09-07T16:59:12.7638480Z copying benchmarks/agent_pilot/runs/run-001/q01-tlparse-r2.json -> dynamo_diff-0.1.0/benchmarks/agent_pilot/runs/run-001
core (macos-latest)	Build wheel and source archive	2026-09-07T16:59:12.7644150Z copying benchmarks/agent_pilot/runs/run-001/q01-tlparse-r2.jsonl -> dynamo_diff-0.1.0/benchmarks/agent_pilot/runs/run-001
core (macos-latest)	Build wheel and source archive	2026-09-07T16:59:12.7659830Z copying benchmarks/agent_pilot/runs/run-001/q02-dynamo-r1.json -> dynamo_diff-0.1.0/benchmarks/agent_pilot/runs/run-001
core (macos-latest)	Build wheel and source archive	2026-09-07T16:59:12.7660720Z copying benchmarks/agent_pilot/runs/run-001/q02-dynamo-r1.jsonl -> dynamo_diff-0.1.0/benchmarks/agent_pilot/runs/run-001
core (macos-latest)	Build wheel and source archive	2026-09-07T16:59:12.7664600Z copying benchmarks/agent_pilot/runs/run-001/q02-dynamo-r2.json -> dynamo_diff-0.1.0/benchmarks/agent_pilot/runs/run-001
core (macos-latest)	Build wheel and source archive	2026-09-07T16:59:12.7667290Z copying benchmarks/agent_pilot/runs/run-001/q02-dynamo-r2.jsonl -> dynamo_diff-0.1.0/benchmarks/agent_pilot/runs/run-001
core (macos-latest)	Build wheel and source archive	2026-09-07T16:59:12.7671610Z copying benchmarks/agent_pilot/runs/run-001/q02-raw-r1.json -> dynamo_diff-0.1.0/benchmarks/agent_pilot/runs/run-001
core (macos-latest)	Build wheel and source archive	2026-09-07T16:59:12.7676970Z copying benchmarks/agent_pilot/runs/run-001/q02-raw-r1.jsonl -> dynamo_diff-0.1.0/benchmarks/agent_pilot/runs/run-001
core (macos-latest)	Build wheel and source archive	2026-09-07T16:59:12.7684990Z copying benchmarks/agent_pilot/runs/run-001/q02-raw-r2.json -> dynamo_diff-0.1.0/benchmarks/agent_pilot/runs/run-001
core (macos-latest)	Build wheel and source archive	2026-09-07T16:59:12.7688330Z copying benchmarks/agent_pilot/runs/run-001/q02-raw-r2.jsonl -> dynamo_diff-0.1.0/benchmarks/agent_pilot/runs/run-001
core (macos-latest)	Build wheel and source archive	2026-09-07T16:59:12.7692410Z copying benchmarks/agent_pilot/runs/run-001/q02-tlparse-r1.json -> dynamo_diff-0.1.0/benchmarks/agent_pilot/runs/run-001
core (macos-latest)	Build wheel and source archive	2026-09-07T16:59:12.7696030Z copying benchmarks/agent_pilot/runs/run-001/q02-tlparse-r1.jsonl -> dynamo_diff-0.1.0/benchmarks/agent_pilot/runs/run-001
core (macos-latest)	Build wheel and source archive	2026-09-07T16:59:12.7701300Z copying benchmarks/agent_pilot/runs/run-001/q02-tlparse-r2.json -> dynamo_diff-0.1.0/benchmarks/agent_pilot/runs/run-001
core (macos-latest)	Build wheel and source archive	2026-09-07T16:59:12.7703590Z copying benchmarks/agent_pilot/runs/run-001/q02-tlparse-r2.jsonl -> dynamo_diff-0.1.0/benchmarks/agent_pilot/runs/run-001
core (macos-latest)	Build wheel and source archive	2026-09-07T16:59:12.7735020Z copying benchmarks/agent_pilot/runs/run-001/q03-dynamo-r1.json -> dynamo_diff-0.1.0/benchmarks/agent_pilot/runs/run-001
core (macos-latest)	Build wheel and source archive	2026-09-07T16:59:12.7737570Z copying benchmarks/agent_pilot/runs/run-001/q03-dynamo-r1.jsonl -> dynamo_diff-0.1.0/benchmarks/agent_pilot/runs/run-001
core (macos-latest)	Build wheel and source archive	2026-09-07T16:59:12.7738380Z copying benchmarks/agent_pilot/runs/run-001/q03-dynamo-r2.json -> dynamo_diff-0.1.0/benchmarks/agent_pilot/runs/run-001
core (macos-latest)	Build wheel and source archive	2026-09-07T16:59:12.7739170Z copying benchmarks/agent_pilot/runs/run-001/q03-dynamo-r2.jsonl -> dynamo_diff-0.1.0/benchmarks/agent_pilot/runs/run-001
core (macos-latest)	Build wheel and source archive	2026-09-07T16:59:12.7743330Z copying benchmarks/agent_pilot/runs/run-001/q03-raw-r1.json -> dynamo_diff-0.1.0/benchmarks/agent_pilot/runs/run-001
core (macos-latest)	Build wheel and source archive	2026-09-07T16:59:12.7750980Z copying benchmarks/agent_pilot/runs/run-001/q03-raw-r1.jsonl -> dynamo_diff-0.1.0/benchmarks/agent_pilot/runs/run-001
core (macos-latest)	Build wheel and source archive	2026-09-07T16:59:12.7753300Z copying benchmarks/agent_pilot/runs/run-001/q03-raw-r2.json -> dynamo_diff-0.1.0/benchmarks/agent_pilot/runs/run-001
core (macos-latest)	Build wheel and source archive	2026-09-07T16:59:12.7754150Z copying benchmarks/agent_pilot/runs/run-001/q03-raw-r2.jsonl -> dynamo_diff-0.1.0/benchmarks/agent_pilot/runs/run-001
core (macos-latest)	Build wheel and source archive	2026-09-07T16:59:12.7755180Z copying benchmarks/agent_pilot/runs/run-001/q03-tlparse-r1.json -> dynamo_diff-0.1.0/benchmarks/agent_pilot/runs/run-001
core (macos-latest)	Build wheel and source archive	2026-09-07T16:59:12.7757950Z copying benchmarks/agent_pilot/runs/run-001/q03-tlparse-r1.jsonl -> dynamo_diff-0.1.0/benchmarks/agent_pilot/runs/run-001
core (macos-latest)	Build wheel and source archive	2026-09-07T16:59:12.7765580Z copying benchmarks/agent_pilot/runs/run-001/q03-tlparse-r2.json -> dynamo_diff-0.1.0/benchmarks/agent_pilot/runs/run-001
core (macos-latest)	Build wheel and source archive	2026-09-07T16:59:12.7768160Z copying benchmarks/agent_pilot/runs/run-001/q03-tlparse-r2.jsonl -> dynamo_diff-0.1.0/benchmarks/agent_pilot/runs/run-001
core (macos-latest)	Build wheel and source archive	2026-09-07T16:59:12.7780180Z copying benchmarks/agent_pilot/runs/run-001/q04-dynamo-r1.json -> dynamo_diff-0.1.0/benchmarks/agent_pilot/runs/run-001
core (macos-latest)	Build wheel and source archive	2026-09-07T16:59:12.7883790Z copying benchmarks/agent_pilot/runs/run-001/q04-dynamo-r1.jsonl -> dynamo_diff-0.1.0/benchmarks/agent_pilot/runs/run-001
core (macos-latest)	Build wheel and source archive	2026-09-07T16:59:12.7985630Z copying benchmarks/agent_pilot/runs/run-001/q04-dynamo-r2.json -> dynamo_diff-0.1.0/benchmarks/agent_pilot/runs/run-001
core (macos-latest)	Build wheel and source archive	2026-09-07T16:59:12.8087040Z copying benchmarks/agent_pilot/runs/run-001/q04-dynamo-r2.jsonl -> dynamo_diff-0.1.0/benchmarks/agent_pilot/runs/run-001
core (macos-latest)	Build wheel and source archive	2026-09-07T16:59:12.8214970Z copying benchmarks/agent_pilot/runs/run-001/q04-raw-r1.json -> dynamo_diff-0.1.0/benchmarks/agent_pilot/runs/run-001
core (macos-latest)	Build wheel and source archive	2026-09-07T16:59:12.8317110Z copying benchmarks/agent_pilot/runs/run-001/q04-raw-r1.jsonl -> dynamo_diff-0.1.0/benchmarks/agent_pilot/runs/run-001
core (macos-latest)	Build wheel and source archive	2026-09-07T16:59:12.8418610Z copying benchmarks/agent_pilot/runs/run-001/q04-raw-r2.json -> dynamo_diff-0.1.0/benchmarks/agent_pilot/runs/run-001
core (macos-latest)	Build wheel and source archive	2026-09-07T16:59:12.8520520Z copying benchmarks/agent_pilot/runs/run-001/q04-raw-r2.jsonl -> dynamo_diff-0.1.0/benchmarks/agent_pilot/runs/run-001
core (macos-latest)	Build wheel and source archive	2026-09-07T16:59:12.8624580Z copying benchmarks/agent_pilot/runs/run-001/q04-tlparse-r1.json -> dynamo_diff-0.1.0/benchmarks/agent_pilot/runs/run-001
core (macos-latest)	Build wheel and source archive	2026-09-07T16:59:12.8711120Z copying benchmarks/agent_pilot/runs/run-001/q04-tlparse-r1.jsonl -> dynamo_diff-0.1.0/benchmarks/agent_pilot/runs/run-001
core (macos-latest)	Build wheel and source archive	2026-09-07T16:59:12.8713930Z copying benchmarks/agent_pilot/runs/run-001/q04-tlparse-r2.json -> dynamo_diff-0.1.0/benchmarks/agent_pilot/runs/run-001
core (macos-latest)	Build wheel and source archive	2026-09-07T16:59:12.8714860Z copying benchmarks/agent_pilot/runs/run-001/q04-tlparse-r2.jsonl -> dynamo_diff-0.1.0/benchmarks/agent_pilot/runs/run-001
core (macos-latest)	Build wheel and source archive	2026-09-07T16:59:12.8716320Z copying benchmarks/agent_pilot/runs/run-001/q05-dynamo-r1.json -> dynamo_diff-0.1.0/benchmarks/agent_pilot/runs/run-001
core (macos-latest)	Build wheel and source archive	2026-09-07T16:59:12.8818600Z copying benchmarks/agent_pilot/runs/run-001/q05-dynamo-r1.jsonl -> dynamo_diff-0.1.0/benchmarks/agent_pilot/runs/run-001
core (macos-latest)	Build wheel and source archive	2026-09-07T16:59:12.8920210Z copying benchmarks/agent_pilot/runs/run-001/q05-dynamo-r2.json -> dynamo_diff-0.1.0/benchmarks/agent_pilot/runs/run-001
core (macos-latest)	Build wheel and source archive	2026-09-07T16:59:12.9022410Z copying benchmarks/agent_pilot/runs/run-001/q05-dynamo-r2.jsonl -> dynamo_diff-0.1.0/benchmarks/agent_pilot/runs/run-001
core (macos-latest)	Build wheel and source archive	2026-09-07T16:59:12.9062020Z copying benchmarks/agent_pilot/runs/run-001/q05-raw-r1.json -> dynamo_diff-0.1.0/benchmarks/agent_pilot/runs/run-001
core (macos-latest)	Build wheel and source archive	2026-09-07T16:59:12.9071360Z copying benchmarks/agent_pilot/runs/run-001/q05-raw-r1.jsonl -> dynamo_diff-0.1.0/benchmarks/agent_pilot/runs/run-001
core (macos-latest)	Build wheel and source archive	2026-09-07T16:59:12.9092130Z copying benchmarks/agent_pilot/runs/run-001/q05-raw-r2.json -> dynamo_diff-0.1.0/benchmarks/agent_pilot/runs/run-001
core (macos-latest)	Build wheel and source archive	2026-09-07T16:59:12.9103530Z copying benchmarks/agent_pilot/runs/run-001/q05-raw-r2.jsonl -> dynamo_diff-0.1.0/benchmarks/agent_pilot/runs/run-001
core (macos-latest)	Build wheel and source archive	2026-09-07T16:59:12.9104400Z copying benchmarks/agent_pilot/runs/run-001/q05-tlparse-r1.json -> dynamo_diff-0.1.0/benchmarks/agent_pilot/runs/run-001
core (macos-latest)	Build wheel and source archive	2026-09-07T16:59:12.9105520Z copying benchmarks/agent_pilot/runs/run-001/q05-tlparse-r1.jsonl -> dynamo_diff-0.1.0/benchmarks/agent_pilot/runs/run-001
core (macos-latest)	Build wheel and source archive	2026-09-07T16:59:12.9106760Z copying benchmarks/agent_pilot/runs/run-001/q05-tlparse-r2.json -> dynamo_diff-0.1.0/benchmarks/agent_pilot/runs/run-001
core (macos-latest)	Build wheel and source archive	2026-09-07T16:59:12.9107680Z copying benchmarks/agent_pilot/runs/run-001/q05-tlparse-r2.jsonl -> dynamo_diff-0.1.0/benchmarks/agent_pilot/runs/run-001
core (macos-latest)	Build wheel and source archive	2026-09-07T16:59:12.9108790Z copying benchmarks/agent_pilot/runs/run-001/q06-dynamo-r1.json -> dynamo_diff-0.1.0/benchmarks/agent_pilot/runs/run-001
core (macos-latest)	Build wheel and source archive	2026-09-07T16:59:12.9109710Z copying benchmarks/agent_pilot/runs/run-001/q06-dynamo-r1.jsonl -> dynamo_diff-0.1.0/benchmarks/agent_pilot/runs/run-001
core (macos-latest)	Build wheel and source archive	2026-09-07T16:59:12.9110460Z copying benchmarks/agent_pilot/runs/run-001/q06-dynamo-r2.json -> dynamo_diff-0.1.0/benchmarks/agent_pilot/runs/run-001
core (macos-latest)	Build wheel and source archive	2026-09-07T16:59:12.9111330Z copying benchmarks/agent_pilot/runs/run-001/q06-dynamo-r2.jsonl -> dynamo_diff-0.1.0/benchmarks/agent_pilot/runs/run-001
core (macos-latest)	Build wheel and source archive	2026-09-07T16:59:12.9112280Z copying benchmarks/agent_pilot/runs/run-001/q06-raw-r1.json -> dynamo_diff-0.1.0/benchmarks/agent_pilot/runs/run-001
core (macos-latest)	Build wheel and source archive	2026-09-07T16:59:12.9113010Z copying benchmarks/agent_pilot/runs/run-001/q06-raw-r1.jsonl -> dynamo_diff-0.1.0/benchmarks/agent_pilot/runs/run-001
core (macos-latest)	Build wheel and source archive	2026-09-07T16:59:12.9113910Z copying benchmarks/agent_pilot/runs/run-001/q06-raw-r2.json -> dynamo_diff-0.1.0/benchmarks/agent_pilot/runs/run-001
core (macos-latest)	Build wheel and source archive	2026-09-07T16:59:12.9114670Z copying benchmarks/agent_pilot/runs/run-001/q06-raw-r2.jsonl -> dynamo_diff-0.1.0/benchmarks/agent_pilot/runs/run-001
core (macos-latest)	Build wheel and source archive	2026-09-07T16:59:12.9116020Z copying benchmarks/agent_pilot/runs/run-001/q06-tlparse-r1.json -> dynamo_diff-0.1.0/benchmarks/agent_pilot/runs/run-001
core (macos-latest)	Build wheel and source archive	2026-09-07T16:59:12.9116740Z copying benchmarks/agent_pilot/runs/run-001/q06-tlparse-r1.jsonl -> dynamo_diff-0.1.0/benchmarks/agent_pilot/runs/run-001
core (macos-latest)	Build wheel and source archive	2026-09-07T16:59:12.9117710Z copying benchmarks/agent_pilot/runs/run-001/q06-tlparse-r2.json -> dynamo_diff-0.1.0/benchmarks/agent_pilot/runs/run-001
core (macos-latest)	Build wheel and source archive	2026-09-07T16:59:12.9118610Z copying benchmarks/agent_pilot/runs/run-001/q06-tlparse-r2.jsonl -> dynamo_diff-0.1.0/benchmarks/agent_pilot/runs/run-001
core (macos-latest)	Build wheel and source archive	2026-09-07T16:59:12.9119840Z copying benchmarks/agent_pilot/runs/run-001/q07-dynamo-r1.json -> dynamo_diff-0.1.0/benchmarks/agent_pilot/runs/run-001
core (macos-latest)	Build wheel and source archive	2026-09-07T16:59:12.9120720Z copying benchmarks/agent_pilot/runs/run-001/q07-dynamo-r1.jsonl -> dynamo_diff-0.1.0/benchmarks/agent_pilot/runs/run-001
core (macos-latest)	Build wheel and source archive	2026-09-07T16:59:12.9122460Z copying benchmarks/agent_pilot/runs/run-001/q07-dynamo-r2.json -> dynamo_diff-0.1.0/benchmarks/agent_pilot/runs/run-001
core (macos-latest)	Build wheel and source archive	2026-09-07T16:59:12.9123550Z copying benchmarks/agent_pilot/runs/run-001/q07-dynamo-r2.jsonl -> dynamo_diff-0.1.0/benchmarks/agent_pilot/runs/run-001
core (macos-latest)	Build wheel and source archive	2026-09-07T16:59:12.9124610Z copying benchmarks/agent_pilot/runs/run-001/q07-raw-r1.json -> dynamo_diff-0.1.0/benchmarks/agent_pilot/runs/run-001
core (macos-latest)	Build wheel and source archive	2026-09-07T16:59:12.9125570Z copying benchmarks/agent_pilot/runs/run-001/q07-raw-r1.jsonl -> dynamo_diff-0.1.0/benchmarks/agent_pilot/runs/run-001
core (macos-latest)	Build wheel and source archive	2026-09-07T16:59:12.9126500Z copying benchmarks/agent_pilot/runs/run-001/q07-raw-r2.json -> dynamo_diff-0.1.0/benchmarks/agent_pilot/runs/run-001
core (macos-latest)	Build wheel and source archive	2026-09-07T16:59:12.9127580Z copying benchmarks/agent_pilot/runs/run-001/q07-raw-r2.jsonl -> dynamo_diff-0.1.0/benchmarks/agent_pilot/runs/run-001
core (macos-latest)	Build wheel and source archive	2026-09-07T16:59:12.9128960Z copying benchmarks/agent_pilot/runs/run-001/q07-tlparse-r1.json -> dynamo_diff-0.1.0/benchmarks/agent_pilot/runs/run-001
core (macos-latest)	Build wheel and source archive	2026-09-07T16:59:12.9129810Z copying benchmarks/agent_pilot/runs/run-001/q07-tlparse-r1.jsonl -> dynamo_diff-0.1.0/benchmarks/agent_pilot/runs/run-001
core (macos-latest)	Build wheel and source archive	2026-09-07T16:59:12.9130630Z copying benchmarks/agent_pilot/runs/run-001/q07-tlparse-r2.json -> dynamo_diff-0.1.0/benchmarks/agent_pilot/runs/run-001
core (macos-latest)	Build wheel and source archive	2026-09-07T16:59:12.9153260Z copying benchmarks/agent_pilot/runs/run-001/q07-tlparse-r2.jsonl -> dynamo_diff-0.1.0/benchmarks/agent_pilot/runs/run-001
core (macos-latest)	Build wheel and source archive	2026-09-07T16:59:12.9155410Z copying benchmarks/agent_pilot/runs/run-001/q08-dynamo-r1.json -> dynamo_diff-0.1.0/benchmarks/agent_pilot/runs/run-001
core (macos-latest)	Build wheel and source archive	2026-09-07T16:59:12.9158170Z copying benchmarks/agent_pilot/runs/run-001/q08-dynamo-r1.jsonl -> dynamo_diff-0.1.0/benchmarks/agent_pilot/runs/run-001
core (macos-latest)	Build wheel and source archive	2026-09-07T16:59:12.9159970Z copying benchmarks/agent_pilot/runs/run-001/q08-dynamo-r2.json -> dynamo_diff-0.1.0/benchmarks/agent_pilot/runs/run-001
core (macos-latest)	Build wheel and source archive	2026-09-07T16:59:12.9162780Z copying benchmarks/agent_pilot/runs/run-001/q08-dynamo-r2.jsonl -> dynamo_diff-0.1.0/benchmarks/agent_pilot/runs/run-001
core (macos-latest)	Build wheel and source archive	2026-09-07T16:59:12.9164510Z copying benchmarks/agent_pilot/runs/run-001/q08-raw-r1.json -> dynamo_diff-0.1.0/benchmarks/agent_pilot/runs/run-001
core (macos-latest)	Build wheel and source archive	2026-09-07T16:59:12.9166250Z copying benchmarks/agent_pilot/runs/run-001/q08-raw-r1.jsonl -> dynamo_diff-0.1.0/benchmarks/agent_pilot/runs/run-001
core (macos-latest)	Build wheel and source archive	2026-09-07T16:59:12.9167910Z copying benchmarks/agent_pilot/runs/run-001/q08-raw-r2.json -> dynamo_diff-0.1.0/benchmarks/agent_pilot/runs/run-001
core (macos-latest)	Build wheel and source archive	2026-09-07T16:59:12.9170110Z copying benchmarks/agent_pilot/runs/run-001/q08-raw-r2.jsonl -> dynamo_diff-0.1.0/benchmarks/agent_pilot/runs/run-001
core (macos-latest)	Build wheel and source archive	2026-09-07T16:59:12.9172220Z copying benchmarks/agent_pilot/runs/run-001/q08-tlparse-r1.json -> dynamo_diff-0.1.0/benchmarks/agent_pilot/runs/run-001
core (macos-latest)	Build wheel and source archive	2026-09-07T16:59:12.9174340Z copying benchmarks/agent_pilot/runs/run-001/q08-tlparse-r1.jsonl -> dynamo_diff-0.1.0/benchmarks/agent_pilot/runs/run-001
core (macos-latest)	Build wheel and source archive	2026-09-07T16:59:12.9178290Z copying benchmarks/agent_pilot/runs/run-001/q08-tlparse-r2.json -> dynamo_diff-0.1.0/benchmarks/agent_pilot/runs/run-001
core (macos-latest)	Build wheel and source archive	2026-09-07T16:59:12.9180450Z copying benchmarks/agent_pilot/runs/run-001/q08-tlparse-r2.jsonl -> dynamo_diff-0.1.0/benchmarks/agent_pilot/runs/run-001
core (macos-latest)	Build wheel and source archive	2026-09-07T16:59:12.9183190Z copying benchmarks/agent_pilot/runs/run-001/q09-dynamo-r1.json -> dynamo_diff-0.1.0/benchmarks/agent_pilot/runs/run-001
core (macos-latest)	Build wheel and source archive	2026-09-07T16:59:12.9185210Z copying benchmarks/agent_pilot/runs/run-001/q09-dynamo-r1.jsonl -> dynamo_diff-0.1.0/benchmarks/agent_pilot/runs/run-001
core (macos-latest)	Build wheel and source archive	2026-09-07T16:59:12.9188140Z copying benchmarks/agent_pilot/runs/run-001/q09-dynamo-r2.json -> dynamo_diff-0.1.0/benchmarks/agent_pilot/runs/run-001
core (macos-latest)	Build wheel and source archive	2026-09-07T16:59:12.9189000Z copying benchmarks/agent_pilot/runs/run-001/q09-dynamo-r2.jsonl -> dynamo_diff-0.1.0/benchmarks/agent_pilot/runs/run-001
core (macos-latest)	Build wheel and source archive	2026-09-07T16:59:12.9190730Z copying benchmarks/agent_pilot/runs/run-001/q09-raw-r1.json -> dynamo_diff-0.1.0/benchmarks/agent_pilot/runs/run-001
core (macos-latest)	Build wheel and source archive	2026-09-07T16:59:12.9193970Z copying benchmarks/agent_pilot/runs/run-001/q09-raw-r1.jsonl -> dynamo_diff-0.1.0/benchmarks/agent_pilot/runs/run-001
core (macos-latest)	Build wheel and source archive	2026-09-07T16:59:12.9195190Z copying benchmarks/agent_pilot/runs/run-001/q09-raw-r2.json -> dynamo_diff-0.1.0/benchmarks/agent_pilot/runs/run-001
core (macos-latest)	Build wheel and source archive	2026-09-07T16:59:12.9197800Z copying benchmarks/agent_pilot/runs/run-001/q09-raw-r2.jsonl -> dynamo_diff-0.1.0/benchmarks/agent_pilot/runs/run-001
core (macos-latest)	Build wheel and source archive	2026-09-07T16:59:12.9199680Z copying benchmarks/agent_pilot/runs/run-001/q09-tlparse-r1.json -> dynamo_diff-0.1.0/benchmarks/agent_pilot/runs/run-001
core (macos-latest)	Build wheel and source archive	2026-09-07T16:59:12.9201680Z copying benchmarks/agent_pilot/runs/run-001/q09-tlparse-r1.jsonl -> dynamo_diff-0.1.0/benchmarks/agent_pilot/runs/run-001
core (macos-latest)	Build wheel and source archive	2026-09-07T16:59:12.9203150Z copying benchmarks/agent_pilot/runs/run-001/q09-tlparse-r2.json -> dynamo_diff-0.1.0/benchmarks/agent_pilot/runs/run-001
core (macos-latest)	Build wheel and source archive	2026-09-07T16:59:12.9204260Z copying benchmarks/agent_pilot/runs/run-001/q09-tlparse-r2.jsonl -> dynamo_diff-0.1.0/benchmarks/agent_pilot/runs/run-001
core (macos-latest)	Build wheel and source archive	2026-09-07T16:59:12.9205220Z copying benchmarks/agent_pilot/runs/run-001/q10-dynamo-r1.json -> dynamo_diff-0.1.0/benchmarks/agent_pilot/runs/run-001
core (macos-latest)	Build wheel and source archive	2026-09-07T16:59:12.9206070Z copying benchmarks/agent_pilot/runs/run-001/q10-dynamo-r1.jsonl -> dynamo_diff-0.1.0/benchmarks/agent_pilot/runs/run-001
core (macos-latest)	Build wheel and source archive	2026-09-07T16:59:12.9206910Z copying benchmarks/agent_pilot/runs/run-001/q10-dynamo-r2.json -> dynamo_diff-0.1.0/benchmarks/agent_pilot/runs/run-001
core (macos-latest)	Build wheel and source archive	2026-09-07T16:59:12.9207690Z copying benchmarks/agent_pilot/runs/run-001/q10-dynamo-r2.jsonl -> dynamo_diff-0.1.0/benchmarks/agent_pilot/runs/run-001
core (macos-latest)	Build wheel and source archive	2026-09-07T16:59:12.9208560Z copying benchmarks/agent_pilot/runs/run-001/q10-raw-r1.json -> dynamo_diff-0.1.0/benchmarks/agent_pilot/runs/run-001
core (macos-latest)	Build wheel and source archive	2026-09-07T16:59:12.9209410Z copying benchmarks/agent_pilot/runs/run-001/q10-raw-r1.jsonl -> dynamo_diff-0.1.0/benchmarks/agent_pilot/runs/run-001
core (macos-latest)	Build wheel and source archive	2026-09-07T16:59:12.9210130Z copying benchmarks/agent_pilot/runs/run-001/q10-raw-r2.json -> dynamo_diff-0.1.0/benchmarks/agent_pilot/runs/run-001
core (macos-latest)	Build wheel and source archive	2026-09-07T16:59:12.9211050Z copying benchmarks/agent_pilot/runs/run-001/q10-raw-r2.jsonl -> dynamo_diff-0.1.0/benchmarks/agent_pilot/runs/run-001
core (macos-latest)	Build wheel and source archive	2026-09-07T16:59:12.9211720Z copying benchmarks/agent_pilot/runs/run-001/q10-tlparse-r1.json -> dynamo_diff-0.1.0/benchmarks/agent_pilot/runs/run-001
core (macos-latest)	Build wheel and source archive	2026-09-07T16:59:12.9212390Z copying benchmarks/agent_pilot/runs/run-001/q10-tlparse-r1.jsonl -> dynamo_diff-0.1.0/benchmarks/agent_pilot/runs/run-001
core (macos-latest)	Build wheel and source archive	2026-09-07T16:59:12.9213050Z copying benchmarks/agent_pilot/runs/run-001/q10-tlparse-r2.json -> dynamo_diff-0.1.0/benchmarks/agent_pilot/runs/run-001
core (macos-latest)	Build wheel and source archive	2026-09-07T16:59:12.9213720Z copying benchmarks/agent_pilot/runs/run-001/q10-tlparse-r2.jsonl -> dynamo_diff-0.1.0/benchmarks/agent_pilot/runs/run-001
core (macos-latest)	Build wheel and source archive	2026-09-07T16:59:12.9214390Z copying benchmarks/agent_pilot/runs/run-001/receipt.json -> dynamo_diff-0.1.0/benchmarks/agent_pilot/runs/run-001
core (macos-latest)	Build wheel and source archive	2026-09-07T16:59:12.9215460Z copying benchmarks/agent_pilot/runs/run-001/analysis/MODEL_REVIEW.md -> dynamo_diff-0.1.0/benchmarks/agent_pilot/runs/run-001/analysis
core (macos-latest)	Build wheel and source archive	2026-09-07T16:59:12.9216270Z copying benchmarks/agent_pilot/runs/run-001/analysis/RESULTS.md -> dynamo_diff-0.1.0/benchmarks/agent_pilot/runs/run-001/analysis
core (macos-latest)	Build wheel and source archive	2026-09-07T16:59:12.9217010Z copying benchmarks/agent_pilot/runs/run-001/analysis/SCORING_NOTES.md -> dynamo_diff-0.1.0/benchmarks/agent_pilot/runs/run-001/analysis
core (macos-latest)	Build wheel and source archive	2026-09-07T16:59:12.9218400Z copying benchmarks/agent_pilot/runs/run-001/analysis/format-sensitivity.json -> dynamo_diff-0.1.0/benchmarks/agent_pilot/runs/run-001/analysis
core (macos-latest)	Build wheel and source archive	2026-09-07T16:59:12.9219320Z copying benchmarks/agent_pilot/runs/run-001/analysis/scorer-v1.py -> dynamo_diff-0.1.0/benchmarks/agent_pilot/runs/run-001/analysis
core (macos-latest)	Build wheel and source archive	2026-09-07T16:59:12.9220200Z copying benchmarks/agent_pilot/runs/run-001/analysis/scores.json -> dynamo_diff-0.1.0/benchmarks/agent_pilot/runs/run-001/analysis
core (macos-latest)	Build wheel and source archive	2026-09-07T16:59:12.9221160Z copying benchmarks/results/conversion-baseline.json -> dynamo_diff-0.1.0/benchmarks/results
core (macos-latest)	Build wheel and source archive	2026-09-07T16:59:12.9221710Z copying benchmarks/results/import-baseline.json -> dynamo_diff-0.1.0/benchmarks/results
core (macos-latest)	Build wheel and source archive	2026-09-07T16:59:12.9222250Z copying benchmarks/results/import-hardening-v4.json -> dynamo_diff-0.1.0/benchmarks/results
core (macos-latest)	Build wheel and source archive	2026-09-07T16:59:12.9222820Z copying case_studies/transformers_cache/README.md -> dynamo_diff-0.1.0/case_studies/transformers_cache
core (macos-latest)	Build wheel and source archive	2026-09-07T16:59:12.9223940Z copying case_studies/transformers_cache/comparison.json -> dynamo_diff-0.1.0/case_studies/transformers_cache
core (macos-latest)	Build wheel and source archive	2026-09-07T16:59:12.9225090Z copying case_studies/transformers_cache/expected.json -> dynamo_diff-0.1.0/case_studies/transformers_cache
core (macos-latest)	Build wheel and source archive	2026-09-07T16:59:12.9225820Z copying case_studies/transformers_cache/reproduce.py -> dynamo_diff-0.1.0/case_studies/transformers_cache
core (macos-latest)	Build wheel and source archive	2026-09-07T16:59:12.9226400Z copying case_studies/transformers_cache/verify.py -> dynamo_diff-0.1.0/case_studies/transformers_cache
core (macos-latest)	Build wheel and source archive	2026-09-07T16:59:12.9227090Z copying case_studies/transformers_cache/workload.py.in -> dynamo_diff-0.1.0/case_studies/transformers_cache
core (macos-latest)	Build wheel and source archive	2026-09-07T16:59:12.9227840Z copying case_studies/transformers_cache/captures/baseline/conversion.txt -> dynamo_diff-0.1.0/case_studies/transformers_cache/captures/baseline
core (macos-latest)	Build wheel and source archive	2026-09-07T16:59:12.9228790Z copying case_studies/transformers_cache/captures/baseline/manifest.json -> dynamo_diff-0.1.0/case_studies/transformers_cache/captures/baseline
core (macos-latest)	Build wheel and source archive	2026-09-07T16:59:12.9229720Z copying case_studies/transformers_cache/captures/baseline/stderr.txt -> dynamo_diff-0.1.0/case_studies/transformers_cache/captures/baseline
core (macos-latest)	Build wheel and source archive	2026-09-07T16:59:12.9230500Z copying case_studies/transformers_cache/captures/baseline/stdout.txt -> dynamo_diff-0.1.0/case_studies/transformers_cache/captures/baseline
core (macos-latest)	Build wheel and source archive	2026-09-07T16:59:12.9231440Z copying case_studies/transformers_cache/captures/baseline/workload-result.json -> dynamo_diff-0.1.0/case_studies/transformers_cache/captures/baseline
core (macos-latest)	Build wheel and source archive	2026-09-07T16:59:12.9233060Z copying case_studies/transformers_cache/captures/baseline/raw/dedicated_log_torch_trace_dl7bdncq.log -> dynamo_diff-0.1.0/case_studies/transformers_cache/captures/baseline/raw
core (macos-latest)	Build wheel and source archive	2026-09-07T16:59:12.9234120Z copying case_studies/transformers_cache/captures/baseline/report/chromium_events.json -> dynamo_diff-0.1.0/case_studies/transformers_cache/captures/baseline/report
core (macos-latest)	Build wheel and source archive	2026-09-07T16:59:12.9235130Z copying case_studies/transformers_cache/captures/baseline/report/compile_directory.json -> dynamo_diff-0.1.0/case_studies/transformers_cache/captures/baseline/report
core (macos-latest)	Build wheel and source archive	2026-09-07T16:59:12.9236850Z copying case_studies/transformers_cache/captures/baseline/report/failures_and_restarts.html -> dynamo_diff-0.1.0/case_studies/transformers_cache/captures/baseline/report
core (macos-latest)	Build wheel and source archive	2026-09-07T16:59:12.9239630Z copying case_studies/transformers_cache/captures/baseline/report/index.html -> dynamo_diff-0.1.0/case_studies/transformers_cache/captures/baseline/report
core (macos-latest)	Build wheel and source archive	2026-09-07T16:59:12.9241930Z copying case_studies/transformers_cache/captures/baseline/report/raw.jsonl -> dynamo_diff-0.1.0/case_studies/transformers_cache/captures/baseline/report
core (macos-latest)	Build wheel and source archive	2026-09-07T16:59:12.9244840Z copying case_studies/transformers_cache/captures/baseline/report/raw.log -> dynamo_diff-0.1.0/case_studies/transformers_cache/captures/baseline/report
core (macos-latest)	Build wheel and source archive	2026-09-07T16:59:12.9245900Z copying case_studies/transformers_cache/captures/baseline/report/-_-_-_-/torch_version_0.json -> dynamo_diff-0.1.0/case_studies/transformers_cache/captures/baseline/report/-_-_-_-
core (macos-latest)	Build wheel and source archive	2026-09-07T16:59:12.9246960Z copying case_studies/transformers_cache/captures/baseline/report/-_0_0_0/compilation_metrics_4.html -> dynamo_diff-0.1.0/case_studies/transformers_cache/captures/baseline/report/-_0_0_0
core (macos-latest)	Build wheel and source archive	2026-09-07T16:59:12.9248060Z copying case_studies/transformers_cache/captures/baseline/report/-_0_0_0/dynamo_cpp_guards_str_3.txt -> dynamo_diff-0.1.0/case_studies/transformers_cache/captures/baseline/report/-_0_0_0
core (macos-latest)	Build wheel and source archive	2026-09-07T16:59:12.9249310Z copying case_studies/transformers_cache/captures/baseline/report/-_0_0_0/dynamo_output_graph_2.txt -> dynamo_diff-0.1.0/case_studies/transformers_cache/captures/baseline/report/-_0_0_0
core (macos-latest)	Build wheel and source archive	2026-09-07T16:59:12.9250750Z copying case_studies/transformers_cache/captures/baseline/report/-_0_0_0/dynamo_side_effects_1.txt -> dynamo_diff-0.1.0/case_studies/transformers_cache/captures/baseline/report/-_0_0_0
core (macos-latest)	Build wheel and source archive	2026-09-07T16:59:12.9251930Z copying case_studies/transformers_cache/captures/baseline/report/-_0_1_0/compilation_metrics_9.html -> dynamo_diff-0.1.0/case_studies/transformers_cache/captures/baseline/report/-_0_1_0
core (macos-latest)	Build wheel and source archive	2026-09-07T16:59:12.9253250Z copying case_studies/transformers_cache/captures/baseline/report/-_0_1_0/dynamo_cpp_guards_str_8.txt -> dynamo_diff-0.1.0/case_studies/transformers_cache/captures/baseline/report/-_0_1_0
core (macos-latest)	Build wheel and source archive	2026-09-07T16:59:12.9254420Z copying case_studies/transformers_cache/captures/baseline/report/-_0_1_0/dynamo_output_graph_7.txt -> dynamo_diff-0.1.0/case_studies/transformers_cache/captures/baseline/report/-_0_1_0
core (macos-latest)	Build wheel and source archive	2026-09-07T16:59:12.9255520Z copying case_studies/transformers_cache/captures/baseline/report/-_0_1_0/dynamo_side_effects_6.txt -> dynamo_diff-0.1.0/case_studies/transformers_cache/captures/baseline/report/-_0_1_0
core (macos-latest)	Build wheel and source archive	2026-09-07T16:59:12.9256520Z copying case_studies/transformers_cache/captures/baseline/report/-_0_1_0/recompile_reasons_5.json -> dynamo_diff-0.1.0/case_studies/transformers_cache/captures/baseline/report/-_0_1_0
core (macos-latest)	Build wheel and source archive	2026-09-07T16:59:12.9257540Z copying case_studies/transformers_cache/captures/baseline/report/-_0_2_0/compilation_metrics_14.html -> dynamo_diff-0.1.0/case_studies/transformers_cache/captures/baseline/report/-_0_2_0
core (macos-latest)	Build wheel and source archive	2026-09-07T16:59:12.9260140Z copying case_studies/transformers_cache/captures/baseline/report/-_0_2_0/dynamo_cpp_guards_str_13.txt -> dynamo_diff-0.1.0/case_studies/transformers_cache/captures/baseline/report/-_0_2_0
core (macos-latest)	Build wheel and source archive	2026-09-07T16:59:12.9261590Z copying case_studies/transformers_cache/captures/baseline/report/-_0_2_0/dynamo_output_graph_12.txt -> dynamo_diff-0.1.0/case_studies/transformers_cache/captures/baseline/report/-_0_2_0
core (macos-latest)	Build wheel and source archive	2026-09-07T16:59:12.9262760Z copying case_studies/transformers_cache/captures/baseline/report/-_0_2_0/dynamo_side_effects_11.txt -> dynamo_diff-0.1.0/case_studies/transformers_cache/captures/baseline/report/-_0_2_0
core (macos-latest)	Build wheel and source archive	2026-09-07T16:59:12.9264280Z copying case_studies/transformers_cache/captures/baseline/report/-_0_2_0/recompile_reasons_10.json -> dynamo_diff-0.1.0/case_studies/transformers_cache/captures/baseline/report/-_0_2_0
core (macos-latest)	Build wheel and source archive	2026-09-07T16:59:12.9265290Z copying case_studies/transformers_cache/captures/baseline/sources/run.py -> dynamo_diff-0.1.0/case_studies/transformers_cache/captures/baseline/sources
core (macos-latest)	Build wheel and source archive	2026-09-07T16:59:12.9267090Z copying case_studies/transformers_cache/captures/baseline/sources/torch/_dynamo/convert_frame.py -> dynamo_diff-0.1.0/case_studies/transformers_cache/captures/baseline/sources/torch/_dynamo
core (macos-latest)	Build wheel and source archive	2026-09-07T16:59:12.9268610Z copying case_studies/transformers_cache/captures/baseline/sources/torch/_dynamo/eval_frame.py -> dynamo_diff-0.1.0/case_studies/transformers_cache/captures/baseline/sources/torch/_dynamo
core (macos-latest)	Build wheel and source archive	2026-09-07T16:59:12.9269860Z copying case_studies/transformers_cache/captures/baseline/sources/torch/utils/_contextlib.py -> dynamo_diff-0.1.0/case_studies/transformers_cache/captures/baseline/sources/torch/utils
core (macos-latest)	Build wheel and source archive	2026-09-07T16:59:12.9270930Z copying case_studies/transformers_cache/captures/baseline/sources/transformers/cache_utils.py -> dynamo_diff-0.1.0/case_studies/transformers_cache/captures/baseline/sources/transformers
core (macos-latest)	Build wheel and source archive	2026-09-07T16:59:12.9272000Z copying case_studies/transformers_cache/captures/baseline/sources/transformers/generation/utils.py -> dynamo_diff-0.1.0/case_studies/transformers_cache/captures/baseline/sources/transformers/generation
core (macos-latest)	Build wheel and source archive	2026-09-07T16:59:12.9273730Z copying case_studies/transformers_cache/captures/baseline/sources/transformers/models/llama/modeling_llama.py -> dynamo_diff-0.1.0/case_studies/transformers_cache/captures/baseline/sources/transformers/models/llama
core (macos-latest)	Build wheel and source archive	2026-09-07T16:59:12.9275100Z copying case_studies/transformers_cache/captures/baseline/sources/transformers/utils/generic.py -> dynamo_diff-0.1.0/case_studies/transformers_cache/captures/baseline/sources/transformers/utils
core (macos-latest)	Build wheel and source archive	2026-09-07T16:59:12.9276330Z copying case_studies/transformers_cache/captures/candidate/conversion.txt -> dynamo_diff-0.1.0/case_studies/transformers_cache/captures/candidate
core (macos-latest)	Build wheel and source archive	2026-09-07T16:59:12.9277370Z copying case_studies/transformers_cache/captures/candidate/manifest.json -> dynamo_diff-0.1.0/case_studies/transformers_cache/captures/candidate
core (macos-latest)	Build wheel and source archive	2026-09-07T16:59:12.9278950Z copying case_studies/transformers_cache/captures/candidate/stderr.txt -> dynamo_diff-0.1.0/case_studies/transformers_cache/captures/candidate
core (macos-latest)	Build wheel and source archive	2026-09-07T16:59:12.9279820Z copying case_studies/transformers_cache/captures/candidate/stdout.txt -> dynamo_diff-0.1.0/case_studies/transformers_cache/captures/candidate
core (macos-latest)	Build wheel and source archive	2026-09-07T16:59:12.9280800Z copying case_studies/transformers_cache/captures/candidate/workload-result.json -> dynamo_diff-0.1.0/case_studies/transformers_cache/captures/candidate
core (macos-latest)	Build wheel and source archive	2026-09-07T16:59:12.9281710Z copying case_studies/transformers_cache/captures/candidate/raw/dedicated_log_torch_trace_6zafb6vo.log -> dynamo_diff-0.1.0/case_studies/transformers_cache/captures/candidate/raw
core (macos-latest)	Build wheel and source archive	2026-09-07T16:59:12.9282730Z copying case_studies/transformers_cache/captures/candidate/report/chromium_events.json -> dynamo_diff-0.1.0/case_studies/transformers_cache/captures/candidate/report
core (macos-latest)	Build wheel and source archive	2026-09-07T16:59:12.9284230Z copying case_studies/transformers_cache/captures/candidate/report/compile_directory.json -> dynamo_diff-0.1.0/case_studies/transformers_cache/captures/candidate/report
core (macos-latest)	Build wheel and source archive	2026-09-07T16:59:12.9285610Z copying case_studies/transformers_cache/captures/candidate/report/failures_and_restarts.html -> dynamo_diff-0.1.0/case_studies/transformers_cache/captures/candidate/report
core (macos-latest)	Build wheel and source archive	2026-09-07T16:59:12.9286510Z copying case_studies/transformers_cache/captures/candidate/report/index.html -> dynamo_diff-0.1.0/case_studies/transformers_cache/captures/candidate/report
core (macos-latest)	Build wheel and source archive	2026-09-07T16:59:12.9287350Z copying case_studies/transformers_cache/captures/candidate/report/raw.jsonl -> dynamo_diff-0.1.0/case_studies/transformers_cache/captures/candidate/report
core (macos-latest)	Build wheel and source archive	2026-09-07T16:59:12.9288980Z copying case_studies/transformers_cache/captures/candidate/report/raw.log -> dynamo_diff-0.1.0/case_studies/transformers_cache/captures/candidate/report
core (macos-latest)	Build wheel and source archive	2026-09-07T16:59:12.9290080Z copying case_studies/transformers_cache/captures/candidate/report/-_-_-_-/torch_version_0.json -> dynamo_diff-0.1.0/case_studies/transformers_cache/captures/candidate/report/-_-_-_-
core (macos-latest)	Build wheel and source archive	2026-09-07T16:59:12.9291110Z copying case_studies/transformers_cache/captures/candidate/report/-_0_0_0/compilation_metrics_4.html -> dynamo_diff-0.1.0/case_studies/transformers_cache/captures/candidate/report/-_0_0_0
core (macos-latest)	Build wheel and source archive	2026-09-07T16:59:12.9292150Z copying case_studies/transformers_cache/captures/candidate/report/-_0_0_0/dynamo_cpp_guards_str_3.txt -> dynamo_diff-0.1.0/case_studies/transformers_cache/captures/candidate/report/-_0_0_0
core (macos-latest)	Build wheel and source archive	2026-09-07T16:59:12.9293590Z copying case_studies/transformers_cache/captures/candidate/report/-_0_0_0/dynamo_output_graph_2.txt -> dynamo_diff-0.1.0/case_studies/transformers_cache/captures/candidate/report/-_0_0_0
core (macos-latest)	Build wheel and source archive	2026-09-07T16:59:12.9294810Z copying case_studies/transformers_cache/captures/candidate/report/-_0_0_0/dynamo_side_effects_1.txt -> dynamo_diff-0.1.0/case_studies/transformers_cache/captures/candidate/report/-_0_0_0
core (macos-latest)	Build wheel and source archive	2026-09-07T16:59:12.9295840Z copying case_studies/transformers_cache/captures/candidate/report/-_0_1_0/compilation_metrics_9.html -> dynamo_diff-0.1.0/case_studies/transformers_cache/captures/candidate/report/-_0_1_0
core (macos-latest)	Build wheel and source archive	2026-09-07T16:59:12.9297410Z copying case_studies/transformers_cache/captures/candidate/report/-_0_1_0/dynamo_cpp_guards_str_8.txt -> dynamo_diff-0.1.0/case_studies/transformers_cache/captures/candidate/report/-_0_1_0
core (macos-latest)	Build wheel and source archive	2026-09-07T16:59:12.9298490Z copying case_studies/transformers_cache/captures/candidate/report/-_0_1_0/dynamo_output_graph_7.txt -> dynamo_diff-0.1.0/case_studies/transformers_cache/captures/candidate/report/-_0_1_0
core (macos-latest)	Build wheel and source archive	2026-09-07T16:59:12.9300720Z copying case_studies/transformers_cache/captures/candidate/report/-_0_1_0/dynamo_side_effects_6.txt -> dynamo_diff-0.1.0/case_studies/transformers_cache/captures/candidate/report/-_0_1_0
core (macos-latest)	Build wheel and source archive	2026-09-07T16:59:12.9301780Z copying case_studies/transformers_cache/captures/candidate/report/-_0_1_0/recompile_reasons_5.json -> dynamo_diff-0.1.0/case_studies/transformers_cache/captures/candidate/report/-_0_1_0
core (macos-latest)	Build wheel and source archive	2026-09-07T16:59:12.9302720Z copying case_studies/transformers_cache/captures/candidate/sources/run.py -> dynamo_diff-0.1.0/case_studies/transformers_cache/captures/candidate/sources
core (macos-latest)	Build wheel and source archive	2026-09-07T16:59:12.9303770Z copying case_studies/transformers_cache/captures/candidate/sources/torch/_dynamo/convert_frame.py -> dynamo_diff-0.1.0/case_studies/transformers_cache/captures/candidate/sources/torch/_dynamo
core (macos-latest)	Build wheel and source archive	2026-09-07T16:59:12.9305120Z copying case_studies/transformers_cache/captures/candidate/sources/torch/_dynamo/eval_frame.py -> dynamo_diff-0.1.0/case_studies/transformers_cache/captures/candidate/sources/torch/_dynamo
core (macos-latest)	Build wheel and source archive	2026-09-07T16:59:12.9306190Z copying case_studies/transformers_cache/captures/candidate/sources/torch/utils/_contextlib.py -> dynamo_diff-0.1.0/case_studies/transformers_cache/captures/candidate/sources/torch/utils
core (macos-latest)	Build wheel and source archive	2026-09-07T16:59:12.9307330Z copying case_studies/transformers_cache/captures/candidate/sources/transformers/cache_utils.py -> dynamo_diff-0.1.0/case_studies/transformers_cache/captures/candidate/sources/transformers
core (macos-latest)	Build wheel and source archive	2026-09-07T16:59:12.9308530Z copying case_studies/transformers_cache/captures/candidate/sources/transformers/generation/utils.py -> dynamo_diff-0.1.0/case_studies/transformers_cache/captures/candidate/sources/transformers/generation
core (macos-latest)	Build wheel and source archive	2026-09-07T16:59:12.9309700Z copying case_studies/transformers_cache/captures/candidate/sources/transformers/models/llama/modeling_llama.py -> dynamo_diff-0.1.0/case_studies/transformers_cache/captures/candidate/sources/transformers/models/llama
core (macos-latest)	Build wheel and source archive	2026-09-07T16:59:12.9310960Z copying case_studies/transformers_cache/captures/candidate/sources/transformers/utils/generic.py -> dynamo_diff-0.1.0/case_studies/transformers_cache/captures/candidate/sources/transformers/utils
core (macos-latest)	Build wheel and source archive	2026-09-07T16:59:12.9311920Z copying docs/ARCHITECTURE.md -> dynamo_diff-0.1.0/docs
core (macos-latest)	Build wheel and source archive	2026-09-07T16:59:12.9312280Z copying docs/CAPTURING.md -> dynamo_diff-0.1.0/docs
core (macos-latest)	Build wheel and source archive	2026-09-07T16:59:12.9312570Z copying docs/COMPATIBILITY.md -> dynamo_diff-0.1.0/docs
core (macos-latest)	Build wheel and source archive	2026-09-07T16:59:12.9312860Z copying docs/COMPLETION_AUDIT.md -> dynamo_diff-0.1.0/docs
core (macos-latest)	Build wheel and source archive	2026-09-07T16:59:12.9313140Z copying docs/DEMO.md -> dynamo_diff-0.1.0/docs
core (macos-latest)	Build wheel and source archive	2026-09-07T16:59:12.9313400Z copying docs/FEASIBILITY.md -> dynamo_diff-0.1.0/docs
core (macos-latest)	Build wheel and source archive	2026-09-07T16:59:12.9313680Z copying docs/INTEGRATIONS.md -> dynamo_diff-0.1.0/docs
core (macos-latest)	Build wheel and source archive	2026-09-07T16:59:12.9313980Z copying docs/PERFORMANCE.md -> dynamo_diff-0.1.0/docs
core (macos-latest)	Build wheel and source archive	2026-09-07T16:59:12.9314270Z copying docs/PROJECT_SCOPE.md -> dynamo_diff-0.1.0/docs
core (macos-latest)	Build wheel and source archive	2026-09-07T16:59:12.9314590Z copying docs/RELEASING.md -> dynamo_diff-0.1.0/docs
core (macos-latest)	Build wheel and source archive	2026-09-07T16:59:12.9314910Z copying docs/SEMANTICS.md -> dynamo_diff-0.1.0/docs
core (macos-latest)	Build wheel and source archive	2026-09-07T16:59:12.9315170Z copying docs/STATUS.md -> dynamo_diff-0.1.0/docs
core (macos-latest)	Build wheel and source archive	2026-09-07T16:59:12.9315470Z copying docs/THIRD_PARTY_NOTICES.md -> dynamo_diff-0.1.0/docs
core (macos-latest)	Build wheel and source archive	2026-09-07T16:59:12.9315930Z copying docs/manifest.template.json -> dynamo_diff-0.1.0/docs
core (macos-latest)	Build wheel and source archive	2026-09-07T16:59:12.9317560Z copying docs/licenses/pytorch-2.14.0-LICENSE.txt -> dynamo_diff-0.1.0/docs/licenses
core (macos-latest)	Build wheel and source archive	2026-09-07T16:59:12.9318030Z copying docs/licenses/tlparse-0.4.3-LICENSE.txt -> dynamo_diff-0.1.0/docs/licenses
core (macos-latest)	Build wheel and source archive	2026-09-07T16:59:12.9318500Z copying docs/licenses/transformers-5.10.1-LICENSE.txt -> dynamo_diff-0.1.0/docs/licenses
core (macos-latest)	Build wheel and source archive	2026-09-07T16:59:12.9318970Z copying docs/schemas/capture-v1.schema.json -> dynamo_diff-0.1.0/docs/schemas
core (macos-latest)	Build wheel and source archive	2026-09-07T16:59:12.9319410Z copying docs/schemas/comparison-v1.schema.json -> dynamo_diff-0.1.0/docs/schemas
core (macos-latest)	Build wheel and source archive	2026-09-07T16:59:12.9319780Z copying fixtures/REVIEW.md -> dynamo_diff-0.1.0/fixtures
core (macos-latest)	Build wheel and source archive	2026-09-07T16:59:12.9320080Z copying fixtures/expected.json -> dynamo_diff-0.1.0/fixtures
core (macos-latest)	Build wheel and source archive	2026-09-07T16:59:12.9320770Z copying fixtures/captures/backend_failure/conversion.txt -> dynamo_diff-0.1.0/fixtures/captures/backend_failure
core (macos-latest)	Build wheel and source archive	2026-09-07T16:59:12.9321560Z copying fixtures/captures/backend_failure/manifest.json -> dynamo_diff-0.1.0/fixtures/captures/backend_failure
core (macos-latest)	Build wheel and source archive	2026-09-07T16:59:12.9322160Z copying fixtures/captures/backend_failure/stderr.txt -> dynamo_diff-0.1.0/fixtures/captures/backend_failure
core (macos-latest)	Build wheel and source archive	2026-09-07T16:59:12.9322930Z copying fixtures/captures/backend_failure/stdout.txt -> dynamo_diff-0.1.0/fixtures/captures/backend_failure
core (macos-latest)	Build wheel and source archive	2026-09-07T16:59:12.9323550Z copying fixtures/captures/backend_failure/workload-result.json -> dynamo_diff-0.1.0/fixtures/captures/backend_failure
core (macos-latest)	Build wheel and source archive	2026-09-07T16:59:12.9324420Z copying fixtures/captures/backend_failure/raw/dedicated_log_torch_trace_dhx_vygs.log -> dynamo_diff-0.1.0/fixtures/captures/backend_failure/raw
core (macos-latest)	Build wheel and source archive	2026-09-07T16:59:12.9325210Z copying fixtures/captures/backend_failure/report/chromium_events.json -> dynamo_diff-0.1.0/fixtures/captures/backend_failure/report
core (macos-latest)	Build wheel and source archive	2026-09-07T16:59:12.9326010Z copying fixtures/captures/backend_failure/report/compile_directory.json -> dynamo_diff-0.1.0/fixtures/captures/backend_failure/report
core (macos-latest)	Build wheel and source archive	2026-09-07T16:59:12.9326960Z copying fixtures/captures/backend_failure/report/failures_and_restarts.html -> dynamo_diff-0.1.0/fixtures/captures/backend_failure/report
core (macos-latest)	Build wheel and source archive	2026-09-07T16:59:12.9327830Z copying fixtures/captures/backend_failure/report/index.html -> dynamo_diff-0.1.0/fixtures/captures/backend_failure/report
core (macos-latest)	Build wheel and source archive	2026-09-07T16:59:12.9328490Z copying fixtures/captures/backend_failure/report/raw.jsonl -> dynamo_diff-0.1.0/fixtures/captures/backend_failure/report
core (macos-latest)	Build wheel and source archive	2026-09-07T16:59:12.9329130Z copying fixtures/captures/backend_failure/report/raw.log -> dynamo_diff-0.1.0/fixtures/captures/backend_failure/report
core (macos-latest)	Build wheel and source archive	2026-09-07T16:59:12.9329850Z copying fixtures/captures/backend_failure/report/-_-_-_-/torch_version_0.json -> dynamo_diff-0.1.0/fixtures/captures/backend_failure/report/-_-_-_-
core (macos-latest)	Build wheel and source archive	2026-09-07T16:59:12.9330660Z copying fixtures/captures/backend_failure/report/-_0_0_0/compilation_metrics_3.html -> dynamo_diff-0.1.0/fixtures/captures/backend_failure/report/-_0_0_0
core (macos-latest)	Build wheel and source archive	2026-09-07T16:59:12.9331770Z copying fixtures/captures/backend_failure/report/-_0_0_0/dynamo_error_2.txt -> dynamo_diff-0.1.0/fixtures/captures/backend_failure/report/-_0_0_0
core (macos-latest)	Build wheel and source archive	2026-09-07T16:59:12.9332660Z copying fixtures/captures/backend_failure/report/-_0_0_0/dynamo_output_graph_1.txt -> dynamo_diff-0.1.0/fixtures/captures/backend_failure/report/-_0_0_0
core (macos-latest)	Build wheel and source archive	2026-09-07T16:59:12.9333430Z copying fixtures/captures/backend_failure/sources/compiler_cases.py -> dynamo_diff-0.1.0/fixtures/captures/backend_failure/sources
core (macos-latest)	Build wheel and source archive	2026-09-07T16:59:12.9334050Z copying fixtures/captures/dynamic/conversion.txt -> dynamo_diff-0.1.0/fixtures/captures/dynamic
core (macos-latest)	Build wheel and source archive	2026-09-07T16:59:12.9334570Z copying fixtures/captures/dynamic/manifest.json -> dynamo_diff-0.1.0/fixtures/captures/dynamic
core (macos-latest)	Build wheel and source archive	2026-09-07T16:59:12.9335260Z copying fixtures/captures/dynamic/stderr.txt -> dynamo_diff-0.1.0/fixtures/captures/dynamic
core (macos-latest)	Build wheel and source archive	2026-09-07T16:59:12.9335770Z copying fixtures/captures/dynamic/stdout.txt -> dynamo_diff-0.1.0/fixtures/captures/dynamic
core (macos-latest)	Build wheel and source archive	2026-09-07T16:59:12.9336470Z copying fixtures/captures/dynamic/workload-result.json -> dynamo_diff-0.1.0/fixtures/captures/dynamic
core (macos-latest)	Build wheel and source archive	2026-09-07T16:59:12.9337120Z copying fixtures/captures/dynamic/raw/dedicated_log_torch_trace_2_0mlr_o.log -> dynamo_diff-0.1.0/fixtures/captures/dynamic/raw
core (macos-latest)	Build wheel and source archive	2026-09-07T16:59:12.9338870Z copying fixtures/captures/dynamic/report/chromium_events.json -> dynamo_diff-0.1.0/fixtures/captures/dynamic/report
core (macos-latest)	Build wheel and source archive	2026-09-07T16:59:12.9339650Z copying fixtures/captures/dynamic/report/compile_directory.json -> dynamo_diff-0.1.0/fixtures/captures/dynamic/report
core (macos-latest)	Build wheel and source archive	2026-09-07T16:59:12.9340330Z copying fixtures/captures/dynamic/report/failures_and_restarts.html -> dynamo_diff-0.1.0/fixtures/captures/dynamic/report
core (macos-latest)	Build wheel and source archive	2026-09-07T16:59:12.9341000Z copying fixtures/captures/dynamic/report/index.html -> dynamo_diff-0.1.0/fixtures/captures/dynamic/report
core (macos-latest)	Build wheel and source archive	2026-09-07T16:59:12.9341900Z copying fixtures/captures/dynamic/report/raw.jsonl -> dynamo_diff-0.1.0/fixtures/captures/dynamic/report
core (macos-latest)	Build wheel and source archive	2026-09-07T16:59:12.9342530Z copying fixtures/captures/dynamic/report/raw.log -> dynamo_diff-0.1.0/fixtures/captures/dynamic/report
core (macos-latest)	Build wheel and source archive	2026-09-07T16:59:12.9343310Z copying fixtures/captures/dynamic/report/-_-_-_-/torch_version_0.json -> dynamo_diff-0.1.0/fixtures/captures/dynamic/report/-_-_-_-
core (macos-latest)	Build wheel and source archive	2026-09-07T16:59:12.9344090Z copying fixtures/captures/dynamic/report/-_0_0_0/compilation_metrics_3.html -> dynamo_diff-0.1.0/fixtures/captures/dynamic/report/-_0_0_0
core (macos-latest)	Build wheel and source archive	2026-09-07T16:59:12.9344860Z copying fixtures/captures/dynamic/report/-_0_0_0/dynamo_cpp_guards_str_2.txt -> dynamo_diff-0.1.0/fixtures/captures/dynamic/report/-_0_0_0
core (macos-latest)	Build wheel and source archive	2026-09-07T16:59:12.9345770Z copying fixtures/captures/dynamic/report/-_0_0_0/dynamo_output_graph_1.txt -> dynamo_diff-0.1.0/fixtures/captures/dynamic/report/-_0_0_0
core (macos-latest)	Build wheel and source archive	2026-09-07T16:59:12.9346550Z copying fixtures/captures/dynamic/report/-_0_1_0/compilation_metrics_7.html -> dynamo_diff-0.1.0/fixtures/captures/dynamic/report/-_0_1_0
core (macos-latest)	Build wheel and source archive	2026-09-07T16:59:12.9347440Z copying fixtures/captures/dynamic/report/-_0_1_0/dynamo_cpp_guards_str_6.txt -> dynamo_diff-0.1.0/fixtures/captures/dynamic/report/-_0_1_0
core (macos-latest)	Build wheel and source archive	2026-09-07T16:59:12.9348180Z copying fixtures/captures/dynamic/report/-_0_1_0/dynamo_output_graph_5.txt -> dynamo_diff-0.1.0/fixtures/captures/dynamic/report/-_0_1_0
core (macos-latest)	Build wheel and source archive	2026-09-07T16:59:12.9349000Z copying fixtures/captures/dynamic/report/-_0_1_0/recompile_reasons_4.json -> dynamo_diff-0.1.0/fixtures/captures/dynamic/report/-_0_1_0
core (macos-latest)	Build wheel and source archive	2026-09-07T16:59:12.9349780Z copying fixtures/captures/dynamic/sources/compiler_cases.py -> dynamo_diff-0.1.0/fixtures/captures/dynamic/sources
core (macos-latest)	Build wheel and source archive	2026-09-07T16:59:12.9351140Z copying fixtures/captures/edit_after/conversion.txt -> dynamo_diff-0.1.0/fixtures/captures/edit_after
core (macos-latest)	Build wheel and source archive	2026-09-07T16:59:12.9351720Z copying fixtures/captures/edit_after/manifest.json -> dynamo_diff-0.1.0/fixtures/captures/edit_after
core (macos-latest)	Build wheel and source archive	2026-09-07T16:59:12.9352270Z copying fixtures/captures/edit_after/stderr.txt -> dynamo_diff-0.1.0/fixtures/captures/edit_after
core (macos-latest)	Build wheel and source archive	2026-09-07T16:59:12.9352890Z copying fixtures/captures/edit_after/stdout.txt -> dynamo_diff-0.1.0/fixtures/captures/edit_after
core (macos-latest)	Build wheel and source archive	2026-09-07T16:59:12.9353650Z copying fixtures/captures/edit_after/workload-result.json -> dynamo_diff-0.1.0/fixtures/captures/edit_after
core (macos-latest)	Build wheel and source archive	2026-09-07T16:59:12.9354400Z copying fixtures/captures/edit_after/raw/dedicated_log_torch_trace_u550j1sl.log -> dynamo_diff-0.1.0/fixtures/captures/edit_after/raw
core (macos-latest)	Build wheel and source archive	2026-09-07T16:59:12.9355120Z copying fixtures/captures/edit_after/report/chromium_events.json -> dynamo_diff-0.1.0/fixtures/captures/edit_after/report
core (macos-latest)	Build wheel and source archive	2026-09-07T16:59:12.9355880Z copying fixtures/captures/edit_after/report/compile_directory.json -> dynamo_diff-0.1.0/fixtures/captures/edit_after/report
core (macos-latest)	Build wheel and source archive	2026-09-07T16:59:12.9356600Z copying fixtures/captures/edit_after/report/failures_and_restarts.html -> dynamo_diff-0.1.0/fixtures/captures/edit_after/report
core (macos-latest)	Build wheel and source archive	2026-09-07T16:59:12.9357360Z copying fixtures/captures/edit_after/report/index.html -> dynamo_diff-0.1.0/fixtures/captures/edit_after/report
core (macos-latest)	Build wheel and source archive	2026-09-07T16:59:12.9357970Z copying fixtures/captures/edit_after/report/raw.jsonl -> dynamo_diff-0.1.0/fixtures/captures/edit_after/report
core (macos-latest)	Build wheel and source archive	2026-09-07T16:59:12.9358670Z copying fixtures/captures/edit_after/report/raw.log -> dynamo_diff-0.1.0/fixtures/captures/edit_after/report
core (macos-latest)	Build wheel and source archive	2026-09-07T16:59:12.9360010Z copying fixtures/captures/edit_after/report/-_-_-_-/torch_version_0.json -> dynamo_diff-0.1.0/fixtures/captures/edit_after/report/-_-_-_-
core (macos-latest)	Build wheel and source archive	2026-09-07T16:59:12.9360840Z copying fixtures/captures/edit_after/report/-_0_0_0/compilation_metrics_3.html -> dynamo_diff-0.1.0/fixtures/captures/edit_after/report/-_0_0_0
core (macos-latest)	Build wheel and source archive	2026-09-07T16:59:12.9361620Z copying fixtures/captures/edit_after/report/-_0_0_0/dynamo_cpp_guards_str_2.txt -> dynamo_diff-0.1.0/fixtures/captures/edit_after/report/-_0_0_0
core (macos-latest)	Build wheel and source archive	2026-09-07T16:59:12.9362670Z copying fixtures/captures/edit_after/report/-_0_0_0/dynamo_output_graph_1.txt -> dynamo_diff-0.1.0/fixtures/captures/edit_after/report/-_0_0_0
core (macos-latest)	Build wheel and source archive	2026-09-07T16:59:12.9363800Z copying fixtures/captures/edit_after/report/-_1_0_0/compilation_metrics_6.html -> dynamo_diff-0.1.0/fixtures/captures/edit_after/report/-_1_0_0
core (macos-latest)	Build wheel and source archive	2026-09-07T16:59:12.9364590Z copying fixtures/captures/edit_after/report/-_1_0_0/dynamo_cpp_guards_str_5.txt -> dynamo_diff-0.1.0/fixtures/captures/edit_after/report/-_1_0_0
core (macos-latest)	Build wheel and source archive	2026-09-07T16:59:12.9365360Z copying fixtures/captures/edit_after/report/-_1_0_0/dynamo_output_graph_4.txt -> dynamo_diff-0.1.0/fixtures/captures/edit_after/report/-_1_0_0
core (macos-latest)	Build wheel and source archive	2026-09-07T16:59:12.9366060Z copying fixtures/captures/edit_after/sources/model.py -> dynamo_diff-0.1.0/fixtures/captures/edit_after/sources
core (macos-latest)	Build wheel and source archive	2026-09-07T16:59:12.9366720Z copying fixtures/captures/edit_before/conversion.txt -> dynamo_diff-0.1.0/fixtures/captures/edit_before
core (macos-latest)	Build wheel and source archive	2026-09-07T16:59:12.9367550Z copying fixtures/captures/edit_before/manifest.json -> dynamo_diff-0.1.0/fixtures/captures/edit_before
core (macos-latest)	Build wheel and source archive	2026-09-07T16:59:12.9368120Z copying fixtures/captures/edit_before/stderr.txt -> dynamo_diff-0.1.0/fixtures/captures/edit_before
core (macos-latest)	Build wheel and source archive	2026-09-07T16:59:12.9368670Z copying fixtures/captures/edit_before/stdout.txt -> dynamo_diff-0.1.0/fixtures/captures/edit_before
core (macos-latest)	Build wheel and source archive	2026-09-07T16:59:12.9369270Z copying fixtures/captures/edit_before/workload-result.json -> dynamo_diff-0.1.0/fixtures/captures/edit_before
core (macos-latest)	Build wheel and source archive	2026-09-07T16:59:12.9370020Z copying fixtures/captures/edit_before/raw/dedicated_log_torch_trace_oy3d846h.log -> dynamo_diff-0.1.0/fixtures/captures/edit_before/raw
core (macos-latest)	Build wheel and source archive	2026-09-07T16:59:12.9370950Z copying fixtures/captures/edit_before/report/chromium_events.json -> dynamo_diff-0.1.0/fixtures/captures/edit_before/report
core (macos-latest)	Build wheel and source archive	2026-09-07T16:59:12.9371700Z copying fixtures/captures/edit_before/report/compile_directory.json -> dynamo_diff-0.1.0/fixtures/captures/edit_before/report
core (macos-latest)	Build wheel and source archive	2026-09-07T16:59:12.9372520Z copying fixtures/captures/edit_before/report/failures_and_restarts.html -> dynamo_diff-0.1.0/fixtures/captures/edit_before/report
core (macos-latest)	Build wheel and source archive	2026-09-07T16:59:12.9384930Z copying fixtures/captures/edit_before/report/index.html -> dynamo_diff-0.1.0/fixtures/captures/edit_before/report
core (macos-latest)	Build wheel and source archive	2026-09-07T16:59:12.9385940Z copying fixtures/captures/edit_before/report/raw.jsonl -> dynamo_diff-0.1.0/fixtures/captures/edit_before/report
core (macos-latest)	Build wheel and source archive	2026-09-07T16:59:12.9386940Z copying fixtures/captures/edit_before/report/raw.log -> dynamo_diff-0.1.0/fixtures/captures/edit_before/report
core (macos-latest)	Build wheel and source archive	2026-09-07T16:59:12.9387630Z copying fixtures/captures/edit_before/report/-_-_-_-/torch_version_0.json -> dynamo_diff-0.1.0/fixtures/captures/edit_before/report/-_-_-_-
core (macos-latest)	Build wheel and source archive	2026-09-07T16:59:12.9388490Z copying fixtures/captures/edit_before/report/-_0_0_0/compilation_metrics_3.html -> dynamo_diff-0.1.0/fixtures/captures/edit_before/report/-_0_0_0
core (macos-latest)	Build wheel and source archive	2026-09-07T16:59:12.9389320Z copying fixtures/captures/edit_before/report/-_0_0_0/dynamo_cpp_guards_str_2.txt -> dynamo_diff-0.1.0/fixtures/captures/edit_before/report/-_0_0_0
core (macos-latest)	Build wheel and source archive	2026-09-07T16:59:12.9390100Z copying fixtures/captures/edit_before/report/-_0_0_0/dynamo_output_graph_1.txt -> dynamo_diff-0.1.0/fixtures/captures/edit_before/report/-_0_0_0
core (macos-latest)	Build wheel and source archive	2026-09-07T16:59:12.9390890Z copying fixtures/captures/edit_before/report/-_0_1_0/compilation_metrics_7.html -> dynamo_diff-0.1.0/fixtures/captures/edit_before/report/-_0_1_0
core (macos-latest)	Build wheel and source archive	2026-09-07T16:59:12.9391920Z copying fixtures/captures/edit_before/report/-_0_1_0/dynamo_cpp_guards_str_6.txt -> dynamo_diff-0.1.0/fixtures/captures/edit_before/report/-_0_1_0
core (macos-latest)	Build wheel and source archive	2026-09-07T16:59:12.9392750Z copying fixtures/captures/edit_before/report/-_0_1_0/dynamo_output_graph_5.txt -> dynamo_diff-0.1.0/fixtures/captures/edit_before/report/-_0_1_0
core (macos-latest)	Build wheel and source archive	2026-09-07T16:59:12.9393520Z copying fixtures/captures/edit_before/report/-_0_1_0/recompile_reasons_4.json -> dynamo_diff-0.1.0/fixtures/captures/edit_before/report/-_0_1_0
core (macos-latest)	Build wheel and source archive	2026-09-07T16:59:12.9394290Z copying fixtures/captures/edit_before/report/-_0_2_0/compilation_metrics_11.html -> dynamo_diff-0.1.0/fixtures/captures/edit_before/report/-_0_2_0
core (macos-latest)	Build wheel and source archive	2026-09-07T16:59:12.9395080Z copying fixtures/captures/edit_before/report/-_0_2_0/dynamo_cpp_guards_str_10.txt -> dynamo_diff-0.1.0/fixtures/captures/edit_before/report/-_0_2_0
core (macos-latest)	Build wheel and source archive	2026-09-07T16:59:12.9396170Z copying fixtures/captures/edit_before/report/-_0_2_0/dynamo_output_graph_9.txt -> dynamo_diff-0.1.0/fixtures/captures/edit_before/report/-_0_2_0
core (macos-latest)	Build wheel and source archive	2026-09-07T16:59:12.9396940Z copying fixtures/captures/edit_before/report/-_0_2_0/recompile_reasons_8.json -> dynamo_diff-0.1.0/fixtures/captures/edit_before/report/-_0_2_0
core (macos-latest)	Build wheel and source archive	2026-09-07T16:59:12.9397630Z copying fixtures/captures/edit_before/sources/model.py -> dynamo_diff-0.1.0/fixtures/captures/edit_before/sources
core (macos-latest)	Build wheel and source archive	2026-09-07T16:59:12.9398180Z copying fixtures/captures/grad/conversion.txt -> dynamo_diff-0.1.0/fixtures/captures/grad
core (macos-latest)	Build wheel and source archive	2026-09-07T16:59:12.9398690Z copying fixtures/captures/grad/manifest.json -> dynamo_diff-0.1.0/fixtures/captures/grad
core (macos-latest)	Build wheel and source archive	2026-09-07T16:59:12.9399230Z copying fixtures/captures/grad/stderr.txt -> dynamo_diff-0.1.0/fixtures/captures/grad
core (macos-latest)	Build wheel and source archive	2026-09-07T16:59:12.9399720Z copying fixtures/captures/grad/stdout.txt -> dynamo_diff-0.1.0/fixtures/captures/grad
core (macos-latest)	Build wheel and source archive	2026-09-07T16:59:12.9400300Z copying fixtures/captures/grad/workload-result.json -> dynamo_diff-0.1.0/fixtures/captures/grad
core (macos-latest)	Build wheel and source archive	2026-09-07T16:59:12.9400930Z copying fixtures/captures/grad/raw/dedicated_log_torch_trace_cgjupozt.log -> dynamo_diff-0.1.0/fixtures/captures/grad/raw
core (macos-latest)	Build wheel and source archive	2026-09-07T16:59:12.9401650Z copying fixtures/captures/grad/report/chromium_events.json -> dynamo_diff-0.1.0/fixtures/captures/grad/report
core (macos-latest)	Build wheel and source archive	2026-09-07T16:59:12.9402330Z copying fixtures/captures/grad/report/compile_directory.json -> dynamo_diff-0.1.0/fixtures/captures/grad/report
core (macos-latest)	Build wheel and source archive	2026-09-07T16:59:12.9402990Z copying fixtures/captures/grad/report/failures_and_restarts.html -> dynamo_diff-0.1.0/fixtures/captures/grad/report
core (macos-latest)	Build wheel and source archive	2026-09-07T16:59:12.9403710Z copying fixtures/captures/grad/report/index.html -> dynamo_diff-0.1.0/fixtures/captures/grad/report
core (macos-latest)	Build wheel and source archive	2026-09-07T16:59:12.9404290Z copying fixtures/captures/grad/report/raw.jsonl -> dynamo_diff-0.1.0/fixtures/captures/grad/report
core (macos-latest)	Build wheel and source archive	2026-09-07T16:59:12.9404820Z copying fixtures/captures/grad/report/raw.log -> dynamo_diff-0.1.0/fixtures/captures/grad/report
core (macos-latest)	Build wheel and source archive	2026-09-07T16:59:12.9405430Z copying fixtures/captures/grad/report/-_-_-_-/torch_version_0.json -> dynamo_diff-0.1.0/fixtures/captures/grad/report/-_-_-_-
core (macos-latest)	Build wheel and source archive	2026-09-07T16:59:12.9406250Z copying fixtures/captures/grad/report/-_0_0_0/compilation_metrics_3.html -> dynamo_diff-0.1.0/fixtures/captures/grad/report/-_0_0_0
core (macos-latest)	Build wheel and source archive	2026-09-07T16:59:12.9407050Z copying fixtures/captures/grad/report/-_0_0_0/dynamo_cpp_guards_str_2.txt -> dynamo_diff-0.1.0/fixtures/captures/grad/report/-_0_0_0
core (macos-latest)	Build wheel and source archive	2026-09-07T16:59:12.9407750Z copying fixtures/captures/grad/report/-_0_0_0/dynamo_output_graph_1.txt -> dynamo_diff-0.1.0/fixtures/captures/grad/report/-_0_0_0
core (macos-latest)	Build wheel and source archive	2026-09-07T16:59:12.9408540Z copying fixtures/captures/grad/report/-_0_1_0/compilation_metrics_7.html -> dynamo_diff-0.1.0/fixtures/captures/grad/report/-_0_1_0
core (macos-latest)	Build wheel and source archive	2026-09-07T16:59:12.9409330Z copying fixtures/captures/grad/report/-_0_1_0/dynamo_cpp_guards_str_6.txt -> dynamo_diff-0.1.0/fixtures/captures/grad/report/-_0_1_0
core (macos-latest)	Build wheel and source archive	2026-09-07T16:59:12.9410050Z copying fixtures/captures/grad/report/-_0_1_0/dynamo_output_graph_5.txt -> dynamo_diff-0.1.0/fixtures/captures/grad/report/-_0_1_0
core (macos-latest)	Build wheel and source archive	2026-09-07T16:59:12.9410910Z copying fixtures/captures/grad/report/-_0_1_0/recompile_reasons_4.json -> dynamo_diff-0.1.0/fixtures/captures/grad/report/-_0_1_0
core (macos-latest)	Build wheel and source archive	2026-09-07T16:59:12.9411550Z copying fixtures/captures/grad/sources/compiler_cases.py -> dynamo_diff-0.1.0/fixtures/captures/grad/sources
core (macos-latest)	Build wheel and source archive	2026-09-07T16:59:12.9412160Z copying fixtures/captures/graph_break/conversion.txt -> dynamo_diff-0.1.0/fixtures/captures/graph_break
core (macos-latest)	Build wheel and source archive	2026-09-07T16:59:12.9412790Z copying fixtures/captures/graph_break/manifest.json -> dynamo_diff-0.1.0/fixtures/captures/graph_break
core (macos-latest)	Build wheel and source archive	2026-09-07T16:59:12.9413340Z copying fixtures/captures/graph_break/stderr.txt -> dynamo_diff-0.1.0/fixtures/captures/graph_break
core (macos-latest)	Build wheel and source archive	2026-09-07T16:59:12.9413880Z copying fixtures/captures/graph_break/stdout.txt -> dynamo_diff-0.1.0/fixtures/captures/graph_break
core (macos-latest)	Build wheel and source archive	2026-09-07T16:59:12.9414450Z copying fixtures/captures/graph_break/workload-result.json -> dynamo_diff-0.1.0/fixtures/captures/graph_break
core (macos-latest)	Build wheel and source archive	2026-09-07T16:59:12.9415500Z copying fixtures/captures/graph_break/raw/dedicated_log_torch_trace_sam21mqs.log -> dynamo_diff-0.1.0/fixtures/captures/graph_break/raw
core (macos-latest)	Build wheel and source archive	2026-09-07T16:59:12.9416230Z copying fixtures/captures/graph_break/report/chromium_events.json -> dynamo_diff-0.1.0/fixtures/captures/graph_break/report
core (macos-latest)	Build wheel and source archive	2026-09-07T16:59:12.9417400Z copying fixtures/captures/graph_break/report/compile_directory.json -> dynamo_diff-0.1.0/fixtures/captures/graph_break/report
core (macos-latest)	Build wheel and source archive	2026-09-07T16:59:12.9418130Z copying fixtures/captures/graph_break/report/failures_and_restarts.html -> dynamo_diff-0.1.0/fixtures/captures/graph_break/report
core (macos-latest)	Build wheel and source archive	2026-09-07T16:59:12.9418800Z copying fixtures/captures/graph_break/report/index.html -> dynamo_diff-0.1.0/fixtures/captures/graph_break/report
core (macos-latest)	Build wheel and source archive	2026-09-07T16:59:12.9419510Z copying fixtures/captures/graph_break/report/raw.jsonl -> dynamo_diff-0.1.0/fixtures/captures/graph_break/report
core (macos-latest)	Build wheel and source archive	2026-09-07T16:59:12.9420300Z copying fixtures/captures/graph_break/report/raw.log -> dynamo_diff-0.1.0/fixtures/captures/graph_break/report
core (macos-latest)	Build wheel and source archive	2026-09-07T16:59:12.9421080Z copying fixtures/captures/graph_break/report/-_-_-_-/torch_version_0.json -> dynamo_diff-0.1.0/fixtures/captures/graph_break/report/-_-_-_-
core (macos-latest)	Build wheel and source archive	2026-09-07T16:59:12.9422250Z copying fixtures/captures/graph_break/report/-_0_0_0/dynamo_graph_break_reason_1.txt -> dynamo_diff-0.1.0/fixtures/captures/graph_break/report/-_0_0_0
core (macos-latest)	Build wheel and source archive	2026-09-07T16:59:12.9423110Z copying fixtures/captures/graph_break/report/-_0_0_1/compilation_metrics_4.html -> dynamo_diff-0.1.0/fixtures/captures/graph_break/report/-_0_0_1
core (macos-latest)	Build wheel and source archive	2026-09-07T16:59:12.9424040Z copying fixtures/captures/graph_break/report/-_0_0_1/dynamo_cpp_guards_str_3.txt -> dynamo_diff-0.1.0/fixtures/captures/graph_break/report/-_0_0_1
core (macos-latest)	Build wheel and source archive	2026-09-07T16:59:12.9424900Z copying fixtures/captures/graph_break/report/-_0_0_1/dynamo_output_graph_2.txt -> dynamo_diff-0.1.0/fixtures/captures/graph_break/report/-_0_0_1
core (macos-latest)	Build wheel and source archive	2026-09-07T16:59:12.9425710Z copying fixtures/captures/graph_break/report/-_1_0_0/compilation_metrics_9.html -> dynamo_diff-0.1.0/fixtures/captures/graph_break/report/-_1_0_0
core (macos-latest)	Build wheel and source archive	2026-09-07T16:59:12.9426960Z copying fixtures/captures/graph_break/report/-_1_0_0/dynamo_cpp_guards_str_8.txt -> dynamo_diff-0.1.0/fixtures/captures/graph_break/report/-_1_0_0
core (macos-latest)	Build wheel and source archive	2026-09-07T16:59:12.9427890Z copying fixtures/captures/graph_break/report/-_1_0_0/dynamo_output_graph_6.txt -> dynamo_diff-0.1.0/fixtures/captures/graph_break/report/-_1_0_0
core (macos-latest)	Build wheel and source archive	2026-09-07T16:59:12.9429290Z copying fixtures/captures/graph_break/report/-_1_0_0/torch_dynamo_resume_in_graph_break_compute_at_22_MODIFIED_BYTECODE_7.txt -> dynamo_diff-0.1.0/fixtures/captures/graph_break/report/-_1_0_0
core (macos-latest)	Build wheel and source archive	2026-09-07T16:59:12.9431060Z copying fixtures/captures/graph_break/report/-_1_0_0/torch_dynamo_resume_in_graph_break_compute_at_22_ORIGINAL_BYTECODE_5.txt -> dynamo_diff-0.1.0/fixtures/captures/graph_break/report/-_1_0_0
core (macos-latest)	Build wheel and source archive	2026-09-07T16:59:12.9432220Z copying fixtures/captures/graph_break/sources/compiler_cases.py -> dynamo_diff-0.1.0/fixtures/captures/graph_break/sources
core (macos-latest)	Build wheel and source archive	2026-09-07T16:59:12.9432880Z copying fixtures/captures/identity/conversion.txt -> dynamo_diff-0.1.0/fixtures/captures/identity
core (macos-latest)	Build wheel and source archive	2026-09-07T16:59:12.9433440Z copying fixtures/captures/identity/manifest.json -> dynamo_diff-0.1.0/fixtures/captures/identity
core (macos-latest)	Build wheel and source archive	2026-09-07T16:59:12.9434060Z copying fixtures/captures/identity/stderr.txt -> dynamo_diff-0.1.0/fixtures/captures/identity
core (macos-latest)	Build wheel and source archive	2026-09-07T16:59:12.9434580Z copying fixtures/captures/identity/stdout.txt -> dynamo_diff-0.1.0/fixtures/captures/identity
core (macos-latest)	Build wheel and source archive	2026-09-07T16:59:12.9435210Z copying fixtures/captures/identity/workload-result.json -> dynamo_diff-0.1.0/fixtures/captures/identity
core (macos-latest)	Build wheel and source archive	2026-09-07T16:59:12.9436150Z copying fixtures/captures/identity/raw/dedicated_log_torch_trace_ddfbqjww.log -> dynamo_diff-0.1.0/fixtures/captures/identity/raw
core (macos-latest)	Build wheel and source archive	2026-09-07T16:59:12.9436950Z copying fixtures/captures/identity/report/chromium_events.json -> dynamo_diff-0.1.0/fixtures/captures/identity/report
core (macos-latest)	Build wheel and source archive	2026-09-07T16:59:12.9437660Z copying fixtures/captures/identity/report/compile_directory.json -> dynamo_diff-0.1.0/fixtures/captures/identity/report
core (macos-latest)	Build wheel and source archive	2026-09-07T16:59:12.9438650Z copying fixtures/captures/identity/report/failures_and_restarts.html -> dynamo_diff-0.1.0/fixtures/captures/identity/report
core (macos-latest)	Build wheel and source archive	2026-09-07T16:59:12.9439340Z copying fixtures/captures/identity/report/index.html -> dynamo_diff-0.1.0/fixtures/captures/identity/report
core (macos-latest)	Build wheel and source archive	2026-09-07T16:59:12.9440720Z copying fixtures/captures/identity/report/raw.jsonl -> dynamo_diff-0.1.0/fixtures/captures/identity/report
core (macos-latest)	Build wheel and source archive	2026-09-07T16:59:12.9441450Z copying fixtures/captures/identity/report/raw.log -> dynamo_diff-0.1.0/fixtures/captures/identity/report
core (macos-latest)	Build wheel and source archive	2026-09-07T16:59:12.9442270Z copying fixtures/captures/identity/report/-_-_-_-/torch_version_0.json -> dynamo_diff-0.1.0/fixtures/captures/identity/report/-_-_-_-
core (macos-latest)	Build wheel and source archive	2026-09-07T16:59:12.9443030Z copying fixtures/captures/identity/report/-_0_0_0/compilation_metrics_3.html -> dynamo_diff-0.1.0/fixtures/captures/identity/report/-_0_0_0
core (macos-latest)	Build wheel and source archive	2026-09-07T16:59:12.9443870Z copying fixtures/captures/identity/report/-_0_0_0/dynamo_cpp_guards_str_2.txt -> dynamo_diff-0.1.0/fixtures/captures/identity/report/-_0_0_0
core (macos-latest)	Build wheel and source archive	2026-09-07T16:59:12.9444780Z copying fixtures/captures/identity/report/-_0_0_0/dynamo_output_graph_1.txt -> dynamo_diff-0.1.0/fixtures/captures/identity/report/-_0_0_0
core (macos-latest)	Build wheel and source archive	2026-09-07T16:59:12.9445690Z copying fixtures/captures/identity/report/-_0_1_0/compilation_metrics_7.html -> dynamo_diff-0.1.0/fixtures/captures/identity/report/-_0_1_0
core (macos-latest)	Build wheel and source archive	2026-09-07T16:59:12.9446470Z copying fixtures/captures/identity/report/-_0_1_0/dynamo_cpp_guards_str_6.txt -> dynamo_diff-0.1.0/fixtures/captures/identity/report/-_0_1_0
core (macos-latest)	Build wheel and source archive	2026-09-07T16:59:12.9447220Z copying fixtures/captures/identity/report/-_0_1_0/dynamo_output_graph_5.txt -> dynamo_diff-0.1.0/fixtures/captures/identity/report/-_0_1_0
core (macos-latest)	Build wheel and source archive	2026-09-07T16:59:12.9447990Z copying fixtures/captures/identity/report/-_0_1_0/recompile_reasons_4.json -> dynamo_diff-0.1.0/fixtures/captures/identity/report/-_0_1_0
core (macos-latest)	Build wheel and source archive	2026-09-07T16:59:12.9448790Z copying fixtures/captures/identity/report/-_0_2_0/compilation_metrics_11.html -> dynamo_diff-0.1.0/fixtures/captures/identity/report/-_0_2_0
core (macos-latest)	Build wheel and source archive	2026-09-07T16:59:12.9449910Z copying fixtures/captures/identity/report/-_0_2_0/dynamo_cpp_guards_str_10.txt -> dynamo_diff-0.1.0/fixtures/captures/identity/report/-_0_2_0
core (macos-latest)	Build wheel and source archive	2026-09-07T16:59:12.9450680Z copying fixtures/captures/identity/report/-_0_2_0/dynamo_output_graph_9.txt -> dynamo_diff-0.1.0/fixtures/captures/identity/report/-_0_2_0
core (macos-latest)	Build wheel and source archive	2026-09-07T16:59:12.9451440Z copying fixtures/captures/identity/report/-_0_2_0/recompile_reasons_8.json -> dynamo_diff-0.1.0/fixtures/captures/identity/report/-_0_2_0
core (macos-latest)	Build wheel and source archive	2026-09-07T16:59:12.9452240Z copying fixtures/captures/identity/sources/compiler_cases.py -> dynamo_diff-0.1.0/fixtures/captures/identity/sources
core (macos-latest)	Build wheel and source archive	2026-09-07T16:59:12.9452970Z copying fixtures/captures/identity_partitioned/conversion.txt -> dynamo_diff-0.1.0/fixtures/captures/identity_partitioned
core (macos-latest)	Build wheel and source archive	2026-09-07T16:59:12.9453780Z copying fixtures/captures/identity_partitioned/manifest.json -> dynamo_diff-0.1.0/fixtures/captures/identity_partitioned
core (macos-latest)	Build wheel and source archive	2026-09-07T16:59:12.9454560Z copying fixtures/captures/identity_partitioned/stderr.txt -> dynamo_diff-0.1.0/fixtures/captures/identity_partitioned
core (macos-latest)	Build wheel and source archive	2026-09-07T16:59:12.9455300Z copying fixtures/captures/identity_partitioned/stdout.txt -> dynamo_diff-0.1.0/fixtures/captures/identity_partitioned
core (macos-latest)	Build wheel and source archive	2026-09-07T16:59:12.9456010Z copying fixtures/captures/identity_partitioned/workload-result.json -> dynamo_diff-0.1.0/fixtures/captures/identity_partitioned
core (macos-latest)	Build wheel and source archive	2026-09-07T16:59:12.9456810Z copying fixtures/captures/identity_partitioned/raw/dedicated_log_torch_trace_y2569el1.log -> dynamo_diff-0.1.0/fixtures/captures/identity_partitioned/raw
core (macos-latest)	Build wheel and source archive	2026-09-07T16:59:12.9457880Z copying fixtures/captures/identity_partitioned/report/chromium_events.json -> dynamo_diff-0.1.0/fixtures/captures/identity_partitioned/report
core (macos-latest)	Build wheel and source archive	2026-09-07T16:59:12.9458700Z copying fixtures/captures/identity_partitioned/report/compile_directory.json -> dynamo_diff-0.1.0/fixtures/captures/identity_partitioned/report
core (macos-latest)	Build wheel and source archive	2026-09-07T16:59:12.9459900Z copying fixtures/captures/identity_partitioned/report/failures_and_restarts.html -> dynamo_diff-0.1.0/fixtures/captures/identity_partitioned/report
core (macos-latest)	Build wheel and source archive	2026-09-07T16:59:12.9460780Z copying fixtures/captures/identity_partitioned/report/index.html -> dynamo_diff-0.1.0/fixtures/captures/identity_partitioned/report
core (macos-latest)	Build wheel and source archive	2026-09-07T16:59:12.9461600Z copying fixtures/captures/identity_partitioned/report/raw.jsonl -> dynamo_diff-0.1.0/fixtures/captures/identity_partitioned/report
core (macos-latest)	Build wheel and source archive	2026-09-07T16:59:12.9462460Z copying fixtures/captures/identity_partitioned/report/raw.log -> dynamo_diff-0.1.0/fixtures/captures/identity_partitioned/report
core (macos-latest)	Build wheel and source archive	2026-09-07T16:59:12.9463540Z copying fixtures/captures/identity_partitioned/report/-_-_-_-/torch_version_0.json -> dynamo_diff-0.1.0/fixtures/captures/identity_partitioned/report/-_-_-_-
core (macos-latest)	Build wheel and source archive	2026-09-07T16:59:12.9465210Z copying fixtures/captures/identity_partitioned/report/-_0_0_0/compilation_metrics_3.html -> dynamo_diff-0.1.0/fixtures/captures/identity_partitioned/report/-_0_0_0
core (macos-latest)	Build wheel and source archive	2026-09-07T16:59:12.9466860Z copying fixtures/captures/identity_partitioned/report/-_0_0_0/dynamo_cpp_guards_str_2.txt -> dynamo_diff-0.1.0/fixtures/captures/identity_partitioned/report/-_0_0_0
core (macos-latest)	Build wheel and source archive	2026-09-07T16:59:12.9468130Z copying fixtures/captures/identity_partitioned/report/-_0_0_0/dynamo_output_graph_1.txt -> dynamo_diff-0.1.0/fixtures/captures/identity_partitioned/report/-_0_0_0
core (macos-latest)	Build wheel and source archive	2026-09-07T16:59:12.9469530Z copying fixtures/captures/identity_partitioned/report/-_0_1_0/compilation_metrics_6.html -> dynamo_diff-0.1.0/fixtures/captures/identity_partitioned/report/-_0_1_0
core (macos-latest)	Build wheel and source archive	2026-09-07T16:59:12.9470490Z copying fixtures/captures/identity_partitioned/report/-_0_1_0/dynamo_cpp_guards_str_5.txt -> dynamo_diff-0.1.0/fixtures/captures/identity_partitioned/report/-_0_1_0
core (macos-latest)	Build wheel and source archive	2026-09-07T16:59:12.9471360Z copying fixtures/captures/identity_partitioned/report/-_0_1_0/dynamo_output_graph_4.txt -> dynamo_diff-0.1.0/fixtures/captures/identity_partitioned/report/-_0_1_0
core (macos-latest)	Build wheel and source archive	2026-09-07T16:59:12.9472320Z copying fixtures/captures/identity_partitioned/report/-_0_2_0/compilation_metrics_9.html -> dynamo_diff-0.1.0/fixtures/captures/identity_partitioned/report/-_0_2_0
core (macos-latest)	Build wheel and source archive	2026-09-07T16:59:12.9473680Z copying fixtures/captures/identity_partitioned/report/-_0_2_0/dynamo_cpp_guards_str_8.txt -> dynamo_diff-0.1.0/fixtures/captures/identity_partitioned/report/-_0_2_0
core (macos-latest)	Build wheel and source archive	2026-09-07T16:59:12.9475710Z copying fixtures/captures/identity_partitioned/report/-_0_2_0/dynamo_output_graph_7.txt -> dynamo_diff-0.1.0/fixtures/captures/identity_partitioned/report/-_0_2_0
core (macos-latest)	Build wheel and source archive	2026-09-07T16:59:12.9476710Z copying fixtures/captures/identity_partitioned/sources/compiler_cases.py -> dynamo_diff-0.1.0/fixtures/captures/identity_partitioned/sources
core (macos-latest)	Build wheel and source archive	2026-09-07T16:59:12.9477480Z copying fixtures/captures/limit/conversion.txt -> dynamo_diff-0.1.0/fixtures/captures/limit
core (macos-latest)	Build wheel and source archive	2026-09-07T16:59:12.9478190Z copying fixtures/captures/limit/manifest.json -> dynamo_diff-0.1.0/fixtures/captures/limit
core (macos-latest)	Build wheel and source archive	2026-09-07T16:59:12.9478780Z copying fixtures/captures/limit/stderr.txt -> dynamo_diff-0.1.0/fixtures/captures/limit
core (macos-latest)	Build wheel and source archive	2026-09-07T16:59:12.9479720Z copying fixtures/captures/limit/stdout.txt -> dynamo_diff-0.1.0/fixtures/captures/limit
core (macos-latest)	Build wheel and source archive	2026-09-07T16:59:12.9480360Z copying fixtures/captures/limit/workload-result.json -> dynamo_diff-0.1.0/fixtures/captures/limit
core (macos-latest)	Build wheel and source archive	2026-09-07T16:59:12.9481030Z copying fixtures/captures/limit/raw/dedicated_log_torch_trace_j2999d7f.log -> dynamo_diff-0.1.0/fixtures/captures/limit/raw
core (macos-latest)	Build wheel and source archive	2026-09-07T16:59:12.9481840Z copying fixtures/captures/limit/report/chromium_events.json -> dynamo_diff-0.1.0/fixtures/captures/limit/report
core (macos-latest)	Build wheel and source archive	2026-09-07T16:59:12.9482480Z copying fixtures/captures/limit/report/compile_directory.json -> dynamo_diff-0.1.0/fixtures/captures/limit/report
core (macos-latest)	Build wheel and source archive	2026-09-07T16:59:12.9483170Z copying fixtures/captures/limit/report/failures_and_restarts.html -> dynamo_diff-0.1.0/fixtures/captures/limit/report
core (macos-latest)	Build wheel and source archive	2026-09-07T16:59:12.9484010Z copying fixtures/captures/limit/report/index.html -> dynamo_diff-0.1.0/fixtures/captures/limit/report
core (macos-latest)	Build wheel and source archive	2026-09-07T16:59:12.9485000Z copying fixtures/captures/limit/report/raw.jsonl -> dynamo_diff-0.1.0/fixtures/captures/limit/report
core (macos-latest)	Build wheel and source archive	2026-09-07T16:59:12.9485550Z copying fixtures/captures/limit/report/raw.log -> dynamo_diff-0.1.0/fixtures/captures/limit/report
core (macos-latest)	Build wheel and source archive	2026-09-07T16:59:12.9486160Z copying fixtures/captures/limit/report/-_-_-_-/torch_version_0.json -> dynamo_diff-0.1.0/fixtures/captures/limit/report/-_-_-_-
core (macos-latest)	Build wheel and source archive	2026-09-07T16:59:12.9486970Z copying fixtures/captures/limit/report/-_0_0_0/compilation_metrics_3.html -> dynamo_diff-0.1.0/fixtures/captures/limit/report/-_0_0_0
core (macos-latest)	Build wheel and source archive	2026-09-07T16:59:12.9487750Z copying fixtures/captures/limit/report/-_0_0_0/dynamo_cpp_guards_str_2.txt -> dynamo_diff-0.1.0/fixtures/captures/limit/report/-_0_0_0
core (macos-latest)	Build wheel and source archive	2026-09-07T16:59:12.9488520Z copying fixtures/captures/limit/report/-_0_0_0/dynamo_output_graph_1.txt -> dynamo_diff-0.1.0/fixtures/captures/limit/report/-_0_0_0
core (macos-latest)	Build wheel and source archive	2026-09-07T16:59:12.9489220Z copying fixtures/captures/limit/report/-_0_1_0/compilation_metrics_7.html -> dynamo_diff-0.1.0/fixtures/captures/limit/report/-_0_1_0
core (macos-latest)	Build wheel and source archive	2026-09-07T16:59:12.9490040Z copying fixtures/captures/limit/report/-_0_1_0/dynamo_cpp_guards_str_6.txt -> dynamo_diff-0.1.0/fixtures/captures/limit/report/-_0_1_0
core (macos-latest)	Build wheel and source archive	2026-09-07T16:59:12.9490910Z copying fixtures/captures/limit/report/-_0_1_0/dynamo_output_graph_5.txt -> dynamo_diff-0.1.0/fixtures/captures/limit/report/-_0_1_0
core (macos-latest)	Build wheel and source archive	2026-09-07T16:59:12.9491720Z copying fixtures/captures/limit/report/-_0_1_0/recompile_reasons_4.json -> dynamo_diff-0.1.0/fixtures/captures/limit/report/-_0_1_0
core (macos-latest)	Build wheel and source archive	2026-09-07T16:59:12.9492540Z copying fixtures/captures/limit/report/-_0_2_0/compilation_metrics_9.html -> dynamo_diff-0.1.0/fixtures/captures/limit/report/-_0_2_0
core (macos-latest)	Build wheel and source archive	2026-09-07T16:59:12.9493290Z copying fixtures/captures/limit/report/-_0_2_0/recompile_reasons_8.json -> dynamo_diff-0.1.0/fixtures/captures/limit/report/-_0_2_0
core (macos-latest)	Build wheel and source archive	2026-09-07T16:59:12.9494000Z copying fixtures/captures/limit/sources/compiler_cases.py -> dynamo_diff-0.1.0/fixtures/captures/limit/sources
core (macos-latest)	Build wheel and source archive	2026-09-07T16:59:12.9494710Z copying fixtures/captures/multiple_guards/conversion.txt -> dynamo_diff-0.1.0/fixtures/captures/multiple_guards
core (macos-latest)	Build wheel and source archive	2026-09-07T16:59:12.9495410Z copying fixtures/captures/multiple_guards/manifest.json -> dynamo_diff-0.1.0/fixtures/captures/multiple_guards
core (macos-latest)	Build wheel and source archive	2026-09-07T16:59:12.9496240Z copying fixtures/captures/multiple_guards/stderr.txt -> dynamo_diff-0.1.0/fixtures/captures/multiple_guards
core (macos-latest)	Build wheel and source archive	2026-09-07T16:59:12.9496900Z copying fixtures/captures/multiple_guards/stdout.txt -> dynamo_diff-0.1.0/fixtures/captures/multiple_guards
core (macos-latest)	Build wheel and source archive	2026-09-07T16:59:12.9497640Z copying fixtures/captures/multiple_guards/workload-result.json -> dynamo_diff-0.1.0/fixtures/captures/multiple_guards
core (macos-latest)	Build wheel and source archive	2026-09-07T16:59:12.9498450Z copying fixtures/captures/multiple_guards/raw/dedicated_log_torch_trace_pdh9d9y2.log -> dynamo_diff-0.1.0/fixtures/captures/multiple_guards/raw
core (macos-latest)	Build wheel and source archive	2026-09-07T16:59:12.9499200Z copying fixtures/captures/multiple_guards/report/chromium_events.json -> dynamo_diff-0.1.0/fixtures/captures/multiple_guards/report
core (macos-latest)	Build wheel and source archive	2026-09-07T16:59:12.9500690Z copying fixtures/captures/multiple_guards/report/compile_directory.json -> dynamo_diff-0.1.0/fixtures/captures/multiple_guards/report
core (macos-latest)	Build wheel and source archive	2026-09-07T16:59:12.9502880Z copying fixtures/captures/multiple_guards/report/failures_and_restarts.html -> dynamo_diff-0.1.0/fixtures/captures/multiple_guards/report
core (macos-latest)	Build wheel and source archive	2026-09-07T16:59:12.9503610Z copying fixtures/captures/multiple_guards/report/index.html -> dynamo_diff-0.1.0/fixtures/captures/multiple_guards/report
core (macos-latest)	Build wheel and source archive	2026-09-07T16:59:12.9505300Z copying fixtures/captures/multiple_guards/report/raw.jsonl -> dynamo_diff-0.1.0/fixtures/captures/multiple_guards/report
core (macos-latest)	Build wheel and source archive	2026-09-07T16:59:12.9506010Z copying fixtures/captures/multiple_guards/report/raw.log -> dynamo_diff-0.1.0/fixtures/captures/multiple_guards/report
core (macos-latest)	Build wheel and source archive	2026-09-07T16:59:12.9506910Z copying fixtures/captures/multiple_guards/report/-_-_-_-/torch_version_0.json -> dynamo_diff-0.1.0/fixtures/captures/multiple_guards/report/-_-_-_-
core (macos-latest)	Build wheel and source archive	2026-09-07T16:59:12.9507940Z copying fixtures/captures/multiple_guards/report/-_0_0_0/compilation_metrics_3.html -> dynamo_diff-0.1.0/fixtures/captures/multiple_guards/report/-_0_0_0
core (macos-latest)	Build wheel and source archive	2026-09-07T16:59:12.9509090Z copying fixtures/captures/multiple_guards/report/-_0_0_0/dynamo_cpp_guards_str_2.txt -> dynamo_diff-0.1.0/fixtures/captures/multiple_guards/report/-_0_0_0
core (macos-latest)	Build wheel and source archive	2026-09-07T16:59:12.9509990Z copying fixtures/captures/multiple_guards/report/-_0_0_0/dynamo_output_graph_1.txt -> dynamo_diff-0.1.0/fixtures/captures/multiple_guards/report/-_0_0_0
core (macos-latest)	Build wheel and source archive	2026-09-07T16:59:12.9511050Z copying fixtures/captures/multiple_guards/report/-_0_1_0/compilation_metrics_7.html -> dynamo_diff-0.1.0/fixtures/captures/multiple_guards/report/-_0_1_0
core (macos-latest)	Build wheel and source archive	2026-09-07T16:59:12.9512050Z copying fixtures/captures/multiple_guards/report/-_0_1_0/dynamo_cpp_guards_str_6.txt -> dynamo_diff-0.1.0/fixtures/captures/multiple_guards/report/-_0_1_0
core (macos-latest)	Build wheel and source archive	2026-09-07T16:59:12.9513080Z copying fixtures/captures/multiple_guards/report/-_0_1_0/dynamo_output_graph_5.txt -> dynamo_diff-0.1.0/fixtures/captures/multiple_guards/report/-_0_1_0
core (macos-latest)	Build wheel and source archive	2026-09-07T16:59:12.9514150Z copying fixtures/captures/multiple_guards/report/-_0_1_0/recompile_reasons_4.json -> dynamo_diff-0.1.0/fixtures/captures/multiple_guards/report/-_0_1_0
core (macos-latest)	Build wheel and source archive	2026-09-07T16:59:12.9515110Z copying fixtures/captures/multiple_guards/report/-_0_2_0/compilation_metrics_11.html -> dynamo_diff-0.1.0/fixtures/captures/multiple_guards/report/-_0_2_0
core (macos-latest)	Build wheel and source archive	2026-09-07T16:59:12.9516090Z copying fixtures/captures/multiple_guards/report/-_0_2_0/dynamo_cpp_guards_str_10.txt -> dynamo_diff-0.1.0/fixtures/captures/multiple_guards/report/-_0_2_0
core (macos-latest)	Build wheel and source archive	2026-09-07T16:59:12.9517220Z copying fixtures/captures/multiple_guards/report/-_0_2_0/dynamo_output_graph_9.txt -> dynamo_diff-0.1.0/fixtures/captures/multiple_guards/report/-_0_2_0
core (macos-latest)	Build wheel and source archive	2026-09-07T16:59:12.9518180Z copying fixtures/captures/multiple_guards/report/-_0_2_0/recompile_reasons_8.json -> dynamo_diff-0.1.0/fixtures/captures/multiple_guards/report/-_0_2_0
core (macos-latest)	Build wheel and source archive	2026-09-07T16:59:12.9519140Z copying fixtures/captures/multiple_guards/sources/compiler_cases.py -> dynamo_diff-0.1.0/fixtures/captures/multiple_guards/sources
core (macos-latest)	Build wheel and source archive	2026-09-07T16:59:12.9519890Z copying fixtures/captures/no_graph/conversion.txt -> dynamo_diff-0.1.0/fixtures/captures/no_graph
core (macos-latest)	Build wheel and source archive	2026-09-07T16:59:12.9520710Z copying fixtures/captures/no_graph/manifest.json -> dynamo_diff-0.1.0/fixtures/captures/no_graph
core (macos-latest)	Build wheel and source archive	2026-09-07T16:59:12.9521260Z copying fixtures/captures/no_graph/stderr.txt -> dynamo_diff-0.1.0/fixtures/captures/no_graph
core (macos-latest)	Build wheel and source archive	2026-09-07T16:59:12.9521780Z copying fixtures/captures/no_graph/stdout.txt -> dynamo_diff-0.1.0/fixtures/captures/no_graph
core (macos-latest)	Build wheel and source archive	2026-09-07T16:59:12.9522560Z copying fixtures/captures/no_graph/workload-result.json -> dynamo_diff-0.1.0/fixtures/captures/no_graph
core (macos-latest)	Build wheel and source archive	2026-09-07T16:59:12.9523220Z copying fixtures/captures/no_graph/raw/dedicated_log_torch_trace_rilshkzg.log -> dynamo_diff-0.1.0/fixtures/captures/no_graph/raw
core (macos-latest)	Build wheel and source archive	2026-09-07T16:59:12.9523900Z copying fixtures/captures/no_graph/report/chromium_events.json -> dynamo_diff-0.1.0/fixtures/captures/no_graph/report
core (macos-latest)	Build wheel and source archive	2026-09-07T16:59:12.9524640Z copying fixtures/captures/no_graph/report/compile_directory.json -> dynamo_diff-0.1.0/fixtures/captures/no_graph/report
core (macos-latest)	Build wheel and source archive	2026-09-07T16:59:12.9526150Z copying fixtures/captures/no_graph/report/failures_and_restarts.html -> dynamo_diff-0.1.0/fixtures/captures/no_graph/report
core (macos-latest)	Build wheel and source archive	2026-09-07T16:59:12.9526930Z copying fixtures/captures/no_graph/report/index.html -> dynamo_diff-0.1.0/fixtures/captures/no_graph/report
core (macos-latest)	Build wheel and source archive	2026-09-07T16:59:12.9527550Z copying fixtures/captures/no_graph/report/raw.jsonl -> dynamo_diff-0.1.0/fixtures/captures/no_graph/report
core (macos-latest)	Build wheel and source archive	2026-09-07T16:59:12.9528420Z copying fixtures/captures/no_graph/report/raw.log -> dynamo_diff-0.1.0/fixtures/captures/no_graph/report
core (macos-latest)	Build wheel and source archive	2026-09-07T16:59:12.9530360Z copying fixtures/captures/no_graph/report/-_-_-_-/torch_version_0.json -> dynamo_diff-0.1.0/fixtures/captures/no_graph/report/-_-_-_-
core (macos-latest)	Build wheel and source archive	2026-09-07T16:59:12.9532920Z copying fixtures/captures/no_graph/report/-_0_0_0/compilation_metrics_1.html -> dynamo_diff-0.1.0/fixtures/captures/no_graph/report/-_0_0_0
core (macos-latest)	Build wheel and source archive	2026-09-07T16:59:12.9536060Z copying fixtures/captures/no_graph/sources/compiler_cases.py -> dynamo_diff-0.1.0/fixtures/captures/no_graph/sources
core (macos-latest)	Build wheel and source archive	2026-09-07T16:59:12.9537350Z copying fixtures/captures/scalar/conversion.txt -> dynamo_diff-0.1.0/fixtures/captures/scalar
core (macos-latest)	Build wheel and source archive	2026-09-07T16:59:12.9538550Z copying fixtures/captures/scalar/manifest.json -> dynamo_diff-0.1.0/fixtures/captures/scalar
core (macos-latest)	Build wheel and source archive	2026-09-07T16:59:12.9540820Z copying fixtures/captures/scalar/stderr.txt -> dynamo_diff-0.1.0/fixtures/captures/scalar
core (macos-latest)	Build wheel and source archive	2026-09-07T16:59:12.9542350Z copying fixtures/captures/scalar/stdout.txt -> dynamo_diff-0.1.0/fixtures/captures/scalar
core (macos-latest)	Build wheel and source archive	2026-09-07T16:59:12.9543430Z copying fixtures/captures/scalar/workload-result.json -> dynamo_diff-0.1.0/fixtures/captures/scalar
core (macos-latest)	Build wheel and source archive	2026-09-07T16:59:12.9553360Z copying fixtures/captures/scalar/raw/dedicated_log_torch_trace_sxtxxr97.log -> dynamo_diff-0.1.0/fixtures/captures/scalar/raw
core (macos-latest)	Build wheel and source archive	2026-09-07T16:59:12.9555440Z copying fixtures/captures/scalar/report/chromium_events.json -> dynamo_diff-0.1.0/fixtures/captures/scalar/report
core (macos-latest)	Build wheel and source archive	2026-09-07T16:59:12.9566680Z copying fixtures/captures/scalar/report/compile_directory.json -> dynamo_diff-0.1.0/fixtures/captures/scalar/report
core (macos-latest)	Build wheel and source archive	2026-09-07T16:59:12.9573730Z copying fixtures/captures/scalar/report/failures_and_restarts.html -> dynamo_diff-0.1.0/fixtures/captures/scalar/report
core (macos-latest)	Build wheel and source archive	2026-09-07T16:59:12.9576060Z copying fixtures/captures/scalar/report/index.html -> dynamo_diff-0.1.0/fixtures/captures/scalar/report
core (macos-latest)	Build wheel and source archive	2026-09-07T16:59:12.9578210Z copying fixtures/captures/scalar/report/raw.jsonl -> dynamo_diff-0.1.0/fixtures/captures/scalar/report
core (macos-latest)	Build wheel and source archive	2026-09-07T16:59:12.9596030Z copying fixtures/captures/scalar/report/raw.log -> dynamo_diff-0.1.0/fixtures/captures/scalar/report
core (macos-latest)	Build wheel and source archive	2026-09-07T16:59:12.9599830Z copying fixtures/captures/scalar/report/-_-_-_-/torch_version_0.json -> dynamo_diff-0.1.0/fixtures/captures/scalar/report/-_-_-_-
core (macos-latest)	Build wheel and source archive	2026-09-07T16:59:12.9602570Z copying fixtures/captures/scalar/report/-_0_0_0/compilation_metrics_3.html -> dynamo_diff-0.1.0/fixtures/captures/scalar/report/-_0_0_0
core (macos-latest)	Build wheel and source archive	2026-09-07T16:59:12.9605120Z copying fixtures/captures/scalar/report/-_0_0_0/dynamo_cpp_guards_str_2.txt -> dynamo_diff-0.1.0/fixtures/captures/scalar/report/-_0_0_0
core (macos-latest)	Build wheel and source archive	2026-09-07T16:59:12.9608170Z copying fixtures/captures/scalar/report/-_0_0_0/dynamo_output_graph_1.txt -> dynamo_diff-0.1.0/fixtures/captures/scalar/report/-_0_0_0
core (macos-latest)	Build wheel and source archive	2026-09-07T16:59:12.9610210Z copying fixtures/captures/scalar/report/-_0_1_0/compilation_metrics_7.html -> dynamo_diff-0.1.0/fixtures/captures/scalar/report/-_0_1_0
core (macos-latest)	Build wheel and source archive	2026-09-07T16:59:12.9617600Z copying fixtures/captures/scalar/report/-_0_1_0/dynamo_cpp_guards_str_6.txt -> dynamo_diff-0.1.0/fixtures/captures/scalar/report/-_0_1_0
core (macos-latest)	Build wheel and source archive	2026-09-07T16:59:12.9623160Z copying fixtures/captures/scalar/report/-_0_1_0/dynamo_output_graph_5.txt -> dynamo_diff-0.1.0/fixtures/captures/scalar/report/-_0_1_0
core (macos-latest)	Build wheel and source archive	2026-09-07T16:59:12.9627650Z copying fixtures/captures/scalar/report/-_0_1_0/recompile_reasons_4.json -> dynamo_diff-0.1.0/fixtures/captures/scalar/report/-_0_1_0
core (macos-latest)	Build wheel and source archive	2026-09-07T16:59:12.9633190Z copying fixtures/captures/scalar/sources/compiler_cases.py -> dynamo_diff-0.1.0/fixtures/captures/scalar/sources
core (macos-latest)	Build wheel and source archive	2026-09-07T16:59:12.9638160Z copying fixtures/captures/shape/conversion.txt -> dynamo_diff-0.1.0/fixtures/captures/shape
core (macos-latest)	Build wheel and source archive	2026-09-07T16:59:12.9642730Z copying fixtures/captures/shape/manifest.json -> dynamo_diff-0.1.0/fixtures/captures/shape
core (macos-latest)	Build wheel and source archive	2026-09-07T16:59:12.9648090Z copying fixtures/captures/shape/stderr.txt -> dynamo_diff-0.1.0/fixtures/captures/shape
core (macos-latest)	Build wheel and source archive	2026-09-07T16:59:12.9650320Z copying fixtures/captures/shape/stdout.txt -> dynamo_diff-0.1.0/fixtures/captures/shape
core (macos-latest)	Build wheel and source archive	2026-09-07T16:59:12.9651630Z copying fixtures/captures/shape/workload-result.json -> dynamo_diff-0.1.0/fixtures/captures/shape
core (macos-latest)	Build wheel and source archive	2026-09-07T16:59:12.9655110Z copying fixtures/captures/shape/raw/dedicated_log_torch_trace_df2kmuni.log -> dynamo_diff-0.1.0/fixtures/captures/shape/raw
core (macos-latest)	Build wheel and source archive	2026-09-07T16:59:12.9657640Z copying fixtures/captures/shape/report/chromium_events.json -> dynamo_diff-0.1.0/fixtures/captures/shape/report
core (macos-latest)	Build wheel and source archive	2026-09-07T16:59:12.9664720Z copying fixtures/captures/shape/report/compile_directory.json -> dynamo_diff-0.1.0/fixtures/captures/shape/report
core (macos-latest)	Build wheel and source archive	2026-09-07T16:59:12.9670590Z copying fixtures/captures/shape/report/failures_and_restarts.html -> dynamo_diff-0.1.0/fixtures/captures/shape/report
core (macos-latest)	Build wheel and source archive	2026-09-07T16:59:12.9673230Z copying fixtures/captures/shape/report/index.html -> dynamo_diff-0.1.0/fixtures/captures/shape/report
core (macos-latest)	Build wheel and source archive	2026-09-07T16:59:12.9678270Z copying fixtures/captures/shape/report/raw.jsonl -> dynamo_diff-0.1.0/fixtures/captures/shape/report
core (macos-latest)	Build wheel and source archive	2026-09-07T16:59:12.9689050Z copying fixtures/captures/shape/report/raw.log -> dynamo_diff-0.1.0/fixtures/captures/shape/report
core (macos-latest)	Build wheel and source archive	2026-09-07T16:59:12.9691410Z copying fixtures/captures/shape/report/-_-_-_-/torch_version_0.json -> dynamo_diff-0.1.0/fixtures/captures/shape/report/-_-_-_-
core (macos-latest)	Build wheel and source archive	2026-09-07T16:59:12.9695540Z copying fixtures/captures/shape/report/-_0_0_0/compilation_metrics_3.html -> dynamo_diff-0.1.0/fixtures/captures/shape/report/-_0_0_0
core (macos-latest)	Build wheel and source archive	2026-09-07T16:59:12.9697500Z copying fixtures/captures/shape/report/-_0_0_0/dynamo_cpp_guards_str_2.txt -> dynamo_diff-0.1.0/fixtures/captures/shape/report/-_0_0_0
core (macos-latest)	Build wheel and source archive	2026-09-07T16:59:12.9701790Z copying fixtures/captures/shape/report/-_0_0_0/dynamo_output_graph_1.txt -> dynamo_diff-0.1.0/fixtures/captures/shape/report/-_0_0_0
core (macos-latest)	Build wheel and source archive	2026-09-07T16:59:12.9704080Z copying fixtures/captures/shape/report/-_0_1_0/compilation_metrics_7.html -> dynamo_diff-0.1.0/fixtures/captures/shape/report/-_0_1_0
core (macos-latest)	Build wheel and source archive	2026-09-07T16:59:12.9715240Z copying fixtures/captures/shape/report/-_0_1_0/dynamo_cpp_guards_str_6.txt -> dynamo_diff-0.1.0/fixtures/captures/shape/report/-_0_1_0
core (macos-latest)	Build wheel and source archive	2026-09-07T16:59:12.9716290Z copying fixtures/captures/shape/report/-_0_1_0/dynamo_output_graph_5.txt -> dynamo_diff-0.1.0/fixtures/captures/shape/report/-_0_1_0
core (macos-latest)	Build wheel and source archive	2026-09-07T16:59:12.9717550Z copying fixtures/captures/shape/report/-_0_1_0/recompile_reasons_4.json -> dynamo_diff-0.1.0/fixtures/captures/shape/report/-_0_1_0
core (macos-latest)	Build wheel and source archive	2026-09-07T16:59:12.9723850Z copying fixtures/captures/shape/sources/compiler_cases.py -> dynamo_diff-0.1.0/fixtures/captures/shape/sources
core (macos-latest)	Build wheel and source archive	2026-09-07T16:59:12.9728710Z copying fixtures/captures/stable/conversion.txt -> dynamo_diff-0.1.0/fixtures/captures/stable
core (macos-latest)	Build wheel and source archive	2026-09-07T16:59:12.9729570Z copying fixtures/captures/stable/manifest.json -> dynamo_diff-0.1.0/fixtures/captures/stable
core (macos-latest)	Build wheel and source archive	2026-09-07T16:59:12.9730200Z copying fixtures/captures/stable/stderr.txt -> dynamo_diff-0.1.0/fixtures/captures/stable
core (macos-latest)	Build wheel and source archive	2026-09-07T16:59:12.9734290Z copying fixtures/captures/stable/stdout.txt -> dynamo_diff-0.1.0/fixtures/captures/stable
core (macos-latest)	Build wheel and source archive	2026-09-07T16:59:12.9735050Z copying fixtures/captures/stable/workload-result.json -> dynamo_diff-0.1.0/fixtures/captures/stable
core (macos-latest)	Build wheel and source archive	2026-09-07T16:59:12.9741440Z copying fixtures/captures/stable/raw/dedicated_log_torch_trace_y15iqe9y.log -> dynamo_diff-0.1.0/fixtures/captures/stable/raw
core (macos-latest)	Build wheel and source archive	2026-09-07T16:59:12.9745070Z copying fixtures/captures/stable/report/chromium_events.json -> dynamo_diff-0.1.0/fixtures/captures/stable/report
core (macos-latest)	Build wheel and source archive	2026-09-07T16:59:12.9745880Z copying fixtures/captures/stable/report/compile_directory.json -> dynamo_diff-0.1.0/fixtures/captures/stable/report
core (macos-latest)	Build wheel and source archive	2026-09-07T16:59:12.9746870Z copying fixtures/captures/stable/report/failures_and_restarts.html -> dynamo_diff-0.1.0/fixtures/captures/stable/report
core (macos-latest)	Build wheel and source archive	2026-09-07T16:59:12.9748340Z copying fixtures/captures/stable/report/index.html -> dynamo_diff-0.1.0/fixtures/captures/stable/report
core (macos-latest)	Build wheel and source archive	2026-09-07T16:59:12.9749130Z copying fixtures/captures/stable/report/raw.jsonl -> dynamo_diff-0.1.0/fixtures/captures/stable/report
core (macos-latest)	Build wheel and source archive	2026-09-07T16:59:12.9830780Z copying fixtures/captures/stable/report/raw.log -> dynamo_diff-0.1.0/fixtures/captures/stable/report
core (macos-latest)	Build wheel and source archive	2026-09-07T16:59:12.9831910Z copying fixtures/captures/stable/report/-_-_-_-/torch_version_0.json -> dynamo_diff-0.1.0/fixtures/captures/stable/report/-_-_-_-
core (macos-latest)	Build wheel and source archive	2026-09-07T16:59:12.9834130Z copying fixtures/captures/stable/report/-_0_0_0/compilation_metrics_3.html -> dynamo_diff-0.1.0/fixtures/captures/stable/report/-_0_0_0
core (macos-latest)	Build wheel and source archive	2026-09-07T16:59:12.9835100Z copying fixtures/captures/stable/report/-_0_0_0/dynamo_cpp_guards_str_2.txt -> dynamo_diff-0.1.0/fixtures/captures/stable/report/-_0_0_0
core (macos-latest)	Build wheel and source archive	2026-09-07T16:59:12.9838130Z copying fixtures/captures/stable/report/-_0_0_0/dynamo_output_graph_1.txt -> dynamo_diff-0.1.0/fixtures/captures/stable/report/-_0_0_0
core (macos-latest)	Build wheel and source archive	2026-09-07T16:59:12.9839370Z copying fixtures/captures/stable/sources/compiler_cases.py -> dynamo_diff-0.1.0/fixtures/captures/stable/sources
core (macos-latest)	Build wheel and source archive	2026-09-07T16:59:12.9841650Z copying fixtures/workloads/compiler_cases.py -> dynamo_diff-0.1.0/fixtures/workloads
core (macos-latest)	Build wheel and source archive	2026-09-07T16:59:12.9842540Z copying src/dynamo_diff/__init__.py -> dynamo_diff-0.1.0/src/dynamo_diff
core (macos-latest)	Build wheel and source archive	2026-09-07T16:59:12.9843470Z copying src/dynamo_diff/cli.py -> dynamo_diff-0.1.0/src/dynamo_diff
core (macos-latest)	Build wheel and source archive	2026-09-07T16:59:12.9845420Z copying src/dynamo_diff/compare.py -> dynamo_diff-0.1.0/src/dynamo_diff
core (macos-latest)	Build wheel and source archive	2026-09-07T16:59:12.9846280Z copying src/dynamo_diff/errors.py -> dynamo_diff-0.1.0/src/dynamo_diff
core (macos-latest)	Build wheel and source archive	2026-09-07T16:59:12.9846960Z copying src/dynamo_diff/io.py -> dynamo_diff-0.1.0/src/dynamo_diff
core (macos-latest)	Build wheel and source archive	2026-09-07T16:59:12.9848910Z copying src/dynamo_diff/manifest.py -> dynamo_diff-0.1.0/src/dynamo_diff
core (macos-latest)	Build wheel and source archive	2026-09-07T16:59:12.9849710Z copying src/dynamo_diff/mcp_server.py -> dynamo_diff-0.1.0/src/dynamo_diff
core (macos-latest)	Build wheel and source archive	2026-09-07T16:59:12.9850420Z copying src/dynamo_diff/model.py -> dynamo_diff-0.1.0/src/dynamo_diff
core (macos-latest)	Build wheel and source archive	2026-09-07T16:59:12.9863970Z copying src/dynamo_diff/render.py -> dynamo_diff-0.1.0/src/dynamo_diff
core (macos-latest)	Build wheel and source archive	2026-09-07T16:59:12.9864600Z copying src/dynamo_diff/store.py -> dynamo_diff-0.1.0/src/dynamo_diff
core (macos-latest)	Build wheel and source archive	2026-09-07T16:59:12.9865200Z copying src/dynamo_diff.egg-info/PKG-INFO -> dynamo_diff-0.1.0/src/dynamo_diff.egg-info
core (macos-latest)	Build wheel and source archive	2026-09-07T16:59:12.9865900Z copying src/dynamo_diff.egg-info/SOURCES.txt -> dynamo_diff-0.1.0/src/dynamo_diff.egg-info
core (macos-latest)	Build wheel and source archive	2026-09-07T16:59:12.9867280Z copying src/dynamo_diff.egg-info/dependency_links.txt -> dynamo_diff-0.1.0/src/dynamo_diff.egg-info
core (macos-latest)	Build wheel and source archive	2026-09-07T16:59:12.9868000Z copying src/dynamo_diff.egg-info/entry_points.txt -> dynamo_diff-0.1.0/src/dynamo_diff.egg-info
core (macos-latest)	Build wheel and source archive	2026-09-07T16:59:12.9870170Z copying src/dynamo_diff.egg-info/requires.txt -> dynamo_diff-0.1.0/src/dynamo_diff.egg-info
core (macos-latest)	Build wheel and source archive	2026-09-07T16:59:12.9870920Z copying src/dynamo_diff.egg-info/top_level.txt -> dynamo_diff-0.1.0/src/dynamo_diff.egg-info
core (macos-latest)	Build wheel and source archive	2026-09-07T16:59:12.9872140Z copying src/dynamo_diff/adapters/__init__.py -> dynamo_diff-0.1.0/src/dynamo_diff/adapters
core (macos-latest)	Build wheel and source archive	2026-09-07T16:59:12.9875810Z copying src/dynamo_diff/adapters/tlparse.py -> dynamo_diff-0.1.0/src/dynamo_diff/adapters
core (macos-latest)	Build wheel and source archive	2026-09-07T16:59:12.9876690Z copying tests/test_compare_cli.py -> dynamo_diff-0.1.0/tests
core (macos-latest)	Build wheel and source archive	2026-09-07T16:59:12.9877170Z copying tests/test_input_boundaries.py -> dynamo_diff-0.1.0/tests
core (macos-latest)	Build wheel and source archive	2026-09-07T16:59:12.9877630Z copying tests/test_malformed_captures.py -> dynamo_diff-0.1.0/tests
core (macos-latest)	Build wheel and source archive	2026-09-07T16:59:12.9878300Z copying tests/test_mcp.py -> dynamo_diff-0.1.0/tests
core (macos-latest)	Build wheel and source archive	2026-09-07T16:59:12.9878730Z copying tests/test_real_captures.py -> dynamo_diff-0.1.0/tests
core (macos-latest)	Build wheel and source archive	2026-09-07T16:59:12.9879130Z copying tests/test_store.py -> dynamo_diff-0.1.0/tests
core (macos-latest)	Build wheel and source archive	2026-09-07T16:59:12.9880670Z copying tests/test_transformers_case.py -> dynamo_diff-0.1.0/tests
core (macos-latest)	Build wheel and source archive	2026-09-07T16:59:12.9881210Z copying tests/test_validation.py -> dynamo_diff-0.1.0/tests
core (macos-latest)	Build wheel and source archive	2026-09-07T16:59:12.9881610Z copying tools/check_release.py -> dynamo_diff-0.1.0/tools
core (macos-latest)	Build wheel and source archive	2026-09-07T16:59:12.9882060Z copying tools/demo.py -> dynamo_diff-0.1.0/tools
core (macos-latest)	Build wheel and source archive	2026-09-07T16:59:12.9882460Z copying tools/generate_edit_pair.py -> dynamo_diff-0.1.0/tools
core (macos-latest)	Build wheel and source archive	2026-09-07T16:59:12.9905270Z copying tools/generate_fixtures.py -> dynamo_diff-0.1.0/tools
core (macos-latest)	Build wheel and source archive	2026-09-07T16:59:12.9912170Z copying tools/record_demo.py -> dynamo_diff-0.1.0/tools
core (macos-latest)	Build wheel and source archive	2026-09-07T16:59:12.9921030Z Writing dynamo_diff-0.1.0/setup.cfg
core (macos-latest)	Build wheel and source archive	2026-09-07T16:59:12.9944140Z Creating tar archive
core (macos-latest)	Build wheel and source archive	2026-09-07T16:59:14.0992950Z removing 'dynamo_diff-0.1.0' (and everything under it)
core (macos-latest)	Build wheel and source archive	2026-09-07T16:59:14.6154380Z * Building wheel from sdist
core (macos-latest)	Build wheel and source archive	2026-09-07T16:59:14.6156140Z * Getting build dependencies for wheel...
core (macos-latest)	Build wheel and source archive	2026-09-07T16:59:14.8091980Z running egg_info
core (macos-latest)	Build wheel and source archive	2026-09-07T16:59:14.8110320Z writing src/dynamo_diff.egg-info/PKG-INFO
core (macos-latest)	Build wheel and source archive	2026-09-07T16:59:14.8119250Z writing dependency_links to src/dynamo_diff.egg-info/dependency_links.txt
core (macos-latest)	Build wheel and source archive	2026-09-07T16:59:14.8121110Z writing entry points to src/dynamo_diff.egg-info/entry_points.txt
core (macos-latest)	Build wheel and source archive	2026-09-07T16:59:14.8124540Z writing requirements to src/dynamo_diff.egg-info/requires.txt
core (macos-latest)	Build wheel and source archive	2026-09-07T16:59:14.8125510Z writing top-level names to src/dynamo_diff.egg-info/top_level.txt
core (macos-latest)	Build wheel and source archive	2026-09-07T16:59:14.8186830Z reading manifest file 'src/dynamo_diff.egg-info/SOURCES.txt'
core (macos-latest)	Build wheel and source archive	2026-09-07T16:59:14.8247850Z reading manifest template 'MANIFEST.in'
core (macos-latest)	Build wheel and source archive	2026-09-07T16:59:14.8354090Z warning: no previously-included files matching '__pycache__' found anywhere in distribution
core (macos-latest)	Build wheel and source archive	2026-09-07T16:59:14.8363750Z warning: no previously-included files matching '*.py[cod]' found anywhere in distribution
core (macos-latest)	Build wheel and source archive	2026-09-07T16:59:14.8371810Z warning: no previously-included files matching '.DS_Store' found anywhere in distribution
core (macos-latest)	Build wheel and source archive	2026-09-07T16:59:14.8379590Z warning: no previously-included files matching '.lock' found anywhere in distribution
core (macos-latest)	Build wheel and source archive	2026-09-07T16:59:14.8380160Z adding license file 'LICENSE'
core (macos-latest)	Build wheel and source archive	2026-09-07T16:59:14.8448770Z writing manifest file 'src/dynamo_diff.egg-info/SOURCES.txt'
core (macos-latest)	Build wheel and source archive	2026-09-07T16:59:14.8647330Z * Building wheel...
core (macos-latest)	Build wheel and source archive	2026-09-07T16:59:14.9889280Z running bdist_wheel
core (macos-latest)	Build wheel and source archive	2026-09-07T16:59:14.9963240Z running build
core (macos-latest)	Build wheel and source archive	2026-09-07T16:59:14.9963420Z running build_py
core (macos-latest)	Build wheel and source archive	2026-09-07T16:59:14.9983300Z creating build/lib/dynamo_diff
core (macos-latest)	Build wheel and source archive	2026-09-07T16:59:14.9985420Z copying src/dynamo_diff/store.py -> build/lib/dynamo_diff
core (macos-latest)	Build wheel and source archive	2026-09-07T16:59:14.9987780Z copying src/dynamo_diff/manifest.py -> build/lib/dynamo_diff
core (macos-latest)	Build wheel and source archive	2026-09-07T16:59:14.9989460Z copying src/dynamo_diff/render.py -> build/lib/dynamo_diff
core (macos-latest)	Build wheel and source archive	2026-09-07T16:59:14.9991030Z copying src/dynamo_diff/io.py -> build/lib/dynamo_diff
core (macos-latest)	Build wheel and source archive	2026-09-07T16:59:14.9992570Z copying src/dynamo_diff/__init__.py -> build/lib/dynamo_diff
core (macos-latest)	Build wheel and source archive	2026-09-07T16:59:14.9994890Z copying src/dynamo_diff/model.py -> build/lib/dynamo_diff
core (macos-latest)	Build wheel and source archive	2026-09-07T16:59:14.9996330Z copying src/dynamo_diff/cli.py -> build/lib/dynamo_diff
core (macos-latest)	Build wheel and source archive	2026-09-07T16:59:14.9997700Z copying src/dynamo_diff/errors.py -> build/lib/dynamo_diff
core (macos-latest)	Build wheel and source archive	2026-09-07T16:59:14.9999260Z copying src/dynamo_diff/compare.py -> build/lib/dynamo_diff
core (macos-latest)	Build wheel and source archive	2026-09-07T16:59:15.0000720Z copying src/dynamo_diff/mcp_server.py -> build/lib/dynamo_diff
core (macos-latest)	Build wheel and source archive	2026-09-07T16:59:15.0003130Z creating build/lib/dynamo_diff/adapters
core (macos-latest)	Build wheel and source archive	2026-09-07T16:59:15.0004050Z copying src/dynamo_diff/adapters/tlparse.py -> build/lib/dynamo_diff/adapters
core (macos-latest)	Build wheel and source archive	2026-09-07T16:59:15.0006020Z copying src/dynamo_diff/adapters/__init__.py -> build/lib/dynamo_diff/adapters
core (macos-latest)	Build wheel and source archive	2026-09-07T16:59:15.0007180Z running egg_info
core (macos-latest)	Build wheel and source archive	2026-09-07T16:59:15.0023180Z writing src/dynamo_diff.egg-info/PKG-INFO
core (macos-latest)	Build wheel and source archive	2026-09-07T16:59:15.0030630Z writing dependency_links to src/dynamo_diff.egg-info/dependency_links.txt
core (macos-latest)	Build wheel and source archive	2026-09-07T16:59:15.0032470Z writing entry points to src/dynamo_diff.egg-info/entry_points.txt
core (macos-latest)	Build wheel and source archive	2026-09-07T16:59:15.0035960Z writing requirements to src/dynamo_diff.egg-info/requires.txt
core (macos-latest)	Build wheel and source archive	2026-09-07T16:59:15.0036880Z writing top-level names to src/dynamo_diff.egg-info/top_level.txt
core (macos-latest)	Build wheel and source archive	2026-09-07T16:59:15.0060170Z reading manifest file 'src/dynamo_diff.egg-info/SOURCES.txt'
core (macos-latest)	Build wheel and source archive	2026-09-07T16:59:15.0119460Z reading manifest template 'MANIFEST.in'
core (macos-latest)	Build wheel and source archive	2026-09-07T16:59:15.0239090Z warning: no previously-included files matching '__pycache__' found anywhere in distribution
core (macos-latest)	Build wheel and source archive	2026-09-07T16:59:15.0248710Z warning: no previously-included files matching '*.py[cod]' found anywhere in distribution
core (macos-latest)	Build wheel and source archive	2026-09-07T16:59:15.0256840Z warning: no previously-included files matching '.DS_Store' found anywhere in distribution
core (macos-latest)	Build wheel and source archive	2026-09-07T16:59:15.0264780Z warning: no previously-included files matching '.lock' found anywhere in distribution
core (macos-latest)	Build wheel and source archive	2026-09-07T16:59:15.0265420Z adding license file 'LICENSE'
core (macos-latest)	Build wheel and source archive	2026-09-07T16:59:15.0332200Z writing manifest file 'src/dynamo_diff.egg-info/SOURCES.txt'
core (macos-latest)	Build wheel and source archive	2026-09-07T16:59:15.0405460Z installing to build/bdist.macosx-10.13-universal2/wheel
core (macos-latest)	Build wheel and source archive	2026-09-07T16:59:15.0405750Z running install
core (macos-latest)	Build wheel and source archive	2026-09-07T16:59:15.0440200Z running install_lib
core (macos-latest)	Build wheel and source archive	2026-09-07T16:59:15.0456160Z creating build/bdist.macosx-10.13-universal2/wheel
core (macos-latest)	Build wheel and source archive	2026-09-07T16:59:15.0457990Z creating build/bdist.macosx-10.13-universal2/wheel/dynamo_diff
core (macos-latest)	Build wheel and source archive	2026-09-07T16:59:15.0458930Z copying build/lib/dynamo_diff/store.py -> build/bdist.macosx-10.13-universal2/wheel/./dynamo_diff
core (macos-latest)	Build wheel and source archive	2026-09-07T16:59:15.0460840Z copying build/lib/dynamo_diff/manifest.py -> build/bdist.macosx-10.13-universal2/wheel/./dynamo_diff
core (macos-latest)	Build wheel and source archive	2026-09-07T16:59:15.0462520Z copying build/lib/dynamo_diff/render.py -> build/bdist.macosx-10.13-universal2/wheel/./dynamo_diff
core (macos-latest)	Build wheel and source archive	2026-09-07T16:59:15.0463910Z copying build/lib/dynamo_diff/io.py -> build/bdist.macosx-10.13-universal2/wheel/./dynamo_diff
core (macos-latest)	Build wheel and source archive	2026-09-07T16:59:15.0465970Z copying build/lib/dynamo_diff/__init__.py -> build/bdist.macosx-10.13-universal2/wheel/./dynamo_diff
core (macos-latest)	Build wheel and source archive	2026-09-07T16:59:15.0467190Z copying build/lib/dynamo_diff/model.py -> build/bdist.macosx-10.13-universal2/wheel/./dynamo_diff
core (macos-latest)	Build wheel and source archive	2026-09-07T16:59:15.0468880Z creating build/bdist.macosx-10.13-universal2/wheel/dynamo_diff/adapters
core (macos-latest)	Build wheel and source archive	2026-09-07T16:59:15.0469870Z copying build/lib/dynamo_diff/adapters/tlparse.py -> build/bdist.macosx-10.13-universal2/wheel/./dynamo_diff/adapters
core (macos-latest)	Build wheel and source archive	2026-09-07T16:59:15.0471470Z copying build/lib/dynamo_diff/adapters/__init__.py -> build/bdist.macosx-10.13-universal2/wheel/./dynamo_diff/adapters
core (macos-latest)	Build wheel and source archive	2026-09-07T16:59:15.0473410Z copying build/lib/dynamo_diff/cli.py -> build/bdist.macosx-10.13-universal2/wheel/./dynamo_diff
core (macos-latest)	Build wheel and source archive	2026-09-07T16:59:15.0475480Z copying build/lib/dynamo_diff/errors.py -> build/bdist.macosx-10.13-universal2/wheel/./dynamo_diff
core (macos-latest)	Build wheel and source archive	2026-09-07T16:59:15.0477110Z copying build/lib/dynamo_diff/compare.py -> build/bdist.macosx-10.13-universal2/wheel/./dynamo_diff
core (macos-latest)	Build wheel and source archive	2026-09-07T16:59:15.0478760Z copying build/lib/dynamo_diff/mcp_server.py -> build/bdist.macosx-10.13-universal2/wheel/./dynamo_diff
core (macos-latest)	Build wheel and source archive	2026-09-07T16:59:15.0480730Z running install_egg_info
core (macos-latest)	Build wheel and source archive	2026-09-07T16:59:15.0497700Z Copying src/dynamo_diff.egg-info to build/bdist.macosx-10.13-universal2/wheel/./dynamo_diff-0.1.0-py3.13.egg-info
core (macos-latest)	Build wheel and source archive	2026-09-07T16:59:15.0510180Z running install_scripts
core (macos-latest)	Build wheel and source archive	2026-09-07T16:59:15.0524000Z creating build/bdist.macosx-10.13-universal2/wheel/dynamo_diff-0.1.0.dist-info/WHEEL
core (macos-latest)	Build wheel and source archive	2026-09-07T16:59:15.0527050Z creating '/Users/runner/work/dynamo-diff/dynamo-diff/dist/.tmp-46b7shv8/dynamo_diff-0.1.0-py3-none-any.whl' and adding 'build/bdist.macosx-10.13-universal2/wheel' to it
core (macos-latest)	Build wheel and source archive	2026-09-07T16:59:15.0530650Z adding 'dynamo_diff/__init__.py'
core (macos-latest)	Build wheel and source archive	2026-09-07T16:59:15.0533220Z adding 'dynamo_diff/cli.py'
core (macos-latest)	Build wheel and source archive	2026-09-07T16:59:15.0537130Z adding 'dynamo_diff/compare.py'
core (macos-latest)	Build wheel and source archive	2026-09-07T16:59:15.0541260Z adding 'dynamo_diff/errors.py'
core (macos-latest)	Build wheel and source archive	2026-09-07T16:59:15.0543740Z adding 'dynamo_diff/io.py'
core (macos-latest)	Build wheel and source archive	2026-09-07T16:59:15.0545310Z adding 'dynamo_diff/manifest.py'
core (macos-latest)	Build wheel and source archive	2026-09-07T16:59:15.0548190Z adding 'dynamo_diff/mcp_server.py'
core (macos-latest)	Build wheel and source archive	2026-09-07T16:59:15.0550300Z adding 'dynamo_diff/model.py'
core (macos-latest)	Build wheel and source archive	2026-09-07T16:59:15.0551870Z adding 'dynamo_diff/render.py'
core (macos-latest)	Build wheel and source archive	2026-09-07T16:59:15.0555140Z adding 'dynamo_diff/store.py'
core (macos-latest)	Build wheel and source archive	2026-09-07T16:59:15.0556660Z adding 'dynamo_diff/adapters/__init__.py'
core (macos-latest)	Build wheel and source archive	2026-09-07T16:59:15.0561830Z adding 'dynamo_diff/adapters/tlparse.py'
core (macos-latest)	Build wheel and source archive	2026-09-07T16:59:15.0564760Z adding 'dynamo_diff-0.1.0.dist-info/licenses/LICENSE'
core (macos-latest)	Build wheel and source archive	2026-09-07T16:59:15.0566780Z adding 'dynamo_diff-0.1.0.dist-info/METADATA'
core (macos-latest)	Build wheel and source archive	2026-09-07T16:59:15.0567450Z adding 'dynamo_diff-0.1.0.dist-info/WHEEL'
core (macos-latest)	Build wheel and source archive	2026-09-07T16:59:15.0568180Z adding 'dynamo_diff-0.1.0.dist-info/entry_points.txt'
core (macos-latest)	Build wheel and source archive	2026-09-07T16:59:15.0568770Z adding 'dynamo_diff-0.1.0.dist-info/top_level.txt'
core (macos-latest)	Build wheel and source archive	2026-09-07T16:59:15.0569870Z adding 'dynamo_diff-0.1.0.dist-info/RECORD'
core (macos-latest)	Build wheel and source archive	2026-09-07T16:59:15.0571440Z removing build/bdist.macosx-10.13-universal2/wheel
core (macos-latest)	Build wheel and source archive	2026-09-07T16:59:15.1248410Z Successfully built dynamo_diff-0.1.0.tar.gz and dynamo_diff-0.1.0-py3-none-any.whl
core (macos-latest)	Install wheel	﻿2026-09-07T16:59:15.1399840Z ##[group]Run python -m pip install --no-deps dist/dynamo_diff-0.1.0-py3-none-any.whl
core (macos-latest)	Install wheel	2026-09-07T16:59:15.1400450Z ^[[36;1mpython -m pip install --no-deps dist/dynamo_diff-0.1.0-py3-none-any.whl^[[0m
core (macos-latest)	Install wheel	2026-09-07T16:59:15.1438420Z shell: /bin/bash -e {0}
core (macos-latest)	Install wheel	2026-09-07T16:59:15.1438620Z env:
core (macos-latest)	Install wheel	2026-09-07T16:59:15.1438890Z   pythonLocation: /Users/runner/hostedtoolcache/Python/3.13.14/arm64
core (macos-latest)	Install wheel	2026-09-07T16:59:15.1439330Z   PKG_CONFIG_PATH: /Users/runner/hostedtoolcache/Python/3.13.14/arm64/lib/pkgconfig
core (macos-latest)	Install wheel	2026-09-07T16:59:15.1439830Z   Python_ROOT_DIR: /Users/runner/hostedtoolcache/Python/3.13.14/arm64
core (macos-latest)	Install wheel	2026-09-07T16:59:15.1440240Z   Python2_ROOT_DIR: /Users/runner/hostedtoolcache/Python/3.13.14/arm64
core (macos-latest)	Install wheel	2026-09-07T16:59:15.1440630Z   Python3_ROOT_DIR: /Users/runner/hostedtoolcache/Python/3.13.14/arm64
core (macos-latest)	Install wheel	2026-09-07T16:59:15.1440900Z ##[endgroup]
core (macos-latest)	Install wheel	2026-09-07T16:59:15.4640750Z Processing ./dist/dynamo_diff-0.1.0-py3-none-any.whl
core (macos-latest)	Install wheel	2026-09-07T16:59:15.4709870Z Installing collected packages: dynamo-diff
core (macos-latest)	Install wheel	2026-09-07T16:59:15.4938730Z Successfully installed dynamo-diff-0.1.0
core (macos-latest)	Install wheel	2026-09-07T16:59:15.4943820Z 
core (macos-latest)	Install wheel	2026-09-07T16:59:15.4944450Z [notice] A new release of pip is available: 26.1.2 -> 26.2.1
core (macos-latest)	Install wheel	2026-09-07T16:59:15.4945160Z [notice] To update, run: python -m pip install --upgrade pip
core (macos-latest)	Verify wheel, schemas, tests and recorded demonstrations	﻿2026-09-07T16:59:15.5243000Z ##[group]Run python tools/check_release.py --require-wheel --junit artifacts/ci-core.xml
core (macos-latest)	Verify wheel, schemas, tests and recorded demonstrations	2026-09-07T16:59:15.5243590Z ^[[36;1mpython tools/check_release.py --require-wheel --junit artifacts/ci-core.xml^[[0m
core (macos-latest)	Verify wheel, schemas, tests and recorded demonstrations	2026-09-07T16:59:15.5274540Z shell: /bin/bash -e {0}
core (macos-latest)	Verify wheel, schemas, tests and recorded demonstrations	2026-09-07T16:59:15.5274720Z env:
core (macos-latest)	Verify wheel, schemas, tests and recorded demonstrations	2026-09-07T16:59:15.5274920Z   pythonLocation: /Users/runner/hostedtoolcache/Python/3.13.14/arm64
core (macos-latest)	Verify wheel, schemas, tests and recorded demonstrations	2026-09-07T16:59:15.5275340Z   PKG_CONFIG_PATH: /Users/runner/hostedtoolcache/Python/3.13.14/arm64/lib/pkgconfig
core (macos-latest)	Verify wheel, schemas, tests and recorded demonstrations	2026-09-07T16:59:15.5275720Z   Python_ROOT_DIR: /Users/runner/hostedtoolcache/Python/3.13.14/arm64
core (macos-latest)	Verify wheel, schemas, tests and recorded demonstrations	2026-09-07T16:59:15.5276060Z   Python2_ROOT_DIR: /Users/runner/hostedtoolcache/Python/3.13.14/arm64
core (macos-latest)	Verify wheel, schemas, tests and recorded demonstrations	2026-09-07T16:59:15.5276390Z   Python3_ROOT_DIR: /Users/runner/hostedtoolcache/Python/3.13.14/arm64
core (macos-latest)	Verify wheel, schemas, tests and recorded demonstrations	2026-09-07T16:59:15.5276650Z ##[endgroup]
core (macos-latest)	Verify wheel, schemas, tests and recorded demonstrations	2026-09-07T16:59:15.6575640Z Package under test: /Library/Frameworks/Python.framework/Versions/3.13/lib/python3.13/site-packages/dynamo_diff/__init__.py
core (macos-latest)	Verify wheel, schemas, tests and recorded demonstrations	2026-09-07T16:59:19.1031260Z ........................................................................ [ 77%]
core (macos-latest)	Verify wheel, schemas, tests and recorded demonstrations	2026-09-07T16:59:19.6773330Z .....................                                                    [100%]
core (macos-latest)	Verify wheel, schemas, tests and recorded demonstrations	2026-09-07T16:59:19.6775510Z 93 passed in 3.72s
core (macos-latest)	Verify wheel, schemas, tests and recorded demonstrations	2026-09-07T16:59:19.9401660Z # Dynamo comparison
core (macos-latest)	Verify wheel, schemas, tests and recorded demonstrations	2026-09-07T16:59:19.9402490Z 
core (macos-latest)	Verify wheel, schemas, tests and recorded demonstrations	2026-09-07T16:59:19.9402900Z Baseline: 4c89bff73d2fbba6bdc8021769723fe598d267c4c995c12bb8c6bf0599dba991
core (macos-latest)	Verify wheel, schemas, tests and recorded demonstrations	2026-09-07T16:59:19.9403520Z Candidate: d95713729bb764fe3ef768f44d23003d9c3eb6c174f447f2d8e57cdf7f8fcf58
core (macos-latest)	Verify wheel, schemas, tests and recorded demonstrations	2026-09-07T16:59:19.9404390Z Workload comparability: manifest_consistent
core (macos-latest)	Verify wheel, schemas, tests and recorded demonstrations	2026-09-07T16:59:19.9404820Z 
core (macos-latest)	Verify wheel, schemas, tests and recorded demonstrations	2026-09-07T16:59:19.9406450Z | Function | Match | Completed before → after | Confirmed recompiles before → after | Guard categories before → after |
core (macos-latest)	Verify wheel, schemas, tests and recorded demonstrations	2026-09-07T16:59:19.9407070Z |---|---|---:|---:|---|
core (macos-latest)	Verify wheel, schemas, tests and recorded demonstrations	2026-09-07T16:59:19.9407520Z | model.py:compute | matched | 3 → 1 | 2 → 0 | python_scalar → none recorded |
core (macos-latest)	Verify wheel, schemas, tests and recorded demonstrations	2026-09-07T16:59:19.9408090Z | model.py:helper | unmatched | 0 → 1 | 0 → 0 | function absent → none recorded |
core (macos-latest)	Verify wheel, schemas, tests and recorded demonstrations	2026-09-07T16:59:19.9408540Z 
core (macos-latest)	Verify wheel, schemas, tests and recorded demonstrations	2026-09-07T16:59:19.9408830Z Application performance: not measured. Counts describe captured compiler behavior.
core (macos-latest)	Verify wheel, schemas, tests and recorded demonstrations	2026-09-07T16:59:20.3581920Z {
core (macos-latest)	Verify wheel, schemas, tests and recorded demonstrations	2026-09-07T16:59:20.3582280Z   "checks": [
core (macos-latest)	Verify wheel, schemas, tests and recorded demonstrations	2026-09-07T16:59:20.3582730Z     "baseline: finalization, raw terminals, recompile artifacts, normalized events, backend totals and eager-output evidence",
core (macos-latest)	Verify wheel, schemas, tests and recorded demonstrations	2026-09-07T16:59:20.3583490Z     "candidate: finalization, raw terminals, recompile artifacts, normalized events, backend totals and eager-output evidence",
core (macos-latest)	Verify wheel, schemas, tests and recorded demonstrations	2026-09-07T16:59:20.3584240Z     "matched wrapper, one fewer completed recompile, cache-initialization reason removed, shape specialization retained, no speed verdict"
core (macos-latest)	Verify wheel, schemas, tests and recorded demonstrations	2026-09-07T16:59:20.3584740Z   ],
core (macos-latest)	Verify wheel, schemas, tests and recorded demonstrations	2026-09-07T16:59:20.3584930Z   "review_status": "human_review_pending"
core (macos-latest)	Verify wheel, schemas, tests and recorded demonstrations	2026-09-07T16:59:20.3585140Z }
core (macos-latest)	Verify wheel, schemas, tests and recorded demonstrations	2026-09-07T16:59:20.4536880Z Core release checks passed. Human review, agent evaluation and editor/release gates are separate.
core (macos-latest)	Verify evaluation access boundaries and scoring without model calls	﻿2026-09-07T16:59:20.4719700Z ##[group]Run python -m pytest -q -o pythonpath= --import-mode=importlib benchmarks/agent_pilot
core (macos-latest)	Verify evaluation access boundaries and scoring without model calls	2026-09-07T16:59:20.4720320Z ^[[36;1mpython -m pytest -q -o pythonpath= --import-mode=importlib benchmarks/agent_pilot^[[0m
core (macos-latest)	Verify evaluation access boundaries and scoring without model calls	2026-09-07T16:59:20.4754190Z shell: /bin/bash -e {0}
core (macos-latest)	Verify evaluation access boundaries and scoring without model calls	2026-09-07T16:59:20.4754370Z env:
core (macos-latest)	Verify evaluation access boundaries and scoring without model calls	2026-09-07T16:59:20.4754630Z   pythonLocation: /Users/runner/hostedtoolcache/Python/3.13.14/arm64
core (macos-latest)	Verify evaluation access boundaries and scoring without model calls	2026-09-07T16:59:20.4755080Z   PKG_CONFIG_PATH: /Users/runner/hostedtoolcache/Python/3.13.14/arm64/lib/pkgconfig
core (macos-latest)	Verify evaluation access boundaries and scoring without model calls	2026-09-07T16:59:20.4755550Z   Python_ROOT_DIR: /Users/runner/hostedtoolcache/Python/3.13.14/arm64
core (macos-latest)	Verify evaluation access boundaries and scoring without model calls	2026-09-07T16:59:20.4755950Z   Python2_ROOT_DIR: /Users/runner/hostedtoolcache/Python/3.13.14/arm64
core (macos-latest)	Verify evaluation access boundaries and scoring without model calls	2026-09-07T16:59:20.4756430Z   Python3_ROOT_DIR: /Users/runner/hostedtoolcache/Python/3.13.14/arm64
core (macos-latest)	Verify evaluation access boundaries and scoring without model calls	2026-09-07T16:59:20.4756740Z ##[endgroup]
core (macos-latest)	Verify evaluation access boundaries and scoring without model calls	2026-09-07T16:59:21.1940370Z ............                                                             [100%]
core (macos-latest)	Verify evaluation access boundaries and scoring without model calls	2026-09-07T16:59:21.1940810Z 12 passed in 0.49s
core (macos-latest)	Post Run actions/setup-python@e797f83bcb11b83ae66e0230d6156d7c80228e7c	﻿2026-09-07T16:59:21.3106650Z Post job cleanup.
core (macos-latest)	Post Run actions/setup-python@e797f83bcb11b83ae66e0230d6156d7c80228e7c	2026-09-07T16:59:21.6398480Z (node:5544) [DEP0040] DeprecationWarning: The `punycode` module is deprecated. Please use a userland alternative instead.
core (macos-latest)	Post Run actions/setup-python@e797f83bcb11b83ae66e0230d6156d7c80228e7c	2026-09-07T16:59:21.6399620Z (Use `node --trace-deprecation ...` to show where the warning was created)
core (macos-latest)	Post Run actions/checkout@08c6903cd8c0fde910a37f88322edcfb5dd907a8	﻿2026-09-07T16:59:21.6513380Z Post job cleanup.
core (macos-latest)	Post Run actions/checkout@08c6903cd8c0fde910a37f88322edcfb5dd907a8	2026-09-07T16:59:21.7578560Z [command]/opt/homebrew/bin/git version
core (macos-latest)	Post Run actions/checkout@08c6903cd8c0fde910a37f88322edcfb5dd907a8	2026-09-07T16:59:21.7689360Z git version 2.55.0
core (macos-latest)	Post Run actions/checkout@08c6903cd8c0fde910a37f88322edcfb5dd907a8	2026-09-07T16:59:21.7711800Z Copying '/Users/runner/.gitconfig' to '/Users/runner/work/_temp/5ef2ea6a-8902-4819-b37a-0bfa405b5466/.gitconfig'
core (macos-latest)	Post Run actions/checkout@08c6903cd8c0fde910a37f88322edcfb5dd907a8	2026-09-07T16:59:21.7721110Z Temporarily overriding HOME='/Users/runner/work/_temp/5ef2ea6a-8902-4819-b37a-0bfa405b5466' before making global git config changes
core (macos-latest)	Post Run actions/checkout@08c6903cd8c0fde910a37f88322edcfb5dd907a8	2026-09-07T16:59:21.7721960Z Adding repository directory to the temporary git global config as a safe directory
core (macos-latest)	Post Run actions/checkout@08c6903cd8c0fde910a37f88322edcfb5dd907a8	2026-09-07T16:59:21.7723780Z [command]/opt/homebrew/bin/git config --global --add safe.directory /Users/runner/work/dynamo-diff/dynamo-diff
core (macos-latest)	Post Run actions/checkout@08c6903cd8c0fde910a37f88322edcfb5dd907a8	2026-09-07T16:59:21.7843010Z [command]/opt/homebrew/bin/git config --local --name-only --get-regexp core\.sshCommand
core (macos-latest)	Post Run actions/checkout@08c6903cd8c0fde910a37f88322edcfb5dd907a8	2026-09-07T16:59:21.7879120Z [command]/opt/homebrew/bin/git submodule foreach --recursive sh -c "git config --local --name-only --get-regexp 'core\.sshCommand' && git config --local --unset-all 'core.sshCommand' || :"
core (macos-latest)	Post Run actions/checkout@08c6903cd8c0fde910a37f88322edcfb5dd907a8	2026-09-07T16:59:21.8821030Z [command]/opt/homebrew/bin/git config --local --name-only --get-regexp http\.https\:\/\/github\.com\/\.extraheader
core (macos-latest)	Post Run actions/checkout@08c6903cd8c0fde910a37f88322edcfb5dd907a8	2026-09-07T16:59:21.8874460Z http.https://github.com/.extraheader
core (macos-latest)	Post Run actions/checkout@08c6903cd8c0fde910a37f88322edcfb5dd907a8	2026-09-07T16:59:21.8881620Z [command]/opt/homebrew/bin/git config --local --unset-all http.https://github.com/.extraheader
core (macos-latest)	Post Run actions/checkout@08c6903cd8c0fde910a37f88322edcfb5dd907a8	2026-09-07T16:59:21.8964950Z [command]/opt/homebrew/bin/git submodule foreach --recursive sh -c "git config --local --name-only --get-regexp 'http\.https\:\/\/github\.com\/\.extraheader' && git config --local --unset-all 'http.https://github.com/.extraheader' || :"
core (macos-latest)	Complete job	﻿2026-09-07T16:59:21.9826400Z Cleaning up orphan processes
core (ubuntu-latest)	Set up job	﻿2026-09-07T16:59:02.2451269Z Current runner version: '2.337.0'
core (ubuntu-latest)	Set up job	2026-09-07T16:59:02.2522884Z ##[group]Runner Image Provisioner
core (ubuntu-latest)	Set up job	2026-09-07T16:59:02.2544497Z Hosted Compute Agent
core (ubuntu-latest)	Set up job	2026-09-07T16:59:02.2545250Z Version: 20260828.587
core (ubuntu-latest)	Set up job	2026-09-07T16:59:02.2545875Z Commit: abac92662cab4cc7352de4f9f9d2e2419aad9c29
core (ubuntu-latest)	Set up job	2026-09-07T16:59:02.2546599Z Build Date: 2026-08-28T16:44:25Z
core (ubuntu-latest)	Set up job	2026-09-07T16:59:02.2547309Z Worker ID: {2e26ebe2-8bc4-41c2-8891-17bc77648113}
core (ubuntu-latest)	Set up job	2026-09-07T16:59:02.2547996Z Azure Region: centralus
core (ubuntu-latest)	Set up job	2026-09-07T16:59:02.2548542Z ##[endgroup]
core (ubuntu-latest)	Set up job	2026-09-07T16:59:02.2550176Z ##[group]Operating System
core (ubuntu-latest)	Set up job	2026-09-07T16:59:02.2550777Z Ubuntu
core (ubuntu-latest)	Set up job	2026-09-07T16:59:02.2551326Z 24.04.4
core (ubuntu-latest)	Set up job	2026-09-07T16:59:02.2551832Z LTS
core (ubuntu-latest)	Set up job	2026-09-07T16:59:02.2552295Z ##[endgroup]
core (ubuntu-latest)	Set up job	2026-09-07T16:59:02.2552850Z ##[group]Runner Image
core (ubuntu-latest)	Set up job	2026-09-07T16:59:02.2553845Z Image: ubuntu-24.04
core (ubuntu-latest)	Set up job	2026-09-07T16:59:02.2554462Z Version: 20260831.293.1
core (ubuntu-latest)	Set up job	2026-09-07T16:59:02.2555532Z Included Software: https://github.com/actions/runner-images/blob/ubuntu24/20260831.293/images/ubuntu/Ubuntu2404-Readme.md
core (ubuntu-latest)	Set up job	2026-09-07T16:59:02.2557312Z Image Release: https://github.com/actions/runner-images/releases/tag/ubuntu24%2F20260831.293
core (ubuntu-latest)	Set up job	2026-09-07T16:59:02.2558275Z ##[endgroup]
core (ubuntu-latest)	Set up job	2026-09-07T16:59:02.2559859Z ##[group]GITHUB_TOKEN Permissions
core (ubuntu-latest)	Set up job	2026-09-07T16:59:02.2562193Z Contents: read
core (ubuntu-latest)	Set up job	2026-09-07T16:59:02.2562834Z Metadata: read
core (ubuntu-latest)	Set up job	2026-09-07T16:59:02.2563600Z ##[endgroup]
core (ubuntu-latest)	Set up job	2026-09-07T16:59:02.2565825Z Secret source: Actions
core (ubuntu-latest)	Set up job	2026-09-07T16:59:02.2567338Z Prepare workflow directory
core (ubuntu-latest)	Set up job	2026-09-07T16:59:02.3365552Z Prepare all required actions
core (ubuntu-latest)	Set up job	2026-09-07T16:59:02.3482113Z Getting action download info
core (ubuntu-latest)	Set up job	2026-09-07T16:59:02.6125497Z Download action repository 'actions/checkout@08c6903cd8c0fde910a37f88322edcfb5dd907a8' (SHA:08c6903cd8c0fde910a37f88322edcfb5dd907a8)
core (ubuntu-latest)	Set up job	2026-09-07T16:59:03.8556058Z Download action repository 'actions/setup-python@e797f83bcb11b83ae66e0230d6156d7c80228e7c' (SHA:e797f83bcb11b83ae66e0230d6156d7c80228e7c)
core (ubuntu-latest)	Set up job	2026-09-07T16:59:05.7244862Z Complete job name: core (ubuntu-latest)
core (ubuntu-latest)	Run actions/checkout@08c6903cd8c0fde910a37f88322edcfb5dd907a8	﻿2026-09-07T16:59:05.7717130Z ##[group]Run actions/checkout@08c6903cd8c0fde910a37f88322edcfb5dd907a8
core (ubuntu-latest)	Run actions/checkout@08c6903cd8c0fde910a37f88322edcfb5dd907a8	2026-09-07T16:59:05.7717797Z with:
core (ubuntu-latest)	Run actions/checkout@08c6903cd8c0fde910a37f88322edcfb5dd907a8	2026-09-07T16:59:05.7718125Z   repository: Arnavsharma2/dynamo-diff
core (ubuntu-latest)	Run actions/checkout@08c6903cd8c0fde910a37f88322edcfb5dd907a8	2026-09-07T16:59:05.7720115Z   token: ***
core (ubuntu-latest)	Run actions/checkout@08c6903cd8c0fde910a37f88322edcfb5dd907a8	2026-09-07T16:59:05.7720376Z   ssh-strict: true
core (ubuntu-latest)	Run actions/checkout@08c6903cd8c0fde910a37f88322edcfb5dd907a8	2026-09-07T16:59:05.7720639Z   ssh-user: git
core (ubuntu-latest)	Run actions/checkout@08c6903cd8c0fde910a37f88322edcfb5dd907a8	2026-09-07T16:59:05.7720918Z   persist-credentials: true
core (ubuntu-latest)	Run actions/checkout@08c6903cd8c0fde910a37f88322edcfb5dd907a8	2026-09-07T16:59:05.7721203Z   clean: true
core (ubuntu-latest)	Run actions/checkout@08c6903cd8c0fde910a37f88322edcfb5dd907a8	2026-09-07T16:59:05.7721469Z   sparse-checkout-cone-mode: true
core (ubuntu-latest)	Run actions/checkout@08c6903cd8c0fde910a37f88322edcfb5dd907a8	2026-09-07T16:59:05.7721779Z   fetch-depth: 1
core (ubuntu-latest)	Run actions/checkout@08c6903cd8c0fde910a37f88322edcfb5dd907a8	2026-09-07T16:59:05.7722036Z   fetch-tags: false
core (ubuntu-latest)	Run actions/checkout@08c6903cd8c0fde910a37f88322edcfb5dd907a8	2026-09-07T16:59:05.7722306Z   show-progress: true
core (ubuntu-latest)	Run actions/checkout@08c6903cd8c0fde910a37f88322edcfb5dd907a8	2026-09-07T16:59:05.7722578Z   lfs: false
core (ubuntu-latest)	Run actions/checkout@08c6903cd8c0fde910a37f88322edcfb5dd907a8	2026-09-07T16:59:05.7722839Z   submodules: false
core (ubuntu-latest)	Run actions/checkout@08c6903cd8c0fde910a37f88322edcfb5dd907a8	2026-09-07T16:59:05.7723088Z   set-safe-directory: true
core (ubuntu-latest)	Run actions/checkout@08c6903cd8c0fde910a37f88322edcfb5dd907a8	2026-09-07T16:59:05.7723749Z ##[endgroup]
core (ubuntu-latest)	Run actions/checkout@08c6903cd8c0fde910a37f88322edcfb5dd907a8	2026-09-07T16:59:05.8614567Z Syncing repository: Arnavsharma2/dynamo-diff
core (ubuntu-latest)	Run actions/checkout@08c6903cd8c0fde910a37f88322edcfb5dd907a8	2026-09-07T16:59:05.8616384Z ##[group]Getting Git version info
core (ubuntu-latest)	Run actions/checkout@08c6903cd8c0fde910a37f88322edcfb5dd907a8	2026-09-07T16:59:05.8616990Z Working directory is '/home/runner/work/dynamo-diff/dynamo-diff'
core (ubuntu-latest)	Run actions/checkout@08c6903cd8c0fde910a37f88322edcfb5dd907a8	2026-09-07T16:59:05.8617962Z [command]/usr/bin/git version
core (ubuntu-latest)	Run actions/checkout@08c6903cd8c0fde910a37f88322edcfb5dd907a8	2026-09-07T16:59:05.8846574Z git version 2.55.0
core (ubuntu-latest)	Run actions/checkout@08c6903cd8c0fde910a37f88322edcfb5dd907a8	2026-09-07T16:59:05.8875103Z ##[endgroup]
core (ubuntu-latest)	Run actions/checkout@08c6903cd8c0fde910a37f88322edcfb5dd907a8	2026-09-07T16:59:05.8884702Z Temporarily overriding HOME='/home/runner/work/_temp/4b01d809-b40b-40cd-b939-3ed514da60fb' before making global git config changes
core (ubuntu-latest)	Run actions/checkout@08c6903cd8c0fde910a37f88322edcfb5dd907a8	2026-09-07T16:59:05.8885930Z Adding repository directory to the temporary git global config as a safe directory
core (ubuntu-latest)	Run actions/checkout@08c6903cd8c0fde910a37f88322edcfb5dd907a8	2026-09-07T16:59:05.8887345Z [command]/usr/bin/git config --global --add safe.directory /home/runner/work/dynamo-diff/dynamo-diff
core (ubuntu-latest)	Run actions/checkout@08c6903cd8c0fde910a37f88322edcfb5dd907a8	2026-09-07T16:59:06.0840873Z Deleting the contents of '/home/runner/work/dynamo-diff/dynamo-diff'
core (ubuntu-latest)	Run actions/checkout@08c6903cd8c0fde910a37f88322edcfb5dd907a8	2026-09-07T16:59:06.0841908Z ##[group]Initializing the repository
core (ubuntu-latest)	Run actions/checkout@08c6903cd8c0fde910a37f88322edcfb5dd907a8	2026-09-07T16:59:06.0842576Z [command]/usr/bin/git init /home/runner/work/dynamo-diff/dynamo-diff
core (ubuntu-latest)	Run actions/checkout@08c6903cd8c0fde910a37f88322edcfb5dd907a8	2026-09-07T16:59:06.2352015Z hint: Using 'master' as the name for the initial branch. This default branch name
core (ubuntu-latest)	Run actions/checkout@08c6903cd8c0fde910a37f88322edcfb5dd907a8	2026-09-07T16:59:06.2359944Z hint: will change to "main" in Git 3.0. To configure the initial branch name
core (ubuntu-latest)	Run actions/checkout@08c6903cd8c0fde910a37f88322edcfb5dd907a8	2026-09-07T16:59:06.2361333Z hint: to use in all of your new repositories, which will suppress this warning,
core (ubuntu-latest)	Run actions/checkout@08c6903cd8c0fde910a37f88322edcfb5dd907a8	2026-09-07T16:59:06.2362369Z hint: call:
core (ubuntu-latest)	Run actions/checkout@08c6903cd8c0fde910a37f88322edcfb5dd907a8	2026-09-07T16:59:06.2362968Z hint:
core (ubuntu-latest)	Run actions/checkout@08c6903cd8c0fde910a37f88322edcfb5dd907a8	2026-09-07T16:59:06.2364173Z hint: 	git config --global init.defaultBranch <name>
core (ubuntu-latest)	Run actions/checkout@08c6903cd8c0fde910a37f88322edcfb5dd907a8	2026-09-07T16:59:06.2364810Z hint:
core (ubuntu-latest)	Run actions/checkout@08c6903cd8c0fde910a37f88322edcfb5dd907a8	2026-09-07T16:59:06.2365687Z hint: Names commonly chosen instead of 'master' are 'main', 'trunk' and
core (ubuntu-latest)	Run actions/checkout@08c6903cd8c0fde910a37f88322edcfb5dd907a8	2026-09-07T16:59:06.2366578Z hint: 'development'. The just-created branch can be renamed via this command:
core (ubuntu-latest)	Run actions/checkout@08c6903cd8c0fde910a37f88322edcfb5dd907a8	2026-09-07T16:59:06.2367491Z hint:
core (ubuntu-latest)	Run actions/checkout@08c6903cd8c0fde910a37f88322edcfb5dd907a8	2026-09-07T16:59:06.2368074Z hint: 	git branch -m <name>
core (ubuntu-latest)	Run actions/checkout@08c6903cd8c0fde910a37f88322edcfb5dd907a8	2026-09-07T16:59:06.2368802Z hint:
core (ubuntu-latest)	Run actions/checkout@08c6903cd8c0fde910a37f88322edcfb5dd907a8	2026-09-07T16:59:06.2369497Z hint: Disable this message with "git config set advice.defaultBranchName false"
core (ubuntu-latest)	Run actions/checkout@08c6903cd8c0fde910a37f88322edcfb5dd907a8	2026-09-07T16:59:06.2370871Z Initialized empty Git repository in /home/runner/work/dynamo-diff/dynamo-diff/.git/
core (ubuntu-latest)	Run actions/checkout@08c6903cd8c0fde910a37f88322edcfb5dd907a8	2026-09-07T16:59:06.2373080Z [command]/usr/bin/git remote add origin https://github.com/Arnavsharma2/dynamo-diff
core (ubuntu-latest)	Run actions/checkout@08c6903cd8c0fde910a37f88322edcfb5dd907a8	2026-09-07T16:59:06.2375634Z ##[endgroup]
core (ubuntu-latest)	Run actions/checkout@08c6903cd8c0fde910a37f88322edcfb5dd907a8	2026-09-07T16:59:06.2376577Z ##[group]Disabling automatic garbage collection
core (ubuntu-latest)	Run actions/checkout@08c6903cd8c0fde910a37f88322edcfb5dd907a8	2026-09-07T16:59:06.2377443Z [command]/usr/bin/git config --local gc.auto 0
core (ubuntu-latest)	Run actions/checkout@08c6903cd8c0fde910a37f88322edcfb5dd907a8	2026-09-07T16:59:06.2379205Z ##[endgroup]
core (ubuntu-latest)	Run actions/checkout@08c6903cd8c0fde910a37f88322edcfb5dd907a8	2026-09-07T16:59:06.2379993Z ##[group]Setting up auth
core (ubuntu-latest)	Run actions/checkout@08c6903cd8c0fde910a37f88322edcfb5dd907a8	2026-09-07T16:59:06.2380918Z [command]/usr/bin/git config --local --name-only --get-regexp core\.sshCommand
core (ubuntu-latest)	Run actions/checkout@08c6903cd8c0fde910a37f88322edcfb5dd907a8	2026-09-07T16:59:06.2398231Z [command]/usr/bin/git submodule foreach --recursive sh -c "git config --local --name-only --get-regexp 'core\.sshCommand' && git config --local --unset-all 'core.sshCommand' || :"
core (ubuntu-latest)	Run actions/checkout@08c6903cd8c0fde910a37f88322edcfb5dd907a8	2026-09-07T16:59:06.3635363Z [command]/usr/bin/git config --local --name-only --get-regexp http\.https\:\/\/github\.com\/\.extraheader
core (ubuntu-latest)	Run actions/checkout@08c6903cd8c0fde910a37f88322edcfb5dd907a8	2026-09-07T16:59:06.3637230Z [command]/usr/bin/git submodule foreach --recursive sh -c "git config --local --name-only --get-regexp 'http\.https\:\/\/github\.com\/\.extraheader' && git config --local --unset-all 'http.https://github.com/.extraheader' || :"
core (ubuntu-latest)	Run actions/checkout@08c6903cd8c0fde910a37f88322edcfb5dd907a8	2026-09-07T16:59:06.3639153Z [command]/usr/bin/git config --local http.https://github.com/.extraheader AUTHORIZATION: basic ***
core (ubuntu-latest)	Run actions/checkout@08c6903cd8c0fde910a37f88322edcfb5dd907a8	2026-09-07T16:59:06.3641048Z ##[endgroup]
core (ubuntu-latest)	Run actions/checkout@08c6903cd8c0fde910a37f88322edcfb5dd907a8	2026-09-07T16:59:06.3641681Z ##[group]Fetching the repository
core (ubuntu-latest)	Run actions/checkout@08c6903cd8c0fde910a37f88322edcfb5dd907a8	2026-09-07T16:59:06.3642526Z [command]/usr/bin/git -c protocol.version=2 fetch --no-tags --prune --no-recurse-submodules --depth=1 origin +0fd1053530792a979ec397a1b7f91154b9d4f0d1:refs/remotes/origin/codex/dynamo-diff
core (ubuntu-latest)	Run actions/checkout@08c6903cd8c0fde910a37f88322edcfb5dd907a8	2026-09-07T16:59:07.0512714Z From https://github.com/Arnavsharma2/dynamo-diff
core (ubuntu-latest)	Run actions/checkout@08c6903cd8c0fde910a37f88322edcfb5dd907a8	2026-09-07T16:59:07.0513891Z  * [new ref]         0fd1053530792a979ec397a1b7f91154b9d4f0d1 -> origin/codex/dynamo-diff
core (ubuntu-latest)	Run actions/checkout@08c6903cd8c0fde910a37f88322edcfb5dd907a8	2026-09-07T16:59:07.0515774Z ##[endgroup]
core (ubuntu-latest)	Run actions/checkout@08c6903cd8c0fde910a37f88322edcfb5dd907a8	2026-09-07T16:59:07.0516330Z ##[group]Determining the checkout info
core (ubuntu-latest)	Run actions/checkout@08c6903cd8c0fde910a37f88322edcfb5dd907a8	2026-09-07T16:59:07.0516955Z ##[endgroup]
core (ubuntu-latest)	Run actions/checkout@08c6903cd8c0fde910a37f88322edcfb5dd907a8	2026-09-07T16:59:07.0517755Z [command]/usr/bin/git sparse-checkout disable
core (ubuntu-latest)	Run actions/checkout@08c6903cd8c0fde910a37f88322edcfb5dd907a8	2026-09-07T16:59:07.0559224Z [command]/usr/bin/git config --local --unset-all extensions.worktreeConfig
core (ubuntu-latest)	Run actions/checkout@08c6903cd8c0fde910a37f88322edcfb5dd907a8	2026-09-07T16:59:07.0581237Z ##[group]Checking out the ref
core (ubuntu-latest)	Run actions/checkout@08c6903cd8c0fde910a37f88322edcfb5dd907a8	2026-09-07T16:59:07.0584962Z [command]/usr/bin/git checkout --progress --force -B codex/dynamo-diff refs/remotes/origin/codex/dynamo-diff
core (ubuntu-latest)	Run actions/checkout@08c6903cd8c0fde910a37f88322edcfb5dd907a8	2026-09-07T16:59:07.1054408Z Switched to a new branch 'codex/dynamo-diff'
core (ubuntu-latest)	Run actions/checkout@08c6903cd8c0fde910a37f88322edcfb5dd907a8	2026-09-07T16:59:07.1055557Z branch 'codex/dynamo-diff' set up to track 'origin/codex/dynamo-diff'.
core (ubuntu-latest)	Run actions/checkout@08c6903cd8c0fde910a37f88322edcfb5dd907a8	2026-09-07T16:59:07.1060793Z ##[endgroup]
core (ubuntu-latest)	Run actions/checkout@08c6903cd8c0fde910a37f88322edcfb5dd907a8	2026-09-07T16:59:07.1089668Z [command]/usr/bin/git log -1 --format=%H
core (ubuntu-latest)	Run actions/checkout@08c6903cd8c0fde910a37f88322edcfb5dd907a8	2026-09-07T16:59:07.1109007Z 0fd1053530792a979ec397a1b7f91154b9d4f0d1
core (ubuntu-latest)	Run actions/setup-python@e797f83bcb11b83ae66e0230d6156d7c80228e7c	﻿2026-09-07T16:59:07.1315258Z ##[group]Run actions/setup-python@e797f83bcb11b83ae66e0230d6156d7c80228e7c
core (ubuntu-latest)	Run actions/setup-python@e797f83bcb11b83ae66e0230d6156d7c80228e7c	2026-09-07T16:59:07.1315698Z with:
core (ubuntu-latest)	Run actions/setup-python@e797f83bcb11b83ae66e0230d6156d7c80228e7c	2026-09-07T16:59:07.1315923Z   python-version: 3.13
core (ubuntu-latest)	Run actions/setup-python@e797f83bcb11b83ae66e0230d6156d7c80228e7c	2026-09-07T16:59:07.1316149Z   check-latest: false
core (ubuntu-latest)	Run actions/setup-python@e797f83bcb11b83ae66e0230d6156d7c80228e7c	2026-09-07T16:59:07.1318047Z   token: ***
core (ubuntu-latest)	Run actions/setup-python@e797f83bcb11b83ae66e0230d6156d7c80228e7c	2026-09-07T16:59:07.1318320Z   update-environment: true
core (ubuntu-latest)	Run actions/setup-python@e797f83bcb11b83ae66e0230d6156d7c80228e7c	2026-09-07T16:59:07.1318598Z   allow-prereleases: false
core (ubuntu-latest)	Run actions/setup-python@e797f83bcb11b83ae66e0230d6156d7c80228e7c	2026-09-07T16:59:07.1318839Z   freethreaded: false
core (ubuntu-latest)	Run actions/setup-python@e797f83bcb11b83ae66e0230d6156d7c80228e7c	2026-09-07T16:59:07.1319049Z ##[endgroup]
core (ubuntu-latest)	Run actions/setup-python@e797f83bcb11b83ae66e0230d6156d7c80228e7c	2026-09-07T16:59:07.2386975Z ##[group]Installed versions
core (ubuntu-latest)	Run actions/setup-python@e797f83bcb11b83ae66e0230d6156d7c80228e7c	2026-09-07T16:59:07.2946776Z (node:1893) [DEP0040] DeprecationWarning: The `punycode` module is deprecated. Please use a userland alternative instead.
core (ubuntu-latest)	Run actions/setup-python@e797f83bcb11b83ae66e0230d6156d7c80228e7c	2026-09-07T16:59:07.2949143Z (Use `node --trace-deprecation ...` to show where the warning was created)
core (ubuntu-latest)	Run actions/setup-python@e797f83bcb11b83ae66e0230d6156d7c80228e7c	2026-09-07T16:59:07.2953333Z Successfully set up CPython (3.13.15)
core (ubuntu-latest)	Run actions/setup-python@e797f83bcb11b83ae66e0230d6156d7c80228e7c	2026-09-07T16:59:07.2954080Z ##[endgroup]
core (ubuntu-latest)	Install pinned build and test tools without ML runtimes	﻿2026-09-07T16:59:07.3137092Z ##[group]Run python -m pip install --require-hashes -r requirements-test.lock
core (ubuntu-latest)	Install pinned build and test tools without ML runtimes	2026-09-07T16:59:07.3137876Z ^[[36;1mpython -m pip install --require-hashes -r requirements-test.lock^[[0m
core (ubuntu-latest)	Install pinned build and test tools without ML runtimes	2026-09-07T16:59:07.3288041Z shell: /usr/bin/bash -e {0}
core (ubuntu-latest)	Install pinned build and test tools without ML runtimes	2026-09-07T16:59:07.3288421Z env:
core (ubuntu-latest)	Install pinned build and test tools without ML runtimes	2026-09-07T16:59:07.3288689Z   pythonLocation: /opt/hostedtoolcache/Python/3.13.15/x64
core (ubuntu-latest)	Install pinned build and test tools without ML runtimes	2026-09-07T16:59:07.3289057Z   PKG_CONFIG_PATH: /opt/hostedtoolcache/Python/3.13.15/x64/lib/pkgconfig
core (ubuntu-latest)	Install pinned build and test tools without ML runtimes	2026-09-07T16:59:07.3289439Z   Python_ROOT_DIR: /opt/hostedtoolcache/Python/3.13.15/x64
core (ubuntu-latest)	Install pinned build and test tools without ML runtimes	2026-09-07T16:59:07.3289758Z   Python2_ROOT_DIR: /opt/hostedtoolcache/Python/3.13.15/x64
core (ubuntu-latest)	Install pinned build and test tools without ML runtimes	2026-09-07T16:59:07.3290067Z   Python3_ROOT_DIR: /opt/hostedtoolcache/Python/3.13.15/x64
core (ubuntu-latest)	Install pinned build and test tools without ML runtimes	2026-09-07T16:59:07.3290425Z   LD_LIBRARY_PATH: /opt/hostedtoolcache/Python/3.13.15/x64/lib
core (ubuntu-latest)	Install pinned build and test tools without ML runtimes	2026-09-07T16:59:07.3290731Z ##[endgroup]
core (ubuntu-latest)	Install pinned build and test tools without ML runtimes	2026-09-07T16:59:13.8947881Z Collecting annotated-types==0.8.0 (from -r requirements-test.lock (line 3))
core (ubuntu-latest)	Install pinned build and test tools without ML runtimes	2026-09-07T16:59:13.9736292Z   Downloading annotated_types-0.8.0-py3-none-any.whl (13 kB)
core (ubuntu-latest)	Install pinned build and test tools without ML runtimes	2026-09-07T16:59:14.0951551Z Collecting anyio==4.15.1 (from -r requirements-test.lock (line 7))
core (ubuntu-latest)	Install pinned build and test tools without ML runtimes	2026-09-07T16:59:14.1107557Z   Downloading anyio-4.15.1-py3-none-any.whl (132 kB)
core (ubuntu-latest)	Install pinned build and test tools without ML runtimes	2026-09-07T16:59:14.1785521Z Collecting attrs==26.1.0 (from -r requirements-test.lock (line 15))
core (ubuntu-latest)	Install pinned build and test tools without ML runtimes	2026-09-07T16:59:14.1941847Z   Downloading attrs-26.1.0-py3-none-any.whl (67 kB)
core (ubuntu-latest)	Install pinned build and test tools without ML runtimes	2026-09-07T16:59:14.2524997Z Collecting build==1.6.0 (from -r requirements-test.lock (line 21))
core (ubuntu-latest)	Install pinned build and test tools without ML runtimes	2026-09-07T16:59:14.2680584Z   Downloading build-1.6.0-py3-none-any.whl (31 kB)
core (ubuntu-latest)	Install pinned build and test tools without ML runtimes	2026-09-07T16:59:14.3933711Z Collecting cffi==2.1.1 (from -r requirements-test.lock (line 25))
core (ubuntu-latest)	Install pinned build and test tools without ML runtimes	2026-09-07T16:59:14.4084729Z   Downloading cffi-2.1.1-cp313-cp313-manylinux2014_x86_64.manylinux_2_17_x86_64.whl (221 kB)
core (ubuntu-latest)	Install pinned build and test tools without ML runtimes	2026-09-07T16:59:14.5070981Z Collecting click==8.5.0 (from -r requirements-test.lock (line 127))
core (ubuntu-latest)	Install pinned build and test tools without ML runtimes	2026-09-07T16:59:14.5226500Z   Downloading click-8.5.0-py3-none-any.whl (125 kB)
core (ubuntu-latest)	Install pinned build and test tools without ML runtimes	2026-09-07T16:59:14.7660330Z Collecting cryptography==50.0.1 (from -r requirements-test.lock (line 131))
core (ubuntu-latest)	Install pinned build and test tools without ML runtimes	2026-09-07T16:59:14.7821665Z   Downloading cryptography-50.0.1-cp311-abi3-manylinux_2_34_x86_64.whl (4.7 MB)
core (ubuntu-latest)	Install pinned build and test tools without ML runtimes	2026-09-07T16:59:14.9435395Z      ━━━━━━━━━━━━━━━━━━━━━━━━━━━━━━━━━━━━━━━━ 4.7/4.7 MB 29.1 MB/s  0:00:00
core (ubuntu-latest)	Install pinned build and test tools without ML runtimes	2026-09-07T16:59:14.9678806Z Collecting h11==0.16.0 (from -r requirements-test.lock (line 179))
core (ubuntu-latest)	Install pinned build and test tools without ML runtimes	2026-09-07T16:59:14.9834650Z   Downloading h11-0.16.0-py3-none-any.whl (37 kB)
core (ubuntu-latest)	Install pinned build and test tools without ML runtimes	2026-09-07T16:59:15.0436672Z Collecting httpcore2==2.12.0 (from -r requirements-test.lock (line 185))
core (ubuntu-latest)	Install pinned build and test tools without ML runtimes	2026-09-07T16:59:15.0593335Z   Downloading httpcore2-2.12.0-py3-none-any.whl (83 kB)
core (ubuntu-latest)	Install pinned build and test tools without ML runtimes	2026-09-07T16:59:15.1232955Z Collecting httpx2==2.12.0 (from -r requirements-test.lock (line 189))
core (ubuntu-latest)	Install pinned build and test tools without ML runtimes	2026-09-07T16:59:15.1391987Z   Downloading httpx2-2.12.0-py3-none-any.whl (95 kB)
core (ubuntu-latest)	Install pinned build and test tools without ML runtimes	2026-09-07T16:59:15.3314742Z Collecting idna==3.19 (from -r requirements-test.lock (line 193))
core (ubuntu-latest)	Install pinned build and test tools without ML runtimes	2026-09-07T16:59:15.3468410Z   Downloading idna-3.19-py3-none-any.whl (68 kB)
core (ubuntu-latest)	Install pinned build and test tools without ML runtimes	2026-09-07T16:59:15.3867887Z Collecting iniconfig==2.3.0 (from -r requirements-test.lock (line 199))
core (ubuntu-latest)	Install pinned build and test tools without ML runtimes	2026-09-07T16:59:15.4029950Z   Downloading iniconfig-2.3.0-py3-none-any.whl (7.5 kB)
core (ubuntu-latest)	Install pinned build and test tools without ML runtimes	2026-09-07T16:59:15.4995301Z Collecting jsonschema==4.26.0 (from -r requirements-test.lock (line 203))
core (ubuntu-latest)	Install pinned build and test tools without ML runtimes	2026-09-07T16:59:15.5151254Z   Downloading jsonschema-4.26.0-py3-none-any.whl (90 kB)
core (ubuntu-latest)	Install pinned build and test tools without ML runtimes	2026-09-07T16:59:15.5980754Z Collecting jsonschema-specifications==2025.9.1 (from -r requirements-test.lock (line 207))
core (ubuntu-latest)	Install pinned build and test tools without ML runtimes	2026-09-07T16:59:15.6137137Z   Downloading jsonschema_specifications-2025.9.1-py3-none-any.whl (18 kB)
core (ubuntu-latest)	Install pinned build and test tools without ML runtimes	2026-09-07T16:59:15.7134546Z Collecting mcp==2.1.1 (from -r requirements-test.lock (line 211))
core (ubuntu-latest)	Install pinned build and test tools without ML runtimes	2026-09-07T16:59:15.7287067Z   Downloading mcp-2.1.1-py3-none-any.whl (357 kB)
core (ubuntu-latest)	Install pinned build and test tools without ML runtimes	2026-09-07T16:59:15.7685047Z Collecting mcp-types==2.1.1 (from -r requirements-test.lock (line 215))
core (ubuntu-latest)	Install pinned build and test tools without ML runtimes	2026-09-07T16:59:15.7842442Z   Downloading mcp_types-2.1.1-py3-none-any.whl (69 kB)
core (ubuntu-latest)	Install pinned build and test tools without ML runtimes	2026-09-07T16:59:15.9319156Z Collecting opentelemetry-api==1.44.0 (from -r requirements-test.lock (line 219))
core (ubuntu-latest)	Install pinned build and test tools without ML runtimes	2026-09-07T16:59:15.9472526Z   Downloading opentelemetry_api-1.44.0-py3-none-any.whl (60 kB)
core (ubuntu-latest)	Install pinned build and test tools without ML runtimes	2026-09-07T16:59:16.0199918Z Collecting packaging==26.3 (from -r requirements-test.lock (line 223))
core (ubuntu-latest)	Install pinned build and test tools without ML runtimes	2026-09-07T16:59:16.0358126Z   Downloading packaging-26.3-py3-none-any.whl (129 kB)
core (ubuntu-latest)	Install pinned build and test tools without ML runtimes	2026-09-07T16:59:16.1868915Z Collecting pluggy==1.6.0 (from -r requirements-test.lock (line 229))
core (ubuntu-latest)	Install pinned build and test tools without ML runtimes	2026-09-07T16:59:16.2020665Z   Downloading pluggy-1.6.0-py3-none-any.whl (20 kB)
core (ubuntu-latest)	Install pinned build and test tools without ML runtimes	2026-09-07T16:59:16.2349190Z Collecting pycparser==3.0 (from -r requirements-test.lock (line 233))
core (ubuntu-latest)	Install pinned build and test tools without ML runtimes	2026-09-07T16:59:16.2514064Z   Downloading pycparser-3.0-py3-none-any.whl (48 kB)
core (ubuntu-latest)	Install pinned build and test tools without ML runtimes	2026-09-07T16:59:16.3226079Z Collecting pydantic==2.13.5 (from -r requirements-test.lock (line 237))
core (ubuntu-latest)	Install pinned build and test tools without ML runtimes	2026-09-07T16:59:16.3394593Z   Downloading pydantic-2.13.5-py3-none-any.whl (472 kB)
core (ubuntu-latest)	Install pinned build and test tools without ML runtimes	2026-09-07T16:59:16.7642786Z Collecting pydantic-core==2.46.5 (from -r requirements-test.lock (line 244))
core (ubuntu-latest)	Install pinned build and test tools without ML runtimes	2026-09-07T16:59:16.7812748Z   Downloading pydantic_core-2.46.5-cp313-cp313-manylinux_2_17_x86_64.manylinux2014_x86_64.whl (2.1 MB)
core (ubuntu-latest)	Install pinned build and test tools without ML runtimes	2026-09-07T16:59:16.8116955Z      ━━━━━━━━━━━━━━━━━━━━━━━━━━━━━━━━━━━━━━━━ 2.1/2.1 MB 65.6 MB/s  0:00:00
core (ubuntu-latest)	Install pinned build and test tools without ML runtimes	2026-09-07T16:59:16.8381777Z Collecting pygments==2.21.0 (from -r requirements-test.lock (line 366))
core (ubuntu-latest)	Install pinned build and test tools without ML runtimes	2026-09-07T16:59:16.8549206Z   Downloading pygments-2.21.0-py3-none-any.whl (1.3 MB)
core (ubuntu-latest)	Install pinned build and test tools without ML runtimes	2026-09-07T16:59:16.8711772Z      ━━━━━━━━━━━━━━━━━━━━━━━━━━━━━━━━━━━━━━━━ 1.3/1.3 MB 68.7 MB/s  0:00:00
core (ubuntu-latest)	Install pinned build and test tools without ML runtimes	2026-09-07T16:59:16.8968085Z Collecting pyjwt==2.13.0 (from -r requirements-test.lock (line 370))
core (ubuntu-latest)	Install pinned build and test tools without ML runtimes	2026-09-07T16:59:16.9124719Z   Downloading pyjwt-2.13.0-py3-none-any.whl (31 kB)
core (ubuntu-latest)	Install pinned build and test tools without ML runtimes	2026-09-07T16:59:16.9730378Z Collecting pyproject-hooks==1.2.0 (from -r requirements-test.lock (line 374))
core (ubuntu-latest)	Install pinned build and test tools without ML runtimes	2026-09-07T16:59:16.9888299Z   Downloading pyproject_hooks-1.2.0-py3-none-any.whl (10 kB)
core (ubuntu-latest)	Install pinned build and test tools without ML runtimes	2026-09-07T16:59:17.1519561Z Collecting pytest==9.1.1 (from -r requirements-test.lock (line 378))
core (ubuntu-latest)	Install pinned build and test tools without ML runtimes	2026-09-07T16:59:17.1683023Z   Downloading pytest-9.1.1-py3-none-any.whl (386 kB)
core (ubuntu-latest)	Install pinned build and test tools without ML runtimes	2026-09-07T16:59:17.2774663Z Collecting python-multipart==0.0.32 (from -r requirements-test.lock (line 382))
core (ubuntu-latest)	Install pinned build and test tools without ML runtimes	2026-09-07T16:59:17.2927800Z   Downloading python_multipart-0.0.32-py3-none-any.whl (30 kB)
core (ubuntu-latest)	Install pinned build and test tools without ML runtimes	2026-09-07T16:59:17.3746305Z Collecting referencing==0.37.0 (from -r requirements-test.lock (line 386))
core (ubuntu-latest)	Install pinned build and test tools without ML runtimes	2026-09-07T16:59:17.3908214Z   Downloading referencing-0.37.0-py3-none-any.whl (26 kB)
core (ubuntu-latest)	Install pinned build and test tools without ML runtimes	2026-09-07T16:59:17.6485460Z Collecting rpds-py==2026.6.3 (from -r requirements-test.lock (line 392))
core (ubuntu-latest)	Install pinned build and test tools without ML runtimes	2026-09-07T16:59:17.6647766Z   Downloading rpds_py-2026.6.3-cp313-cp313-manylinux_2_17_x86_64.manylinux2014_x86_64.whl (365 kB)
core (ubuntu-latest)	Install pinned build and test tools without ML runtimes	2026-09-07T16:59:17.7996996Z Collecting setuptools==84.0.0 (from -r requirements-test.lock (line 512))
core (ubuntu-latest)	Install pinned build and test tools without ML runtimes	2026-09-07T16:59:17.8159484Z   Downloading setuptools-84.0.0-py3-none-any.whl (818 kB)
core (ubuntu-latest)	Install pinned build and test tools without ML runtimes	2026-09-07T16:59:17.8618531Z      ━━━━━━━━━━━━━━━━━━━━━━━━━━━━━━━━━━━━━━━━ 818.2/818.2 kB 12.6 MB/s  0:00:00
core (ubuntu-latest)	Install pinned build and test tools without ML runtimes	2026-09-07T16:59:17.9096434Z Collecting sse-starlette==3.4.11 (from -r requirements-test.lock (line 516))
core (ubuntu-latest)	Install pinned build and test tools without ML runtimes	2026-09-07T16:59:17.9254310Z   Downloading sse_starlette-3.4.11-py3-none-any.whl (17 kB)
core (ubuntu-latest)	Install pinned build and test tools without ML runtimes	2026-09-07T16:59:17.9644555Z Collecting starlette==1.6.0 (from -r requirements-test.lock (line 520))
core (ubuntu-latest)	Install pinned build and test tools without ML runtimes	2026-09-07T16:59:17.9797268Z   Downloading starlette-1.6.0-py3-none-any.whl (75 kB)
core (ubuntu-latest)	Install pinned build and test tools without ML runtimes	2026-09-07T16:59:18.0319274Z Collecting truststore==0.10.4 (from -r requirements-test.lock (line 526))
core (ubuntu-latest)	Install pinned build and test tools without ML runtimes	2026-09-07T16:59:18.0475112Z   Downloading truststore-0.10.4-py3-none-any.whl (18 kB)
core (ubuntu-latest)	Install pinned build and test tools without ML runtimes	2026-09-07T16:59:18.0729513Z Collecting typing-extensions==4.16.0 (from -r requirements-test.lock (line 532))
core (ubuntu-latest)	Install pinned build and test tools without ML runtimes	2026-09-07T16:59:18.0882556Z   Downloading typing_extensions-4.16.0-py3-none-any.whl (45 kB)
core (ubuntu-latest)	Install pinned build and test tools without ML runtimes	2026-09-07T16:59:18.2274291Z Collecting typing-inspection==0.4.4 (from -r requirements-test.lock (line 543))
core (ubuntu-latest)	Install pinned build and test tools without ML runtimes	2026-09-07T16:59:18.2428555Z   Downloading typing_inspection-0.4.4-py3-none-any.whl (14 kB)
core (ubuntu-latest)	Install pinned build and test tools without ML runtimes	2026-09-07T16:59:18.3894438Z Collecting uvicorn==0.52.4 (from -r requirements-test.lock (line 549))
core (ubuntu-latest)	Install pinned build and test tools without ML runtimes	2026-09-07T16:59:18.4054694Z   Downloading uvicorn-0.52.4-py3-none-any.whl (79 kB)
core (ubuntu-latest)	Install pinned build and test tools without ML runtimes	2026-09-07T16:59:18.6516791Z Installing collected packages: typing-extensions, truststore, setuptools, rpds-py, python-multipart, pyproject-hooks, pyjwt, pygments, pycparser, pluggy, packaging, iniconfig, idna, h11, click, attrs, annotated-types, uvicorn, typing-inspection, referencing, pytest, pydantic-core, opentelemetry-api, httpcore2, cffi, build, anyio, starlette, pydantic, jsonschema-specifications, httpx2, cryptography, sse-starlette, mcp-types, jsonschema, mcp
core (ubuntu-latest)	Install pinned build and test tools without ML runtimes	2026-09-07T16:59:21.5196390Z 
core (ubuntu-latest)	Install pinned build and test tools without ML runtimes	2026-09-07T16:59:21.5228368Z Successfully installed annotated-types-0.8.0 anyio-4.15.1 attrs-26.1.0 build-1.6.0 cffi-2.1.1 click-8.5.0 cryptography-50.0.1 h11-0.16.0 httpcore2-2.12.0 httpx2-2.12.0 idna-3.19 iniconfig-2.3.0 jsonschema-4.26.0 jsonschema-specifications-2025.9.1 mcp-2.1.1 mcp-types-2.1.1 opentelemetry-api-1.44.0 packaging-26.3 pluggy-1.6.0 pycparser-3.0 pydantic-2.13.5 pydantic-core-2.46.5 pygments-2.21.0 pyjwt-2.13.0 pyproject-hooks-1.2.0 pytest-9.1.1 python-multipart-0.0.32 referencing-0.37.0 rpds-py-2026.6.3 setuptools-84.0.0 sse-starlette-3.4.11 starlette-1.6.0 truststore-0.10.4 typing-extensions-4.16.0 typing-inspection-0.4.4 uvicorn-0.52.4
core (ubuntu-latest)	Build wheel and source archive	﻿2026-09-07T16:59:21.6355114Z ##[group]Run python -m build --no-isolation
core (ubuntu-latest)	Build wheel and source archive	2026-09-07T16:59:21.6355592Z ^[[36;1mpython -m build --no-isolation^[[0m
core (ubuntu-latest)	Build wheel and source archive	2026-09-07T16:59:21.6374868Z shell: /usr/bin/bash -e {0}
core (ubuntu-latest)	Build wheel and source archive	2026-09-07T16:59:21.6375157Z env:
core (ubuntu-latest)	Build wheel and source archive	2026-09-07T16:59:21.6375415Z   pythonLocation: /opt/hostedtoolcache/Python/3.13.15/x64
core (ubuntu-latest)	Build wheel and source archive	2026-09-07T16:59:21.6375783Z   PKG_CONFIG_PATH: /opt/hostedtoolcache/Python/3.13.15/x64/lib/pkgconfig
core (ubuntu-latest)	Build wheel and source archive	2026-09-07T16:59:21.6376137Z   Python_ROOT_DIR: /opt/hostedtoolcache/Python/3.13.15/x64
core (ubuntu-latest)	Build wheel and source archive	2026-09-07T16:59:21.6376498Z   Python2_ROOT_DIR: /opt/hostedtoolcache/Python/3.13.15/x64
core (ubuntu-latest)	Build wheel and source archive	2026-09-07T16:59:21.6376861Z   Python3_ROOT_DIR: /opt/hostedtoolcache/Python/3.13.15/x64
core (ubuntu-latest)	Build wheel and source archive	2026-09-07T16:59:21.6377181Z   LD_LIBRARY_PATH: /opt/hostedtoolcache/Python/3.13.15/x64/lib
core (ubuntu-latest)	Build wheel and source archive	2026-09-07T16:59:21.6377468Z ##[endgroup]
core (ubuntu-latest)	Build wheel and source archive	2026-09-07T16:59:21.9599542Z * Getting build dependencies for sdist...
core (ubuntu-latest)	Build wheel and source archive	2026-09-07T16:59:22.2589218Z warning: no previously-included files matching '__pycache__' found anywhere in distribution
core (ubuntu-latest)	Build wheel and source archive	2026-09-07T16:59:22.2590075Z running egg_info
core (ubuntu-latest)	Build wheel and source archive	2026-09-07T16:59:22.2593715Z warning: no previously-included files matching '*.py[cod]' found anywhere in distribution
core (ubuntu-latest)	Build wheel and source archive	2026-09-07T16:59:22.2607798Z warning: no previously-included files matching '.DS_Store' found anywhere in distribution
core (ubuntu-latest)	Build wheel and source archive	2026-09-07T16:59:22.2608512Z creating src/dynamo_diff.egg-info
core (ubuntu-latest)	Build wheel and source archive	2026-09-07T16:59:22.2610802Z warning: no previously-included files matching '.lock' found anywhere in distribution
core (ubuntu-latest)	Build wheel and source archive	2026-09-07T16:59:22.2611516Z writing src/dynamo_diff.egg-info/PKG-INFO
core (ubuntu-latest)	Build wheel and source archive	2026-09-07T16:59:22.2612410Z writing dependency_links to src/dynamo_diff.egg-info/dependency_links.txt
core (ubuntu-latest)	Build wheel and source archive	2026-09-07T16:59:22.2614142Z writing entry points to src/dynamo_diff.egg-info/entry_points.txt
core (ubuntu-latest)	Build wheel and source archive	2026-09-07T16:59:22.2614683Z writing requirements to src/dynamo_diff.egg-info/requires.txt
core (ubuntu-latest)	Build wheel and source archive	2026-09-07T16:59:22.2615189Z writing top-level names to src/dynamo_diff.egg-info/top_level.txt
core (ubuntu-latest)	Build wheel and source archive	2026-09-07T16:59:22.2615700Z writing manifest file 'src/dynamo_diff.egg-info/SOURCES.txt'
core (ubuntu-latest)	Build wheel and source archive	2026-09-07T16:59:22.2616204Z reading manifest file 'src/dynamo_diff.egg-info/SOURCES.txt'
core (ubuntu-latest)	Build wheel and source archive	2026-09-07T16:59:22.2616634Z reading manifest template 'MANIFEST.in'
core (ubuntu-latest)	Build wheel and source archive	2026-09-07T16:59:22.2616995Z adding license file 'LICENSE'
core (ubuntu-latest)	Build wheel and source archive	2026-09-07T16:59:22.2637065Z writing manifest file 'src/dynamo_diff.egg-info/SOURCES.txt'
core (ubuntu-latest)	Build wheel and source archive	2026-09-07T16:59:22.2992983Z * Building sdist...
core (ubuntu-latest)	Build wheel and source archive	2026-09-07T16:59:22.4134320Z running sdist
core (ubuntu-latest)	Build wheel and source archive	2026-09-07T16:59:22.4135307Z running egg_info
core (ubuntu-latest)	Build wheel and source archive	2026-09-07T16:59:22.4169623Z writing src/dynamo_diff.egg-info/PKG-INFO
core (ubuntu-latest)	Build wheel and source archive	2026-09-07T16:59:22.4179033Z writing dependency_links to src/dynamo_diff.egg-info/dependency_links.txt
core (ubuntu-latest)	Build wheel and source archive	2026-09-07T16:59:22.4180569Z writing entry points to src/dynamo_diff.egg-info/entry_points.txt
core (ubuntu-latest)	Build wheel and source archive	2026-09-07T16:59:22.4185307Z writing requirements to src/dynamo_diff.egg-info/requires.txt
core (ubuntu-latest)	Build wheel and source archive	2026-09-07T16:59:22.4186071Z writing top-level names to src/dynamo_diff.egg-info/top_level.txt
core (ubuntu-latest)	Build wheel and source archive	2026-09-07T16:59:22.4244822Z reading manifest file 'src/dynamo_diff.egg-info/SOURCES.txt'
core (ubuntu-latest)	Build wheel and source archive	2026-09-07T16:59:22.4306371Z reading manifest template 'MANIFEST.in'
core (ubuntu-latest)	Build wheel and source archive	2026-09-07T16:59:22.4373520Z warning: no previously-included files matching '__pycache__' found anywhere in distribution
core (ubuntu-latest)	Build wheel and source archive	2026-09-07T16:59:22.4382436Z warning: no previously-included files matching '*.py[cod]' found anywhere in distribution
core (ubuntu-latest)	Build wheel and source archive	2026-09-07T16:59:22.4390292Z warning: no previously-included files matching '.DS_Store' found anywhere in distribution
core (ubuntu-latest)	Build wheel and source archive	2026-09-07T16:59:22.4397975Z warning: no previously-included files matching '.lock' found anywhere in distribution
core (ubuntu-latest)	Build wheel and source archive	2026-09-07T16:59:22.4398876Z adding license file 'LICENSE'
core (ubuntu-latest)	Build wheel and source archive	2026-09-07T16:59:22.4475306Z writing manifest file 'src/dynamo_diff.egg-info/SOURCES.txt'
core (ubuntu-latest)	Build wheel and source archive	2026-09-07T16:59:22.4484049Z running check
core (ubuntu-latest)	Build wheel and source archive	2026-09-07T16:59:22.4523837Z creating dynamo_diff-0.1.0
core (ubuntu-latest)	Build wheel and source archive	2026-09-07T16:59:22.4524649Z creating dynamo_diff-0.1.0/.github/workflows
core (ubuntu-latest)	Build wheel and source archive	2026-09-07T16:59:22.4544038Z creating dynamo_diff-0.1.0/artifacts/demo/cli-002
core (ubuntu-latest)	Build wheel and source archive	2026-09-07T16:59:22.4563880Z creating dynamo_diff-0.1.0/artifacts/demo/cli-003
core (ubuntu-latest)	Build wheel and source archive	2026-09-07T16:59:22.4583805Z creating dynamo_diff-0.1.0/benchmarks
core (ubuntu-latest)	Build wheel and source archive	2026-09-07T16:59:22.4584948Z creating dynamo_diff-0.1.0/benchmarks/agent_pilot
core (ubuntu-latest)	Build wheel and source archive	2026-09-07T16:59:22.4592586Z creating dynamo_diff-0.1.0/benchmarks/agent_pilot/corpus
core (ubuntu-latest)	Build wheel and source archive	2026-09-07T16:59:22.4593814Z creating dynamo_diff-0.1.0/benchmarks/agent_pilot/corpus/captures/q01/a
core (ubuntu-latest)	Build wheel and source archive	2026-09-07T16:59:22.4594655Z creating dynamo_diff-0.1.0/benchmarks/agent_pilot/corpus/captures/q01/a/raw
core (ubuntu-latest)	Build wheel and source archive	2026-09-07T16:59:22.4595392Z creating dynamo_diff-0.1.0/benchmarks/agent_pilot/corpus/captures/q01/a/report
core (ubuntu-latest)	Build wheel and source archive	2026-09-07T16:59:22.4596248Z creating dynamo_diff-0.1.0/benchmarks/agent_pilot/corpus/captures/q01/a/report/-_-_-_-
core (ubuntu-latest)	Build wheel and source archive	2026-09-07T16:59:22.4597071Z creating dynamo_diff-0.1.0/benchmarks/agent_pilot/corpus/captures/q01/a/report/-_0_0_0
core (ubuntu-latest)	Build wheel and source archive	2026-09-07T16:59:22.4597952Z creating dynamo_diff-0.1.0/benchmarks/agent_pilot/corpus/captures/q01/a/report/-_0_1_0
core (ubuntu-latest)	Build wheel and source archive	2026-09-07T16:59:22.4598810Z creating dynamo_diff-0.1.0/benchmarks/agent_pilot/corpus/captures/q01/a/sources
core (ubuntu-latest)	Build wheel and source archive	2026-09-07T16:59:22.4599557Z creating dynamo_diff-0.1.0/benchmarks/agent_pilot/corpus/captures/q02/a
core (ubuntu-latest)	Build wheel and source archive	2026-09-07T16:59:22.4600337Z creating dynamo_diff-0.1.0/benchmarks/agent_pilot/corpus/captures/q02/a/raw
core (ubuntu-latest)	Build wheel and source archive	2026-09-07T16:59:22.4601065Z creating dynamo_diff-0.1.0/benchmarks/agent_pilot/corpus/captures/q02/a/report
core (ubuntu-latest)	Build wheel and source archive	2026-09-07T16:59:22.4601808Z creating dynamo_diff-0.1.0/benchmarks/agent_pilot/corpus/captures/q02/a/report/-_-_-_-
core (ubuntu-latest)	Build wheel and source archive	2026-09-07T16:59:22.4602659Z creating dynamo_diff-0.1.0/benchmarks/agent_pilot/corpus/captures/q02/a/report/-_0_0_0
core (ubuntu-latest)	Build wheel and source archive	2026-09-07T16:59:22.4603637Z creating dynamo_diff-0.1.0/benchmarks/agent_pilot/corpus/captures/q02/a/report/-_0_1_0
core (ubuntu-latest)	Build wheel and source archive	2026-09-07T16:59:22.4604489Z creating dynamo_diff-0.1.0/benchmarks/agent_pilot/corpus/captures/q02/a/report/-_0_2_0
core (ubuntu-latest)	Build wheel and source archive	2026-09-07T16:59:22.4605239Z creating dynamo_diff-0.1.0/benchmarks/agent_pilot/corpus/captures/q02/a/sources
core (ubuntu-latest)	Build wheel and source archive	2026-09-07T16:59:22.4605946Z creating dynamo_diff-0.1.0/benchmarks/agent_pilot/corpus/captures/q03/a
core (ubuntu-latest)	Build wheel and source archive	2026-09-07T16:59:22.4606698Z creating dynamo_diff-0.1.0/benchmarks/agent_pilot/corpus/captures/q03/a/raw
core (ubuntu-latest)	Build wheel and source archive	2026-09-07T16:59:22.4607489Z creating dynamo_diff-0.1.0/benchmarks/agent_pilot/corpus/captures/q03/a/report
core (ubuntu-latest)	Build wheel and source archive	2026-09-07T16:59:22.4608282Z creating dynamo_diff-0.1.0/benchmarks/agent_pilot/corpus/captures/q03/a/report/-_-_-_-
core (ubuntu-latest)	Build wheel and source archive	2026-09-07T16:59:22.4609059Z creating dynamo_diff-0.1.0/benchmarks/agent_pilot/corpus/captures/q03/a/report/-_0_0_0
core (ubuntu-latest)	Build wheel and source archive	2026-09-07T16:59:22.4609858Z creating dynamo_diff-0.1.0/benchmarks/agent_pilot/corpus/captures/q03/a/report/-_0_1_0
core (ubuntu-latest)	Build wheel and source archive	2026-09-07T16:59:22.4610699Z creating dynamo_diff-0.1.0/benchmarks/agent_pilot/corpus/captures/q03/a/report/-_0_2_0
core (ubuntu-latest)	Build wheel and source archive	2026-09-07T16:59:22.4611718Z creating dynamo_diff-0.1.0/benchmarks/agent_pilot/corpus/captures/q03/a/sources
core (ubuntu-latest)	Build wheel and source archive	2026-09-07T16:59:22.4612449Z creating dynamo_diff-0.1.0/benchmarks/agent_pilot/corpus/captures/q03/b
core (ubuntu-latest)	Build wheel and source archive	2026-09-07T16:59:22.4613336Z creating dynamo_diff-0.1.0/benchmarks/agent_pilot/corpus/captures/q03/b/raw
core (ubuntu-latest)	Build wheel and source archive	2026-09-07T16:59:22.4614095Z creating dynamo_diff-0.1.0/benchmarks/agent_pilot/corpus/captures/q03/b/report
core (ubuntu-latest)	Build wheel and source archive	2026-09-07T16:59:22.4614840Z creating dynamo_diff-0.1.0/benchmarks/agent_pilot/corpus/captures/q03/b/report/-_-_-_-
core (ubuntu-latest)	Build wheel and source archive	2026-09-07T16:59:22.4615648Z creating dynamo_diff-0.1.0/benchmarks/agent_pilot/corpus/captures/q03/b/report/-_0_0_0
core (ubuntu-latest)	Build wheel and source archive	2026-09-07T16:59:22.4616486Z creating dynamo_diff-0.1.0/benchmarks/agent_pilot/corpus/captures/q03/b/sources
core (ubuntu-latest)	Build wheel and source archive	2026-09-07T16:59:22.4617196Z creating dynamo_diff-0.1.0/benchmarks/agent_pilot/corpus/captures/q04/a
core (ubuntu-latest)	Build wheel and source archive	2026-09-07T16:59:22.4617917Z creating dynamo_diff-0.1.0/benchmarks/agent_pilot/corpus/captures/q04/a/raw
core (ubuntu-latest)	Build wheel and source archive	2026-09-07T16:59:22.4618686Z creating dynamo_diff-0.1.0/benchmarks/agent_pilot/corpus/captures/q04/a/report
core (ubuntu-latest)	Build wheel and source archive	2026-09-07T16:59:22.4619432Z creating dynamo_diff-0.1.0/benchmarks/agent_pilot/corpus/captures/q04/a/report/-_-_-_-
core (ubuntu-latest)	Build wheel and source archive	2026-09-07T16:59:22.4620297Z creating dynamo_diff-0.1.0/benchmarks/agent_pilot/corpus/captures/q04/a/report/-_0_0_0
core (ubuntu-latest)	Build wheel and source archive	2026-09-07T16:59:22.4621066Z creating dynamo_diff-0.1.0/benchmarks/agent_pilot/corpus/captures/q04/a/report/-_0_1_0
core (ubuntu-latest)	Build wheel and source archive	2026-09-07T16:59:22.4621838Z creating dynamo_diff-0.1.0/benchmarks/agent_pilot/corpus/captures/q04/a/sources
core (ubuntu-latest)	Build wheel and source archive	2026-09-07T16:59:22.4622750Z creating dynamo_diff-0.1.0/benchmarks/agent_pilot/corpus/captures/q04/b
core (ubuntu-latest)	Build wheel and source archive	2026-09-07T16:59:22.4623627Z creating dynamo_diff-0.1.0/benchmarks/agent_pilot/corpus/captures/q04/b/raw
core (ubuntu-latest)	Build wheel and source archive	2026-09-07T16:59:22.4624380Z creating dynamo_diff-0.1.0/benchmarks/agent_pilot/corpus/captures/q04/b/report
core (ubuntu-latest)	Build wheel and source archive	2026-09-07T16:59:22.4625156Z creating dynamo_diff-0.1.0/benchmarks/agent_pilot/corpus/captures/q04/b/report/-_-_-_-
core (ubuntu-latest)	Build wheel and source archive	2026-09-07T16:59:22.4625936Z creating dynamo_diff-0.1.0/benchmarks/agent_pilot/corpus/captures/q04/b/report/-_0_0_0
core (ubuntu-latest)	Build wheel and source archive	2026-09-07T16:59:22.4626744Z creating dynamo_diff-0.1.0/benchmarks/agent_pilot/corpus/captures/q04/b/sources
core (ubuntu-latest)	Build wheel and source archive	2026-09-07T16:59:22.4627469Z creating dynamo_diff-0.1.0/benchmarks/agent_pilot/corpus/captures/q05/a
core (ubuntu-latest)	Build wheel and source archive	2026-09-07T16:59:22.4628190Z creating dynamo_diff-0.1.0/benchmarks/agent_pilot/corpus/captures/q05/a/raw
core (ubuntu-latest)	Build wheel and source archive	2026-09-07T16:59:22.4628953Z creating dynamo_diff-0.1.0/benchmarks/agent_pilot/corpus/captures/q05/a/report
core (ubuntu-latest)	Build wheel and source archive	2026-09-07T16:59:22.4629737Z creating dynamo_diff-0.1.0/benchmarks/agent_pilot/corpus/captures/q05/a/report/-_-_-_-
core (ubuntu-latest)	Build wheel and source archive	2026-09-07T16:59:22.4630589Z creating dynamo_diff-0.1.0/benchmarks/agent_pilot/corpus/captures/q05/a/report/-_0_0_0
core (ubuntu-latest)	Build wheel and source archive	2026-09-07T16:59:22.4631337Z creating dynamo_diff-0.1.0/benchmarks/agent_pilot/corpus/captures/q05/a/sources
core (ubuntu-latest)	Build wheel and source archive	2026-09-07T16:59:22.4632091Z creating dynamo_diff-0.1.0/benchmarks/agent_pilot/corpus/captures/q05/b
core (ubuntu-latest)	Build wheel and source archive	2026-09-07T16:59:22.4632787Z creating dynamo_diff-0.1.0/benchmarks/agent_pilot/corpus/captures/q05/b/raw
core (ubuntu-latest)	Build wheel and source archive	2026-09-07T16:59:22.4633810Z creating dynamo_diff-0.1.0/benchmarks/agent_pilot/corpus/captures/q05/b/report
core (ubuntu-latest)	Build wheel and source archive	2026-09-07T16:59:22.4634673Z creating dynamo_diff-0.1.0/benchmarks/agent_pilot/corpus/captures/q05/b/report/-_-_-_-
core (ubuntu-latest)	Build wheel and source archive	2026-09-07T16:59:22.4635443Z creating dynamo_diff-0.1.0/benchmarks/agent_pilot/corpus/captures/q05/b/report/-_0_0_0
core (ubuntu-latest)	Build wheel and source archive	2026-09-07T16:59:22.4636216Z creating dynamo_diff-0.1.0/benchmarks/agent_pilot/corpus/captures/q05/b/sources
core (ubuntu-latest)	Build wheel and source archive	2026-09-07T16:59:22.4636924Z creating dynamo_diff-0.1.0/benchmarks/agent_pilot/corpus/captures/q06/a
core (ubuntu-latest)	Build wheel and source archive	2026-09-07T16:59:22.4637696Z creating dynamo_diff-0.1.0/benchmarks/agent_pilot/corpus/captures/q06/a/raw
core (ubuntu-latest)	Build wheel and source archive	2026-09-07T16:59:22.4638826Z creating dynamo_diff-0.1.0/benchmarks/agent_pilot/corpus/captures/q06/a/report
core (ubuntu-latest)	Build wheel and source archive	2026-09-07T16:59:22.4639651Z creating dynamo_diff-0.1.0/benchmarks/agent_pilot/corpus/captures/q06/a/report/-_-_-_-
core (ubuntu-latest)	Build wheel and source archive	2026-09-07T16:59:22.4640480Z creating dynamo_diff-0.1.0/benchmarks/agent_pilot/corpus/captures/q06/a/report/-_0_0_0
core (ubuntu-latest)	Build wheel and source archive	2026-09-07T16:59:22.4641328Z creating dynamo_diff-0.1.0/benchmarks/agent_pilot/corpus/captures/q06/a/report/-_0_1_0
core (ubuntu-latest)	Build wheel and source archive	2026-09-07T16:59:22.4642765Z creating dynamo_diff-0.1.0/benchmarks/agent_pilot/corpus/captures/q06/a/report/-_0_2_0
core (ubuntu-latest)	Build wheel and source archive	2026-09-07T16:59:22.4643797Z creating dynamo_diff-0.1.0/benchmarks/agent_pilot/corpus/captures/q06/a/sources
core (ubuntu-latest)	Build wheel and source archive	2026-09-07T16:59:22.4644520Z creating dynamo_diff-0.1.0/benchmarks/agent_pilot/corpus/captures/q06/b
core (ubuntu-latest)	Build wheel and source archive	2026-09-07T16:59:22.4645249Z creating dynamo_diff-0.1.0/benchmarks/agent_pilot/corpus/captures/q06/b/raw
core (ubuntu-latest)	Build wheel and source archive	2026-09-07T16:59:22.4646021Z creating dynamo_diff-0.1.0/benchmarks/agent_pilot/corpus/captures/q06/b/report
core (ubuntu-latest)	Build wheel and source archive	2026-09-07T16:59:22.4646923Z creating dynamo_diff-0.1.0/benchmarks/agent_pilot/corpus/captures/q06/b/report/-_-_-_-
core (ubuntu-latest)	Build wheel and source archive	2026-09-07T16:59:22.4647676Z creating dynamo_diff-0.1.0/benchmarks/agent_pilot/corpus/captures/q06/b/report/-_0_0_0
core (ubuntu-latest)	Build wheel and source archive	2026-09-07T16:59:22.4648404Z creating dynamo_diff-0.1.0/benchmarks/agent_pilot/corpus/captures/q06/b/report/-_0_1_0
core (ubuntu-latest)	Build wheel and source archive	2026-09-07T16:59:22.4649202Z creating dynamo_diff-0.1.0/benchmarks/agent_pilot/corpus/captures/q06/b/report/-_0_2_0
core (ubuntu-latest)	Build wheel and source archive	2026-09-07T16:59:22.4650005Z creating dynamo_diff-0.1.0/benchmarks/agent_pilot/corpus/captures/q06/b/sources
core (ubuntu-latest)	Build wheel and source archive	2026-09-07T16:59:22.4650730Z creating dynamo_diff-0.1.0/benchmarks/agent_pilot/corpus/captures/q07/a
core (ubuntu-latest)	Build wheel and source archive	2026-09-07T16:59:22.4651379Z creating dynamo_diff-0.1.0/benchmarks/agent_pilot/corpus/captures/q07/a/raw
core (ubuntu-latest)	Build wheel and source archive	2026-09-07T16:59:22.4652006Z creating dynamo_diff-0.1.0/benchmarks/agent_pilot/corpus/captures/q07/a/report
core (ubuntu-latest)	Build wheel and source archive	2026-09-07T16:59:22.4652960Z creating dynamo_diff-0.1.0/benchmarks/agent_pilot/corpus/captures/q07/a/report/-_-_-_-
core (ubuntu-latest)	Build wheel and source archive	2026-09-07T16:59:22.4653953Z creating dynamo_diff-0.1.0/benchmarks/agent_pilot/corpus/captures/q07/a/report/-_0_0_0
core (ubuntu-latest)	Build wheel and source archive	2026-09-07T16:59:22.4654743Z creating dynamo_diff-0.1.0/benchmarks/agent_pilot/corpus/captures/q07/a/sources
core (ubuntu-latest)	Build wheel and source archive	2026-09-07T16:59:22.4655510Z creating dynamo_diff-0.1.0/benchmarks/agent_pilot/corpus/captures/q08/a
core (ubuntu-latest)	Build wheel and source archive	2026-09-07T16:59:22.4656171Z creating dynamo_diff-0.1.0/benchmarks/agent_pilot/corpus/captures/q08/a/raw
core (ubuntu-latest)	Build wheel and source archive	2026-09-07T16:59:22.4656923Z creating dynamo_diff-0.1.0/benchmarks/agent_pilot/corpus/captures/q08/a/report
core (ubuntu-latest)	Build wheel and source archive	2026-09-07T16:59:22.4657640Z creating dynamo_diff-0.1.0/benchmarks/agent_pilot/corpus/captures/q08/a/report/-_-_-_-
core (ubuntu-latest)	Build wheel and source archive	2026-09-07T16:59:22.4658394Z creating dynamo_diff-0.1.0/benchmarks/agent_pilot/corpus/captures/q08/a/report/-_0_0_0
core (ubuntu-latest)	Build wheel and source archive	2026-09-07T16:59:22.4659195Z creating dynamo_diff-0.1.0/benchmarks/agent_pilot/corpus/captures/q08/a/report/-_0_0_1
core (ubuntu-latest)	Build wheel and source archive	2026-09-07T16:59:22.4659920Z creating dynamo_diff-0.1.0/benchmarks/agent_pilot/corpus/captures/q08/a/report/-_1_0_0
core (ubuntu-latest)	Build wheel and source archive	2026-09-07T16:59:22.4660733Z creating dynamo_diff-0.1.0/benchmarks/agent_pilot/corpus/captures/q08/a/sources
core (ubuntu-latest)	Build wheel and source archive	2026-09-07T16:59:22.4661432Z creating dynamo_diff-0.1.0/benchmarks/agent_pilot/corpus/captures/q09/a
core (ubuntu-latest)	Build wheel and source archive	2026-09-07T16:59:22.4662123Z creating dynamo_diff-0.1.0/benchmarks/agent_pilot/corpus/captures/q09/a/raw
core (ubuntu-latest)	Build wheel and source archive	2026-09-07T16:59:22.4662840Z creating dynamo_diff-0.1.0/benchmarks/agent_pilot/corpus/captures/q09/a/report
core (ubuntu-latest)	Build wheel and source archive	2026-09-07T16:59:22.4663864Z creating dynamo_diff-0.1.0/benchmarks/agent_pilot/corpus/captures/q09/a/report/-_-_-_-
core (ubuntu-latest)	Build wheel and source archive	2026-09-07T16:59:22.4664668Z creating dynamo_diff-0.1.0/benchmarks/agent_pilot/corpus/captures/q09/a/report/-_0_0_0
core (ubuntu-latest)	Build wheel and source archive	2026-09-07T16:59:22.4665432Z creating dynamo_diff-0.1.0/benchmarks/agent_pilot/corpus/captures/q09/a/report/-_0_1_0
core (ubuntu-latest)	Build wheel and source archive	2026-09-07T16:59:22.4666206Z creating dynamo_diff-0.1.0/benchmarks/agent_pilot/corpus/captures/q09/a/report/-_0_2_0
core (ubuntu-latest)	Build wheel and source archive	2026-09-07T16:59:22.4666950Z creating dynamo_diff-0.1.0/benchmarks/agent_pilot/corpus/captures/q09/a/sources
core (ubuntu-latest)	Build wheel and source archive	2026-09-07T16:59:22.4667701Z creating dynamo_diff-0.1.0/benchmarks/agent_pilot/corpus/captures/q10/a
core (ubuntu-latest)	Build wheel and source archive	2026-09-07T16:59:22.4668424Z creating dynamo_diff-0.1.0/benchmarks/agent_pilot/corpus/captures/q10/a/raw
core (ubuntu-latest)	Build wheel and source archive	2026-09-07T16:59:22.4669124Z creating dynamo_diff-0.1.0/benchmarks/agent_pilot/corpus/captures/q10/a/report
core (ubuntu-latest)	Build wheel and source archive	2026-09-07T16:59:22.4669869Z creating dynamo_diff-0.1.0/benchmarks/agent_pilot/corpus/captures/q10/a/report/-_-_-_-
core (ubuntu-latest)	Build wheel and source archive	2026-09-07T16:59:22.4670617Z creating dynamo_diff-0.1.0/benchmarks/agent_pilot/corpus/captures/q10/a/report/-_0_0_0
core (ubuntu-latest)	Build wheel and source archive	2026-09-07T16:59:22.4671448Z creating dynamo_diff-0.1.0/benchmarks/agent_pilot/corpus/captures/q10/a/report/-_0_1_0
core (ubuntu-latest)	Build wheel and source archive	2026-09-07T16:59:22.4672340Z creating dynamo_diff-0.1.0/benchmarks/agent_pilot/corpus/captures/q10/a/report/-_0_2_0
core (ubuntu-latest)	Build wheel and source archive	2026-09-07T16:59:22.4673246Z creating dynamo_diff-0.1.0/benchmarks/agent_pilot/corpus/captures/q10/a/sources
core (ubuntu-latest)	Build wheel and source archive	2026-09-07T16:59:22.4674100Z creating dynamo_diff-0.1.0/benchmarks/agent_pilot/corpus/curator/q07
core (ubuntu-latest)	Build wheel and source archive	2026-09-07T16:59:22.4674788Z creating dynamo_diff-0.1.0/benchmarks/agent_pilot/runs/run-001
core (ubuntu-latest)	Build wheel and source archive	2026-09-07T16:59:22.4675513Z creating dynamo_diff-0.1.0/benchmarks/agent_pilot/runs/run-001/analysis
core (ubuntu-latest)	Build wheel and source archive	2026-09-07T16:59:22.4676195Z creating dynamo_diff-0.1.0/benchmarks/results
core (ubuntu-latest)	Build wheel and source archive	2026-09-07T16:59:22.4676761Z creating dynamo_diff-0.1.0/case_studies/transformers_cache
core (ubuntu-latest)	Build wheel and source archive	2026-09-07T16:59:22.4677437Z creating dynamo_diff-0.1.0/case_studies/transformers_cache/captures/baseline
core (ubuntu-latest)	Build wheel and source archive	2026-09-07T16:59:22.4678196Z creating dynamo_diff-0.1.0/case_studies/transformers_cache/captures/baseline/raw
core (ubuntu-latest)	Build wheel and source archive	2026-09-07T16:59:22.4678995Z creating dynamo_diff-0.1.0/case_studies/transformers_cache/captures/baseline/report
core (ubuntu-latest)	Build wheel and source archive	2026-09-07T16:59:22.4679790Z creating dynamo_diff-0.1.0/case_studies/transformers_cache/captures/baseline/report/-_-_-_-
core (ubuntu-latest)	Build wheel and source archive	2026-09-07T16:59:22.4680644Z creating dynamo_diff-0.1.0/case_studies/transformers_cache/captures/baseline/report/-_0_0_0
core (ubuntu-latest)	Build wheel and source archive	2026-09-07T16:59:22.4681452Z creating dynamo_diff-0.1.0/case_studies/transformers_cache/captures/baseline/report/-_0_1_0
core (ubuntu-latest)	Build wheel and source archive	2026-09-07T16:59:22.4682380Z creating dynamo_diff-0.1.0/case_studies/transformers_cache/captures/baseline/report/-_0_2_0
core (ubuntu-latest)	Build wheel and source archive	2026-09-07T16:59:22.4683488Z creating dynamo_diff-0.1.0/case_studies/transformers_cache/captures/baseline/sources
core (ubuntu-latest)	Build wheel and source archive	2026-09-07T16:59:22.4684633Z creating dynamo_diff-0.1.0/case_studies/transformers_cache/captures/baseline/sources/torch/_dynamo
core (ubuntu-latest)	Build wheel and source archive	2026-09-07T16:59:22.4685513Z creating dynamo_diff-0.1.0/case_studies/transformers_cache/captures/baseline/sources/torch/utils
core (ubuntu-latest)	Build wheel and source archive	2026-09-07T16:59:22.4686412Z creating dynamo_diff-0.1.0/case_studies/transformers_cache/captures/baseline/sources/transformers
core (ubuntu-latest)	Build wheel and source archive	2026-09-07T16:59:22.4687330Z creating dynamo_diff-0.1.0/case_studies/transformers_cache/captures/baseline/sources/transformers/generation
core (ubuntu-latest)	Build wheel and source archive	2026-09-07T16:59:22.4688281Z creating dynamo_diff-0.1.0/case_studies/transformers_cache/captures/baseline/sources/transformers/models/llama
core (ubuntu-latest)	Build wheel and source archive	2026-09-07T16:59:22.4689244Z creating dynamo_diff-0.1.0/case_studies/transformers_cache/captures/baseline/sources/transformers/utils
core (ubuntu-latest)	Build wheel and source archive	2026-09-07T16:59:22.4690072Z creating dynamo_diff-0.1.0/case_studies/transformers_cache/captures/candidate
core (ubuntu-latest)	Build wheel and source archive	2026-09-07T16:59:22.4690840Z creating dynamo_diff-0.1.0/case_studies/transformers_cache/captures/candidate/raw
core (ubuntu-latest)	Build wheel and source archive	2026-09-07T16:59:22.4691803Z creating dynamo_diff-0.1.0/case_studies/transformers_cache/captures/candidate/report
core (ubuntu-latest)	Build wheel and source archive	2026-09-07T16:59:22.4692646Z creating dynamo_diff-0.1.0/case_studies/transformers_cache/captures/candidate/report/-_-_-_-
core (ubuntu-latest)	Build wheel and source archive	2026-09-07T16:59:22.4693688Z creating dynamo_diff-0.1.0/case_studies/transformers_cache/captures/candidate/report/-_0_0_0
core (ubuntu-latest)	Build wheel and source archive	2026-09-07T16:59:22.4694497Z creating dynamo_diff-0.1.0/case_studies/transformers_cache/captures/candidate/report/-_0_1_0
core (ubuntu-latest)	Build wheel and source archive	2026-09-07T16:59:22.4695341Z creating dynamo_diff-0.1.0/case_studies/transformers_cache/captures/candidate/sources
core (ubuntu-latest)	Build wheel and source archive	2026-09-07T16:59:22.4696158Z creating dynamo_diff-0.1.0/case_studies/transformers_cache/captures/candidate/sources/torch/_dynamo
core (ubuntu-latest)	Build wheel and source archive	2026-09-07T16:59:22.4697033Z creating dynamo_diff-0.1.0/case_studies/transformers_cache/captures/candidate/sources/torch/utils
core (ubuntu-latest)	Build wheel and source archive	2026-09-07T16:59:22.4698016Z creating dynamo_diff-0.1.0/case_studies/transformers_cache/captures/candidate/sources/transformers
core (ubuntu-latest)	Build wheel and source archive	2026-09-07T16:59:22.4698953Z creating dynamo_diff-0.1.0/case_studies/transformers_cache/captures/candidate/sources/transformers/generation
core (ubuntu-latest)	Build wheel and source archive	2026-09-07T16:59:22.4699961Z creating dynamo_diff-0.1.0/case_studies/transformers_cache/captures/candidate/sources/transformers/models/llama
core (ubuntu-latest)	Build wheel and source archive	2026-09-07T16:59:22.4700891Z creating dynamo_diff-0.1.0/case_studies/transformers_cache/captures/candidate/sources/transformers/utils
core (ubuntu-latest)	Build wheel and source archive	2026-09-07T16:59:22.4701689Z creating dynamo_diff-0.1.0/docs
core (ubuntu-latest)	Build wheel and source archive	2026-09-07T16:59:22.4702187Z creating dynamo_diff-0.1.0/docs/licenses
core (ubuntu-latest)	Build wheel and source archive	2026-09-07T16:59:22.4702686Z creating dynamo_diff-0.1.0/docs/schemas
core (ubuntu-latest)	Build wheel and source archive	2026-09-07T16:59:22.4703495Z creating dynamo_diff-0.1.0/fixtures
core (ubuntu-latest)	Build wheel and source archive	2026-09-07T16:59:22.4704068Z creating dynamo_diff-0.1.0/fixtures/captures/backend_failure
core (ubuntu-latest)	Build wheel and source archive	2026-09-07T16:59:22.4704723Z creating dynamo_diff-0.1.0/fixtures/captures/backend_failure/raw
core (ubuntu-latest)	Build wheel and source archive	2026-09-07T16:59:22.4705465Z creating dynamo_diff-0.1.0/fixtures/captures/backend_failure/report
core (ubuntu-latest)	Build wheel and source archive	2026-09-07T16:59:22.4706121Z creating dynamo_diff-0.1.0/fixtures/captures/backend_failure/report/-_-_-_-
core (ubuntu-latest)	Build wheel and source archive	2026-09-07T16:59:22.4706879Z creating dynamo_diff-0.1.0/fixtures/captures/backend_failure/report/-_0_0_0
core (ubuntu-latest)	Build wheel and source archive	2026-09-07T16:59:22.4707599Z creating dynamo_diff-0.1.0/fixtures/captures/backend_failure/sources
core (ubuntu-latest)	Build wheel and source archive	2026-09-07T16:59:22.4708228Z creating dynamo_diff-0.1.0/fixtures/captures/dynamic
core (ubuntu-latest)	Build wheel and source archive	2026-09-07T16:59:22.4708862Z creating dynamo_diff-0.1.0/fixtures/captures/dynamic/raw
core (ubuntu-latest)	Build wheel and source archive	2026-09-07T16:59:22.4709451Z creating dynamo_diff-0.1.0/fixtures/captures/dynamic/report
core (ubuntu-latest)	Build wheel and source archive	2026-09-07T16:59:22.4710166Z creating dynamo_diff-0.1.0/fixtures/captures/dynamic/report/-_-_-_-
core (ubuntu-latest)	Build wheel and source archive	2026-09-07T16:59:22.4710799Z creating dynamo_diff-0.1.0/fixtures/captures/dynamic/report/-_0_0_0
core (ubuntu-latest)	Build wheel and source archive	2026-09-07T16:59:22.4711480Z creating dynamo_diff-0.1.0/fixtures/captures/dynamic/report/-_0_1_0
core (ubuntu-latest)	Build wheel and source archive	2026-09-07T16:59:22.4712220Z creating dynamo_diff-0.1.0/fixtures/captures/dynamic/sources
core (ubuntu-latest)	Build wheel and source archive	2026-09-07T16:59:22.4712812Z creating dynamo_diff-0.1.0/fixtures/captures/edit_after
core (ubuntu-latest)	Build wheel and source archive	2026-09-07T16:59:22.4713750Z creating dynamo_diff-0.1.0/fixtures/captures/edit_after/raw
core (ubuntu-latest)	Build wheel and source archive	2026-09-07T16:59:22.4714420Z creating dynamo_diff-0.1.0/fixtures/captures/edit_after/report
core (ubuntu-latest)	Build wheel and source archive	2026-09-07T16:59:22.4715074Z creating dynamo_diff-0.1.0/fixtures/captures/edit_after/report/-_-_-_-
core (ubuntu-latest)	Build wheel and source archive	2026-09-07T16:59:22.4715791Z creating dynamo_diff-0.1.0/fixtures/captures/edit_after/report/-_0_0_0
core (ubuntu-latest)	Build wheel and source archive	2026-09-07T16:59:22.4716515Z creating dynamo_diff-0.1.0/fixtures/captures/edit_after/report/-_1_0_0
core (ubuntu-latest)	Build wheel and source archive	2026-09-07T16:59:22.4717202Z creating dynamo_diff-0.1.0/fixtures/captures/edit_after/sources
core (ubuntu-latest)	Build wheel and source archive	2026-09-07T16:59:22.4717794Z creating dynamo_diff-0.1.0/fixtures/captures/edit_before
core (ubuntu-latest)	Build wheel and source archive	2026-09-07T16:59:22.4718400Z creating dynamo_diff-0.1.0/fixtures/captures/edit_before/raw
core (ubuntu-latest)	Build wheel and source archive	2026-09-07T16:59:22.4719036Z creating dynamo_diff-0.1.0/fixtures/captures/edit_before/report
core (ubuntu-latest)	Build wheel and source archive	2026-09-07T16:59:22.4719726Z creating dynamo_diff-0.1.0/fixtures/captures/edit_before/report/-_-_-_-
core (ubuntu-latest)	Build wheel and source archive	2026-09-07T16:59:22.4720447Z creating dynamo_diff-0.1.0/fixtures/captures/edit_before/report/-_0_0_0
core (ubuntu-latest)	Build wheel and source archive	2026-09-07T16:59:22.4721125Z creating dynamo_diff-0.1.0/fixtures/captures/edit_before/report/-_0_1_0
core (ubuntu-latest)	Build wheel and source archive	2026-09-07T16:59:22.4721790Z creating dynamo_diff-0.1.0/fixtures/captures/edit_before/report/-_0_2_0
core (ubuntu-latest)	Build wheel and source archive	2026-09-07T16:59:22.4722449Z creating dynamo_diff-0.1.0/fixtures/captures/edit_before/sources
core (ubuntu-latest)	Build wheel and source archive	2026-09-07T16:59:22.4723071Z creating dynamo_diff-0.1.0/fixtures/captures/grad
core (ubuntu-latest)	Build wheel and source archive	2026-09-07T16:59:22.4723968Z creating dynamo_diff-0.1.0/fixtures/captures/grad/raw
core (ubuntu-latest)	Build wheel and source archive	2026-09-07T16:59:22.4724570Z creating dynamo_diff-0.1.0/fixtures/captures/grad/report
core (ubuntu-latest)	Build wheel and source archive	2026-09-07T16:59:22.4725174Z creating dynamo_diff-0.1.0/fixtures/captures/grad/report/-_-_-_-
core (ubuntu-latest)	Build wheel and source archive	2026-09-07T16:59:22.4725834Z creating dynamo_diff-0.1.0/fixtures/captures/grad/report/-_0_0_0
core (ubuntu-latest)	Build wheel and source archive	2026-09-07T16:59:22.4726489Z creating dynamo_diff-0.1.0/fixtures/captures/grad/report/-_0_1_0
core (ubuntu-latest)	Build wheel and source archive	2026-09-07T16:59:22.4727133Z creating dynamo_diff-0.1.0/fixtures/captures/grad/sources
core (ubuntu-latest)	Build wheel and source archive	2026-09-07T16:59:22.4727758Z creating dynamo_diff-0.1.0/fixtures/captures/graph_break
core (ubuntu-latest)	Build wheel and source archive	2026-09-07T16:59:22.4728341Z creating dynamo_diff-0.1.0/fixtures/captures/graph_break/raw
core (ubuntu-latest)	Build wheel and source archive	2026-09-07T16:59:22.4728959Z creating dynamo_diff-0.1.0/fixtures/captures/graph_break/report
core (ubuntu-latest)	Build wheel and source archive	2026-09-07T16:59:22.4729625Z creating dynamo_diff-0.1.0/fixtures/captures/graph_break/report/-_-_-_-
core (ubuntu-latest)	Build wheel and source archive	2026-09-07T16:59:22.4730317Z creating dynamo_diff-0.1.0/fixtures/captures/graph_break/report/-_0_0_0
core (ubuntu-latest)	Build wheel and source archive	2026-09-07T16:59:22.4731100Z creating dynamo_diff-0.1.0/fixtures/captures/graph_break/report/-_0_0_1
core (ubuntu-latest)	Build wheel and source archive	2026-09-07T16:59:22.4731831Z creating dynamo_diff-0.1.0/fixtures/captures/graph_break/report/-_1_0_0
core (ubuntu-latest)	Build wheel and source archive	2026-09-07T16:59:22.4732502Z creating dynamo_diff-0.1.0/fixtures/captures/graph_break/sources
core (ubuntu-latest)	Build wheel and source archive	2026-09-07T16:59:22.4733340Z creating dynamo_diff-0.1.0/fixtures/captures/identity
core (ubuntu-latest)	Build wheel and source archive	2026-09-07T16:59:22.4733975Z creating dynamo_diff-0.1.0/fixtures/captures/identity/raw
core (ubuntu-latest)	Build wheel and source archive	2026-09-07T16:59:22.4734573Z creating dynamo_diff-0.1.0/fixtures/captures/identity/report
core (ubuntu-latest)	Build wheel and source archive	2026-09-07T16:59:22.4735282Z creating dynamo_diff-0.1.0/fixtures/captures/identity/report/-_-_-_-
core (ubuntu-latest)	Build wheel and source archive	2026-09-07T16:59:22.4735961Z creating dynamo_diff-0.1.0/fixtures/captures/identity/report/-_0_0_0
core (ubuntu-latest)	Build wheel and source archive	2026-09-07T16:59:22.4736630Z creating dynamo_diff-0.1.0/fixtures/captures/identity/report/-_0_1_0
core (ubuntu-latest)	Build wheel and source archive	2026-09-07T16:59:22.4737391Z creating dynamo_diff-0.1.0/fixtures/captures/identity/report/-_0_2_0
core (ubuntu-latest)	Build wheel and source archive	2026-09-07T16:59:22.4738158Z creating dynamo_diff-0.1.0/fixtures/captures/identity/sources
core (ubuntu-latest)	Build wheel and source archive	2026-09-07T16:59:22.4738847Z creating dynamo_diff-0.1.0/fixtures/captures/identity_partitioned
core (ubuntu-latest)	Build wheel and source archive	2026-09-07T16:59:22.4739591Z creating dynamo_diff-0.1.0/fixtures/captures/identity_partitioned/raw
core (ubuntu-latest)	Build wheel and source archive	2026-09-07T16:59:22.4740270Z creating dynamo_diff-0.1.0/fixtures/captures/identity_partitioned/report
core (ubuntu-latest)	Build wheel and source archive	2026-09-07T16:59:22.4741052Z creating dynamo_diff-0.1.0/fixtures/captures/identity_partitioned/report/-_-_-_-
core (ubuntu-latest)	Build wheel and source archive	2026-09-07T16:59:22.4741814Z creating dynamo_diff-0.1.0/fixtures/captures/identity_partitioned/report/-_0_0_0
core (ubuntu-latest)	Build wheel and source archive	2026-09-07T16:59:22.4742692Z creating dynamo_diff-0.1.0/fixtures/captures/identity_partitioned/report/-_0_1_0
core (ubuntu-latest)	Build wheel and source archive	2026-09-07T16:59:22.4743591Z creating dynamo_diff-0.1.0/fixtures/captures/identity_partitioned/report/-_0_2_0
core (ubuntu-latest)	Build wheel and source archive	2026-09-07T16:59:22.4744297Z creating dynamo_diff-0.1.0/fixtures/captures/identity_partitioned/sources
core (ubuntu-latest)	Build wheel and source archive	2026-09-07T16:59:22.4744967Z creating dynamo_diff-0.1.0/fixtures/captures/limit
core (ubuntu-latest)	Build wheel and source archive	2026-09-07T16:59:22.4745569Z creating dynamo_diff-0.1.0/fixtures/captures/limit/raw
core (ubuntu-latest)	Build wheel and source archive	2026-09-07T16:59:22.4746241Z creating dynamo_diff-0.1.0/fixtures/captures/limit/report
core (ubuntu-latest)	Build wheel and source archive	2026-09-07T16:59:22.4746852Z creating dynamo_diff-0.1.0/fixtures/captures/limit/report/-_-_-_-
core (ubuntu-latest)	Build wheel and source archive	2026-09-07T16:59:22.4747479Z creating dynamo_diff-0.1.0/fixtures/captures/limit/report/-_0_0_0
core (ubuntu-latest)	Build wheel and source archive	2026-09-07T16:59:22.4748151Z creating dynamo_diff-0.1.0/fixtures/captures/limit/report/-_0_1_0
core (ubuntu-latest)	Build wheel and source archive	2026-09-07T16:59:22.4748804Z creating dynamo_diff-0.1.0/fixtures/captures/limit/report/-_0_2_0
core (ubuntu-latest)	Build wheel and source archive	2026-09-07T16:59:22.4749452Z creating dynamo_diff-0.1.0/fixtures/captures/limit/sources
core (ubuntu-latest)	Build wheel and source archive	2026-09-07T16:59:22.4750106Z creating dynamo_diff-0.1.0/fixtures/captures/multiple_guards
core (ubuntu-latest)	Build wheel and source archive	2026-09-07T16:59:22.4750722Z creating dynamo_diff-0.1.0/fixtures/captures/multiple_guards/raw
core (ubuntu-latest)	Build wheel and source archive	2026-09-07T16:59:22.4751400Z creating dynamo_diff-0.1.0/fixtures/captures/multiple_guards/report
core (ubuntu-latest)	Build wheel and source archive	2026-09-07T16:59:22.4751996Z creating dynamo_diff-0.1.0/fixtures/captures/multiple_guards/report/-_-_-_-
core (ubuntu-latest)	Build wheel and source archive	2026-09-07T16:59:22.4752592Z creating dynamo_diff-0.1.0/fixtures/captures/multiple_guards/report/-_0_0_0
core (ubuntu-latest)	Build wheel and source archive	2026-09-07T16:59:22.4761844Z creating dynamo_diff-0.1.0/fixtures/captures/multiple_guards/report/-_0_1_0
core (ubuntu-latest)	Build wheel and source archive	2026-09-07T16:59:22.4762826Z creating dynamo_diff-0.1.0/fixtures/captures/multiple_guards/report/-_0_2_0
core (ubuntu-latest)	Build wheel and source archive	2026-09-07T16:59:22.4763810Z creating dynamo_diff-0.1.0/fixtures/captures/multiple_guards/sources
core (ubuntu-latest)	Build wheel and source archive	2026-09-07T16:59:22.4764492Z creating dynamo_diff-0.1.0/fixtures/captures/no_graph
core (ubuntu-latest)	Build wheel and source archive	2026-09-07T16:59:22.4765096Z creating dynamo_diff-0.1.0/fixtures/captures/no_graph/raw
core (ubuntu-latest)	Build wheel and source archive	2026-09-07T16:59:22.4765762Z creating dynamo_diff-0.1.0/fixtures/captures/no_graph/report
core (ubuntu-latest)	Build wheel and source archive	2026-09-07T16:59:22.4766408Z creating dynamo_diff-0.1.0/fixtures/captures/no_graph/report/-_-_-_-
core (ubuntu-latest)	Build wheel and source archive	2026-09-07T16:59:22.4767071Z creating dynamo_diff-0.1.0/fixtures/captures/no_graph/report/-_0_0_0
core (ubuntu-latest)	Build wheel and source archive	2026-09-07T16:59:22.4767819Z creating dynamo_diff-0.1.0/fixtures/captures/no_graph/sources
core (ubuntu-latest)	Build wheel and source archive	2026-09-07T16:59:22.4768434Z creating dynamo_diff-0.1.0/fixtures/captures/scalar
core (ubuntu-latest)	Build wheel and source archive	2026-09-07T16:59:22.4769127Z creating dynamo_diff-0.1.0/fixtures/captures/scalar/raw
core (ubuntu-latest)	Build wheel and source archive	2026-09-07T16:59:22.4769853Z creating dynamo_diff-0.1.0/fixtures/captures/scalar/report
core (ubuntu-latest)	Build wheel and source archive	2026-09-07T16:59:22.4770477Z creating dynamo_diff-0.1.0/fixtures/captures/scalar/report/-_-_-_-
core (ubuntu-latest)	Build wheel and source archive	2026-09-07T16:59:22.4771190Z creating dynamo_diff-0.1.0/fixtures/captures/scalar/report/-_0_0_0
core (ubuntu-latest)	Build wheel and source archive	2026-09-07T16:59:22.4771869Z creating dynamo_diff-0.1.0/fixtures/captures/scalar/report/-_0_1_0
core (ubuntu-latest)	Build wheel and source archive	2026-09-07T16:59:22.4772498Z creating dynamo_diff-0.1.0/fixtures/captures/scalar/sources
core (ubuntu-latest)	Build wheel and source archive	2026-09-07T16:59:22.4773303Z creating dynamo_diff-0.1.0/fixtures/captures/shape
core (ubuntu-latest)	Build wheel and source archive	2026-09-07T16:59:22.4773946Z creating dynamo_diff-0.1.0/fixtures/captures/shape/raw
core (ubuntu-latest)	Build wheel and source archive	2026-09-07T16:59:22.4774592Z creating dynamo_diff-0.1.0/fixtures/captures/shape/report
core (ubuntu-latest)	Build wheel and source archive	2026-09-07T16:59:22.4775246Z creating dynamo_diff-0.1.0/fixtures/captures/shape/report/-_-_-_-
core (ubuntu-latest)	Build wheel and source archive	2026-09-07T16:59:22.4775894Z creating dynamo_diff-0.1.0/fixtures/captures/shape/report/-_0_0_0
core (ubuntu-latest)	Build wheel and source archive	2026-09-07T16:59:22.4776582Z creating dynamo_diff-0.1.0/fixtures/captures/shape/report/-_0_1_0
core (ubuntu-latest)	Build wheel and source archive	2026-09-07T16:59:22.4777186Z creating dynamo_diff-0.1.0/fixtures/captures/shape/sources
core (ubuntu-latest)	Build wheel and source archive	2026-09-07T16:59:22.4777833Z creating dynamo_diff-0.1.0/fixtures/captures/stable
core (ubuntu-latest)	Build wheel and source archive	2026-09-07T16:59:22.4778382Z creating dynamo_diff-0.1.0/fixtures/captures/stable/raw
core (ubuntu-latest)	Build wheel and source archive	2026-09-07T16:59:22.4779028Z creating dynamo_diff-0.1.0/fixtures/captures/stable/report
core (ubuntu-latest)	Build wheel and source archive	2026-09-07T16:59:22.4779659Z creating dynamo_diff-0.1.0/fixtures/captures/stable/report/-_-_-_-
core (ubuntu-latest)	Build wheel and source archive	2026-09-07T16:59:22.4780291Z creating dynamo_diff-0.1.0/fixtures/captures/stable/report/-_0_0_0
core (ubuntu-latest)	Build wheel and source archive	2026-09-07T16:59:22.4781116Z creating dynamo_diff-0.1.0/fixtures/captures/stable/sources
core (ubuntu-latest)	Build wheel and source archive	2026-09-07T16:59:22.4781737Z creating dynamo_diff-0.1.0/fixtures/workloads
core (ubuntu-latest)	Build wheel and source archive	2026-09-07T16:59:22.4782226Z creating dynamo_diff-0.1.0/src/dynamo_diff
core (ubuntu-latest)	Build wheel and source archive	2026-09-07T16:59:22.4782751Z creating dynamo_diff-0.1.0/src/dynamo_diff.egg-info
core (ubuntu-latest)	Build wheel and source archive	2026-09-07T16:59:22.4783588Z creating dynamo_diff-0.1.0/src/dynamo_diff/adapters
core (ubuntu-latest)	Build wheel and source archive	2026-09-07T16:59:22.4784186Z creating dynamo_diff-0.1.0/tests
core (ubuntu-latest)	Build wheel and source archive	2026-09-07T16:59:22.4784651Z creating dynamo_diff-0.1.0/tools
core (ubuntu-latest)	Build wheel and source archive	2026-09-07T16:59:22.4785129Z copying files to dynamo_diff-0.1.0...
core (ubuntu-latest)	Build wheel and source archive	2026-09-07T16:59:22.4785638Z copying LICENSE -> dynamo_diff-0.1.0
core (ubuntu-latest)	Build wheel and source archive	2026-09-07T16:59:22.4786127Z copying MANIFEST.in -> dynamo_diff-0.1.0
core (ubuntu-latest)	Build wheel and source archive	2026-09-07T16:59:22.4786706Z copying README.md -> dynamo_diff-0.1.0
core (ubuntu-latest)	Build wheel and source archive	2026-09-07T16:59:22.4787215Z copying pyproject.toml -> dynamo_diff-0.1.0
core (ubuntu-latest)	Build wheel and source archive	2026-09-07T16:59:22.4787778Z copying requirements-case-study.lock -> dynamo_diff-0.1.0
core (ubuntu-latest)	Build wheel and source archive	2026-09-07T16:59:22.4788382Z copying requirements-dev.lock -> dynamo_diff-0.1.0
core (ubuntu-latest)	Build wheel and source archive	2026-09-07T16:59:22.4788948Z copying requirements-test.lock -> dynamo_diff-0.1.0
core (ubuntu-latest)	Build wheel and source archive	2026-09-07T16:59:22.4789611Z copying .github/workflows/ci.yml -> dynamo_diff-0.1.0/.github/workflows
core (ubuntu-latest)	Build wheel and source archive	2026-09-07T16:59:22.4790381Z copying artifacts/demo/cli-002/receipt.json -> dynamo_diff-0.1.0/artifacts/demo/cli-002
core (ubuntu-latest)	Build wheel and source archive	2026-09-07T16:59:22.4791174Z copying artifacts/demo/cli-002/transcript.txt -> dynamo_diff-0.1.0/artifacts/demo/cli-002
core (ubuntu-latest)	Build wheel and source archive	2026-09-07T16:59:22.4792004Z copying artifacts/demo/cli-002/walkthrough.cast -> dynamo_diff-0.1.0/artifacts/demo/cli-002
core (ubuntu-latest)	Build wheel and source archive	2026-09-07T16:59:22.4792847Z copying artifacts/demo/cli-003/receipt.json -> dynamo_diff-0.1.0/artifacts/demo/cli-003
core (ubuntu-latest)	Build wheel and source archive	2026-09-07T16:59:22.4793868Z copying artifacts/demo/cli-003/transcript.txt -> dynamo_diff-0.1.0/artifacts/demo/cli-003
core (ubuntu-latest)	Build wheel and source archive	2026-09-07T16:59:22.4794641Z copying artifacts/demo/cli-003/walkthrough.cast -> dynamo_diff-0.1.0/artifacts/demo/cli-003
core (ubuntu-latest)	Build wheel and source archive	2026-09-07T16:59:22.4795441Z copying benchmarks/check_regression.py -> dynamo_diff-0.1.0/benchmarks
core (ubuntu-latest)	Build wheel and source archive	2026-09-07T16:59:22.4796141Z copying benchmarks/conversion_costs.py -> dynamo_diff-0.1.0/benchmarks
core (ubuntu-latest)	Build wheel and source archive	2026-09-07T16:59:22.4796850Z copying benchmarks/import_scaling.py -> dynamo_diff-0.1.0/benchmarks
core (ubuntu-latest)	Build wheel and source archive	2026-09-07T16:59:22.4797668Z copying benchmarks/agent_pilot/ANSWER_REVIEW.md -> dynamo_diff-0.1.0/benchmarks/agent_pilot
core (ubuntu-latest)	Build wheel and source archive	2026-09-07T16:59:22.4798621Z copying benchmarks/agent_pilot/PROTOCOL.md -> dynamo_diff-0.1.0/benchmarks/agent_pilot
core (ubuntu-latest)	Build wheel and source archive	2026-09-07T16:59:22.4799417Z copying benchmarks/agent_pilot/README.md -> dynamo_diff-0.1.0/benchmarks/agent_pilot
core (ubuntu-latest)	Build wheel and source archive	2026-09-07T16:59:22.4800309Z copying benchmarks/agent_pilot/answer-key.json -> dynamo_diff-0.1.0/benchmarks/agent_pilot
core (ubuntu-latest)	Build wheel and source archive	2026-09-07T16:59:22.4801124Z copying benchmarks/agent_pilot/diagnose_formatting.py -> dynamo_diff-0.1.0/benchmarks/agent_pilot
core (ubuntu-latest)	Build wheel and source archive	2026-09-07T16:59:22.4802001Z copying benchmarks/agent_pilot/driver.py.in -> dynamo_diff-0.1.0/benchmarks/agent_pilot
core (ubuntu-latest)	Build wheel and source archive	2026-09-07T16:59:22.4802773Z copying benchmarks/agent_pilot/generate.py -> dynamo_diff-0.1.0/benchmarks/agent_pilot
core (ubuntu-latest)	Build wheel and source archive	2026-09-07T16:59:22.4803761Z copying benchmarks/agent_pilot/preflight.json -> dynamo_diff-0.1.0/benchmarks/agent_pilot
core (ubuntu-latest)	Build wheel and source archive	2026-09-07T16:59:22.4804637Z copying benchmarks/agent_pilot/questions.json -> dynamo_diff-0.1.0/benchmarks/agent_pilot
core (ubuntu-latest)	Build wheel and source archive	2026-09-07T16:59:22.4805393Z copying benchmarks/agent_pilot/run.py -> dynamo_diff-0.1.0/benchmarks/agent_pilot
core (ubuntu-latest)	Build wheel and source archive	2026-09-07T16:59:22.4806181Z copying benchmarks/agent_pilot/score.py -> dynamo_diff-0.1.0/benchmarks/agent_pilot
core (ubuntu-latest)	Build wheel and source archive	2026-09-07T16:59:22.4806965Z copying benchmarks/agent_pilot/test_formatting.py -> dynamo_diff-0.1.0/benchmarks/agent_pilot
core (ubuntu-latest)	Build wheel and source archive	2026-09-07T16:59:22.4807806Z copying benchmarks/agent_pilot/test_harness.py -> dynamo_diff-0.1.0/benchmarks/agent_pilot
core (ubuntu-latest)	Build wheel and source archive	2026-09-07T16:59:22.4808807Z copying benchmarks/agent_pilot/test_scoring.py -> dynamo_diff-0.1.0/benchmarks/agent_pilot
core (ubuntu-latest)	Build wheel and source archive	2026-09-07T16:59:22.4809754Z copying benchmarks/agent_pilot/corpus/implementation-freeze.json -> dynamo_diff-0.1.0/benchmarks/agent_pilot/corpus
core (ubuntu-latest)	Build wheel and source archive	2026-09-07T16:59:22.4810948Z copying benchmarks/agent_pilot/corpus/captures/q01/a/conversion.txt -> dynamo_diff-0.1.0/benchmarks/agent_pilot/corpus/captures/q01/a
core (ubuntu-latest)	Build wheel and source archive	2026-09-07T16:59:22.4812132Z copying benchmarks/agent_pilot/corpus/captures/q01/a/manifest.json -> dynamo_diff-0.1.0/benchmarks/agent_pilot/corpus/captures/q01/a
core (ubuntu-latest)	Build wheel and source archive	2026-09-07T16:59:22.4813454Z copying benchmarks/agent_pilot/corpus/captures/q01/a/stderr.txt -> dynamo_diff-0.1.0/benchmarks/agent_pilot/corpus/captures/q01/a
core (ubuntu-latest)	Build wheel and source archive	2026-09-07T16:59:22.4814607Z copying benchmarks/agent_pilot/corpus/captures/q01/a/stdout.txt -> dynamo_diff-0.1.0/benchmarks/agent_pilot/corpus/captures/q01/a
core (ubuntu-latest)	Build wheel and source archive	2026-09-07T16:59:22.4815696Z copying benchmarks/agent_pilot/corpus/captures/q01/a/workload-result.json -> dynamo_diff-0.1.0/benchmarks/agent_pilot/corpus/captures/q01/a
core (ubuntu-latest)	Build wheel and source archive	2026-09-07T16:59:22.4816871Z copying benchmarks/agent_pilot/corpus/captures/q01/a/raw/trace.log -> dynamo_diff-0.1.0/benchmarks/agent_pilot/corpus/captures/q01/a/raw
core (ubuntu-latest)	Build wheel and source archive	2026-09-07T16:59:22.4818044Z copying benchmarks/agent_pilot/corpus/captures/q01/a/report/chromium_events.json -> dynamo_diff-0.1.0/benchmarks/agent_pilot/corpus/captures/q01/a/report
core (ubuntu-latest)	Build wheel and source archive	2026-09-07T16:59:22.4819374Z copying benchmarks/agent_pilot/corpus/captures/q01/a/report/compile_directory.json -> dynamo_diff-0.1.0/benchmarks/agent_pilot/corpus/captures/q01/a/report
core (ubuntu-latest)	Build wheel and source archive	2026-09-07T16:59:22.4820629Z copying benchmarks/agent_pilot/corpus/captures/q01/a/report/failures_and_restarts.html -> dynamo_diff-0.1.0/benchmarks/agent_pilot/corpus/captures/q01/a/report
core (ubuntu-latest)	Build wheel and source archive	2026-09-07T16:59:22.4821841Z copying benchmarks/agent_pilot/corpus/captures/q01/a/report/index.html -> dynamo_diff-0.1.0/benchmarks/agent_pilot/corpus/captures/q01/a/report
core (ubuntu-latest)	Build wheel and source archive	2026-09-07T16:59:22.4823013Z copying benchmarks/agent_pilot/corpus/captures/q01/a/report/raw.jsonl -> dynamo_diff-0.1.0/benchmarks/agent_pilot/corpus/captures/q01/a/report
core (ubuntu-latest)	Build wheel and source archive	2026-09-07T16:59:22.4824400Z copying benchmarks/agent_pilot/corpus/captures/q01/a/report/raw.log -> dynamo_diff-0.1.0/benchmarks/agent_pilot/corpus/captures/q01/a/report
core (ubuntu-latest)	Build wheel and source archive	2026-09-07T16:59:22.4825715Z copying benchmarks/agent_pilot/corpus/captures/q01/a/report/-_-_-_-/torch_version_0.json -> dynamo_diff-0.1.0/benchmarks/agent_pilot/corpus/captures/q01/a/report/-_-_-_-
core (ubuntu-latest)	Build wheel and source archive	2026-09-07T16:59:22.4827047Z copying benchmarks/agent_pilot/corpus/captures/q01/a/report/-_0_0_0/compilation_metrics_3.html -> dynamo_diff-0.1.0/benchmarks/agent_pilot/corpus/captures/q01/a/report/-_0_0_0
core (ubuntu-latest)	Build wheel and source archive	2026-09-07T16:59:22.4828401Z copying benchmarks/agent_pilot/corpus/captures/q01/a/report/-_0_0_0/dynamo_cpp_guards_str_2.txt -> dynamo_diff-0.1.0/benchmarks/agent_pilot/corpus/captures/q01/a/report/-_0_0_0
core (ubuntu-latest)	Build wheel and source archive	2026-09-07T16:59:22.4829838Z copying benchmarks/agent_pilot/corpus/captures/q01/a/report/-_0_0_0/dynamo_output_graph_1.txt -> dynamo_diff-0.1.0/benchmarks/agent_pilot/corpus/captures/q01/a/report/-_0_0_0
core (ubuntu-latest)	Build wheel and source archive	2026-09-07T16:59:22.4831200Z copying benchmarks/agent_pilot/corpus/captures/q01/a/report/-_0_1_0/compilation_metrics_7.html -> dynamo_diff-0.1.0/benchmarks/agent_pilot/corpus/captures/q01/a/report/-_0_1_0
core (ubuntu-latest)	Build wheel and source archive	2026-09-07T16:59:22.4832599Z copying benchmarks/agent_pilot/corpus/captures/q01/a/report/-_0_1_0/dynamo_cpp_guards_str_6.txt -> dynamo_diff-0.1.0/benchmarks/agent_pilot/corpus/captures/q01/a/report/-_0_1_0
core (ubuntu-latest)	Build wheel and source archive	2026-09-07T16:59:22.4834293Z copying benchmarks/agent_pilot/corpus/captures/q01/a/report/-_0_1_0/dynamo_output_graph_5.txt -> dynamo_diff-0.1.0/benchmarks/agent_pilot/corpus/captures/q01/a/report/-_0_1_0
core (ubuntu-latest)	Build wheel and source archive	2026-09-07T16:59:22.4835647Z copying benchmarks/agent_pilot/corpus/captures/q01/a/report/-_0_1_0/recompile_reasons_4.json -> dynamo_diff-0.1.0/benchmarks/agent_pilot/corpus/captures/q01/a/report/-_0_1_0
core (ubuntu-latest)	Build wheel and source archive	2026-09-07T16:59:22.4836947Z copying benchmarks/agent_pilot/corpus/captures/q01/a/sources/model.py -> dynamo_diff-0.1.0/benchmarks/agent_pilot/corpus/captures/q01/a/sources
core (ubuntu-latest)	Build wheel and source archive	2026-09-07T16:59:22.4838102Z copying benchmarks/agent_pilot/corpus/captures/q02/a/conversion.txt -> dynamo_diff-0.1.0/benchmarks/agent_pilot/corpus/captures/q02/a
core (ubuntu-latest)	Build wheel and source archive	2026-09-07T16:59:22.4839222Z copying benchmarks/agent_pilot/corpus/captures/q02/a/manifest.json -> dynamo_diff-0.1.0/benchmarks/agent_pilot/corpus/captures/q02/a
core (ubuntu-latest)	Build wheel and source archive	2026-09-07T16:59:22.4840389Z copying benchmarks/agent_pilot/corpus/captures/q02/a/stderr.txt -> dynamo_diff-0.1.0/benchmarks/agent_pilot/corpus/captures/q02/a
core (ubuntu-latest)	Build wheel and source archive	2026-09-07T16:59:22.4841491Z copying benchmarks/agent_pilot/corpus/captures/q02/a/stdout.txt -> dynamo_diff-0.1.0/benchmarks/agent_pilot/corpus/captures/q02/a
core (ubuntu-latest)	Build wheel and source archive	2026-09-07T16:59:22.4842589Z copying benchmarks/agent_pilot/corpus/captures/q02/a/workload-result.json -> dynamo_diff-0.1.0/benchmarks/agent_pilot/corpus/captures/q02/a
core (ubuntu-latest)	Build wheel and source archive	2026-09-07T16:59:22.4843970Z copying benchmarks/agent_pilot/corpus/captures/q02/a/raw/trace.log -> dynamo_diff-0.1.0/benchmarks/agent_pilot/corpus/captures/q02/a/raw
core (ubuntu-latest)	Build wheel and source archive	2026-09-07T16:59:22.4845211Z copying benchmarks/agent_pilot/corpus/captures/q02/a/report/chromium_events.json -> dynamo_diff-0.1.0/benchmarks/agent_pilot/corpus/captures/q02/a/report
core (ubuntu-latest)	Build wheel and source archive	2026-09-07T16:59:22.4846447Z copying benchmarks/agent_pilot/corpus/captures/q02/a/report/compile_directory.json -> dynamo_diff-0.1.0/benchmarks/agent_pilot/corpus/captures/q02/a/report
core (ubuntu-latest)	Build wheel and source archive	2026-09-07T16:59:22.4847764Z copying benchmarks/agent_pilot/corpus/captures/q02/a/report/failures_and_restarts.html -> dynamo_diff-0.1.0/benchmarks/agent_pilot/corpus/captures/q02/a/report
core (ubuntu-latest)	Build wheel and source archive	2026-09-07T16:59:22.4848928Z copying benchmarks/agent_pilot/corpus/captures/q02/a/report/index.html -> dynamo_diff-0.1.0/benchmarks/agent_pilot/corpus/captures/q02/a/report
core (ubuntu-latest)	Build wheel and source archive	2026-09-07T16:59:22.4850132Z copying benchmarks/agent_pilot/corpus/captures/q02/a/report/raw.jsonl -> dynamo_diff-0.1.0/benchmarks/agent_pilot/corpus/captures/q02/a/report
core (ubuntu-latest)	Build wheel and source archive	2026-09-07T16:59:22.4851277Z copying benchmarks/agent_pilot/corpus/captures/q02/a/report/raw.log -> dynamo_diff-0.1.0/benchmarks/agent_pilot/corpus/captures/q02/a/report
core (ubuntu-latest)	Build wheel and source archive	2026-09-07T16:59:22.4852510Z copying benchmarks/agent_pilot/corpus/captures/q02/a/report/-_-_-_-/torch_version_0.json -> dynamo_diff-0.1.0/benchmarks/agent_pilot/corpus/captures/q02/a/report/-_-_-_-
core (ubuntu-latest)	Build wheel and source archive	2026-09-07T16:59:22.4854110Z copying benchmarks/agent_pilot/corpus/captures/q02/a/report/-_0_0_0/compilation_metrics_3.html -> dynamo_diff-0.1.0/benchmarks/agent_pilot/corpus/captures/q02/a/report/-_0_0_0
core (ubuntu-latest)	Build wheel and source archive	2026-09-07T16:59:22.4855484Z copying benchmarks/agent_pilot/corpus/captures/q02/a/report/-_0_0_0/dynamo_cpp_guards_str_2.txt -> dynamo_diff-0.1.0/benchmarks/agent_pilot/corpus/captures/q02/a/report/-_0_0_0
core (ubuntu-latest)	Build wheel and source archive	2026-09-07T16:59:22.4856842Z copying benchmarks/agent_pilot/corpus/captures/q02/a/report/-_0_0_0/dynamo_output_graph_1.txt -> dynamo_diff-0.1.0/benchmarks/agent_pilot/corpus/captures/q02/a/report/-_0_0_0
core (ubuntu-latest)	Build wheel and source archive	2026-09-07T16:59:22.4858331Z copying benchmarks/agent_pilot/corpus/captures/q02/a/report/-_0_1_0/compilation_metrics_7.html -> dynamo_diff-0.1.0/benchmarks/agent_pilot/corpus/captures/q02/a/report/-_0_1_0
core (ubuntu-latest)	Build wheel and source archive	2026-09-07T16:59:22.4859652Z copying benchmarks/agent_pilot/corpus/captures/q02/a/report/-_0_1_0/dynamo_cpp_guards_str_6.txt -> dynamo_diff-0.1.0/benchmarks/agent_pilot/corpus/captures/q02/a/report/-_0_1_0
core (ubuntu-latest)	Build wheel and source archive	2026-09-07T16:59:22.4860990Z copying benchmarks/agent_pilot/corpus/captures/q02/a/report/-_0_1_0/dynamo_output_graph_5.txt -> dynamo_diff-0.1.0/benchmarks/agent_pilot/corpus/captures/q02/a/report/-_0_1_0
core (ubuntu-latest)	Build wheel and source archive	2026-09-07T16:59:22.4862317Z copying benchmarks/agent_pilot/corpus/captures/q02/a/report/-_0_1_0/recompile_reasons_4.json -> dynamo_diff-0.1.0/benchmarks/agent_pilot/corpus/captures/q02/a/report/-_0_1_0
core (ubuntu-latest)	Build wheel and source archive	2026-09-07T16:59:22.4863896Z copying benchmarks/agent_pilot/corpus/captures/q02/a/report/-_0_2_0/compilation_metrics_11.html -> dynamo_diff-0.1.0/benchmarks/agent_pilot/corpus/captures/q02/a/report/-_0_2_0
core (ubuntu-latest)	Build wheel and source archive	2026-09-07T16:59:22.4865249Z copying benchmarks/agent_pilot/corpus/captures/q02/a/report/-_0_2_0/dynamo_cpp_guards_str_10.txt -> dynamo_diff-0.1.0/benchmarks/agent_pilot/corpus/captures/q02/a/report/-_0_2_0
core (ubuntu-latest)	Build wheel and source archive	2026-09-07T16:59:22.4866571Z copying benchmarks/agent_pilot/corpus/captures/q02/a/report/-_0_2_0/dynamo_output_graph_9.txt -> dynamo_diff-0.1.0/benchmarks/agent_pilot/corpus/captures/q02/a/report/-_0_2_0
core (ubuntu-latest)	Build wheel and source archive	2026-09-07T16:59:22.4867958Z copying benchmarks/agent_pilot/corpus/captures/q02/a/report/-_0_2_0/recompile_reasons_8.json -> dynamo_diff-0.1.0/benchmarks/agent_pilot/corpus/captures/q02/a/report/-_0_2_0
core (ubuntu-latest)	Build wheel and source archive	2026-09-07T16:59:22.4869362Z copying benchmarks/agent_pilot/corpus/captures/q02/a/sources/model.py -> dynamo_diff-0.1.0/benchmarks/agent_pilot/corpus/captures/q02/a/sources
core (ubuntu-latest)	Build wheel and source archive	2026-09-07T16:59:22.4870523Z copying benchmarks/agent_pilot/corpus/captures/q03/a/conversion.txt -> dynamo_diff-0.1.0/benchmarks/agent_pilot/corpus/captures/q03/a
core (ubuntu-latest)	Build wheel and source archive	2026-09-07T16:59:22.4871619Z copying benchmarks/agent_pilot/corpus/captures/q03/a/manifest.json -> dynamo_diff-0.1.0/benchmarks/agent_pilot/corpus/captures/q03/a
core (ubuntu-latest)	Build wheel and source archive	2026-09-07T16:59:22.4872672Z copying benchmarks/agent_pilot/corpus/captures/q03/a/stderr.txt -> dynamo_diff-0.1.0/benchmarks/agent_pilot/corpus/captures/q03/a
core (ubuntu-latest)	Build wheel and source archive	2026-09-07T16:59:22.4874012Z copying benchmarks/agent_pilot/corpus/captures/q03/a/stdout.txt -> dynamo_diff-0.1.0/benchmarks/agent_pilot/corpus/captures/q03/a
core (ubuntu-latest)	Build wheel and source archive	2026-09-07T16:59:22.4875184Z copying benchmarks/agent_pilot/corpus/captures/q03/a/workload-result.json -> dynamo_diff-0.1.0/benchmarks/agent_pilot/corpus/captures/q03/a
core (ubuntu-latest)	Build wheel and source archive	2026-09-07T16:59:22.4876393Z copying benchmarks/agent_pilot/corpus/captures/q03/a/raw/trace.log -> dynamo_diff-0.1.0/benchmarks/agent_pilot/corpus/captures/q03/a/raw
core (ubuntu-latest)	Build wheel and source archive	2026-09-07T16:59:22.4877585Z copying benchmarks/agent_pilot/corpus/captures/q03/a/report/chromium_events.json -> dynamo_diff-0.1.0/benchmarks/agent_pilot/corpus/captures/q03/a/report
core (ubuntu-latest)	Build wheel and source archive	2026-09-07T16:59:22.4878882Z copying benchmarks/agent_pilot/corpus/captures/q03/a/report/compile_directory.json -> dynamo_diff-0.1.0/benchmarks/agent_pilot/corpus/captures/q03/a/report
core (ubuntu-latest)	Build wheel and source archive	2026-09-07T16:59:22.4880193Z copying benchmarks/agent_pilot/corpus/captures/q03/a/report/failures_and_restarts.html -> dynamo_diff-0.1.0/benchmarks/agent_pilot/corpus/captures/q03/a/report
core (ubuntu-latest)	Build wheel and source archive	2026-09-07T16:59:22.4881384Z copying benchmarks/agent_pilot/corpus/captures/q03/a/report/index.html -> dynamo_diff-0.1.0/benchmarks/agent_pilot/corpus/captures/q03/a/report
core (ubuntu-latest)	Build wheel and source archive	2026-09-07T16:59:22.4882557Z copying benchmarks/agent_pilot/corpus/captures/q03/a/report/raw.jsonl -> dynamo_diff-0.1.0/benchmarks/agent_pilot/corpus/captures/q03/a/report
core (ubuntu-latest)	Build wheel and source archive	2026-09-07T16:59:22.4883968Z copying benchmarks/agent_pilot/corpus/captures/q03/a/report/raw.log -> dynamo_diff-0.1.0/benchmarks/agent_pilot/corpus/captures/q03/a/report
core (ubuntu-latest)	Build wheel and source archive	2026-09-07T16:59:22.4885277Z copying benchmarks/agent_pilot/corpus/captures/q03/a/report/-_-_-_-/torch_version_0.json -> dynamo_diff-0.1.0/benchmarks/agent_pilot/corpus/captures/q03/a/report/-_-_-_-
core (ubuntu-latest)	Build wheel and source archive	2026-09-07T16:59:22.4886699Z copying benchmarks/agent_pilot/corpus/captures/q03/a/report/-_0_0_0/compilation_metrics_3.html -> dynamo_diff-0.1.0/benchmarks/agent_pilot/corpus/captures/q03/a/report/-_0_0_0
core (ubuntu-latest)	Build wheel and source archive	2026-09-07T16:59:22.4888044Z copying benchmarks/agent_pilot/corpus/captures/q03/a/report/-_0_0_0/dynamo_cpp_guards_str_2.txt -> dynamo_diff-0.1.0/benchmarks/agent_pilot/corpus/captures/q03/a/report/-_0_0_0
core (ubuntu-latest)	Build wheel and source archive	2026-09-07T16:59:22.4889421Z copying benchmarks/agent_pilot/corpus/captures/q03/a/report/-_0_0_0/dynamo_output_graph_1.txt -> dynamo_diff-0.1.0/benchmarks/agent_pilot/corpus/captures/q03/a/report/-_0_0_0
core (ubuntu-latest)	Build wheel and source archive	2026-09-07T16:59:22.4890790Z copying benchmarks/agent_pilot/corpus/captures/q03/a/report/-_0_1_0/compilation_metrics_7.html -> dynamo_diff-0.1.0/benchmarks/agent_pilot/corpus/captures/q03/a/report/-_0_1_0
core (ubuntu-latest)	Build wheel and source archive	2026-09-07T16:59:22.4892301Z copying benchmarks/agent_pilot/corpus/captures/q03/a/report/-_0_1_0/dynamo_cpp_guards_str_6.txt -> dynamo_diff-0.1.0/benchmarks/agent_pilot/corpus/captures/q03/a/report/-_0_1_0
core (ubuntu-latest)	Build wheel and source archive	2026-09-07T16:59:22.4893829Z copying benchmarks/agent_pilot/corpus/captures/q03/a/report/-_0_1_0/dynamo_output_graph_5.txt -> dynamo_diff-0.1.0/benchmarks/agent_pilot/corpus/captures/q03/a/report/-_0_1_0
core (ubuntu-latest)	Build wheel and source archive	2026-09-07T16:59:22.4895102Z copying benchmarks/agent_pilot/corpus/captures/q03/a/report/-_0_1_0/recompile_reasons_4.json -> dynamo_diff-0.1.0/benchmarks/agent_pilot/corpus/captures/q03/a/report/-_0_1_0
core (ubuntu-latest)	Build wheel and source archive	2026-09-07T16:59:22.4896514Z copying benchmarks/agent_pilot/corpus/captures/q03/a/report/-_0_2_0/compilation_metrics_11.html -> dynamo_diff-0.1.0/benchmarks/agent_pilot/corpus/captures/q03/a/report/-_0_2_0
core (ubuntu-latest)	Build wheel and source archive	2026-09-07T16:59:22.4898042Z copying benchmarks/agent_pilot/corpus/captures/q03/a/report/-_0_2_0/dynamo_cpp_guards_str_10.txt -> dynamo_diff-0.1.0/benchmarks/agent_pilot/corpus/captures/q03/a/report/-_0_2_0
core (ubuntu-latest)	Build wheel and source archive	2026-09-07T16:59:22.4899381Z copying benchmarks/agent_pilot/corpus/captures/q03/a/report/-_0_2_0/dynamo_output_graph_9.txt -> dynamo_diff-0.1.0/benchmarks/agent_pilot/corpus/captures/q03/a/report/-_0_2_0
core (ubuntu-latest)	Build wheel and source archive	2026-09-07T16:59:22.4900768Z copying benchmarks/agent_pilot/corpus/captures/q03/a/report/-_0_2_0/recompile_reasons_8.json -> dynamo_diff-0.1.0/benchmarks/agent_pilot/corpus/captures/q03/a/report/-_0_2_0
core (ubuntu-latest)	Build wheel and source archive	2026-09-07T16:59:22.4902117Z copying benchmarks/agent_pilot/corpus/captures/q03/a/sources/model.py -> dynamo_diff-0.1.0/benchmarks/agent_pilot/corpus/captures/q03/a/sources
core (ubuntu-latest)	Build wheel and source archive	2026-09-07T16:59:22.4903410Z copying benchmarks/agent_pilot/corpus/captures/q03/b/conversion.txt -> dynamo_diff-0.1.0/benchmarks/agent_pilot/corpus/captures/q03/b
core (ubuntu-latest)	Build wheel and source archive	2026-09-07T16:59:22.4904518Z copying benchmarks/agent_pilot/corpus/captures/q03/b/manifest.json -> dynamo_diff-0.1.0/benchmarks/agent_pilot/corpus/captures/q03/b
core (ubuntu-latest)	Build wheel and source archive	2026-09-07T16:59:22.4905663Z copying benchmarks/agent_pilot/corpus/captures/q03/b/stderr.txt -> dynamo_diff-0.1.0/benchmarks/agent_pilot/corpus/captures/q03/b
core (ubuntu-latest)	Build wheel and source archive	2026-09-07T16:59:22.4906726Z copying benchmarks/agent_pilot/corpus/captures/q03/b/stdout.txt -> dynamo_diff-0.1.0/benchmarks/agent_pilot/corpus/captures/q03/b
core (ubuntu-latest)	Build wheel and source archive	2026-09-07T16:59:22.4907898Z copying benchmarks/agent_pilot/corpus/captures/q03/b/workload-result.json -> dynamo_diff-0.1.0/benchmarks/agent_pilot/corpus/captures/q03/b
core (ubuntu-latest)	Build wheel and source archive	2026-09-07T16:59:22.4909073Z copying benchmarks/agent_pilot/corpus/captures/q03/b/raw/trace.log -> dynamo_diff-0.1.0/benchmarks/agent_pilot/corpus/captures/q03/b/raw
core (ubuntu-latest)	Build wheel and source archive	2026-09-07T16:59:22.4910277Z copying benchmarks/agent_pilot/corpus/captures/q03/b/report/chromium_events.json -> dynamo_diff-0.1.0/benchmarks/agent_pilot/corpus/captures/q03/b/report
core (ubuntu-latest)	Build wheel and source archive	2026-09-07T16:59:22.4911581Z copying benchmarks/agent_pilot/corpus/captures/q03/b/report/compile_directory.json -> dynamo_diff-0.1.0/benchmarks/agent_pilot/corpus/captures/q03/b/report
core (ubuntu-latest)	Build wheel and source archive	2026-09-07T16:59:22.4912952Z copying benchmarks/agent_pilot/corpus/captures/q03/b/report/failures_and_restarts.html -> dynamo_diff-0.1.0/benchmarks/agent_pilot/corpus/captures/q03/b/report
core (ubuntu-latest)	Build wheel and source archive	2026-09-07T16:59:22.4914495Z copying benchmarks/agent_pilot/corpus/captures/q03/b/report/index.html -> dynamo_diff-0.1.0/benchmarks/agent_pilot/corpus/captures/q03/b/report
core (ubuntu-latest)	Build wheel and source archive	2026-09-07T16:59:22.4915777Z copying benchmarks/agent_pilot/corpus/captures/q03/b/report/raw.jsonl -> dynamo_diff-0.1.0/benchmarks/agent_pilot/corpus/captures/q03/b/report
core (ubuntu-latest)	Build wheel and source archive	2026-09-07T16:59:22.4916874Z copying benchmarks/agent_pilot/corpus/captures/q03/b/report/raw.log -> dynamo_diff-0.1.0/benchmarks/agent_pilot/corpus/captures/q03/b/report
core (ubuntu-latest)	Build wheel and source archive	2026-09-07T16:59:22.4918150Z copying benchmarks/agent_pilot/corpus/captures/q03/b/report/-_-_-_-/torch_version_0.json -> dynamo_diff-0.1.0/benchmarks/agent_pilot/corpus/captures/q03/b/report/-_-_-_-
core (ubuntu-latest)	Build wheel and source archive	2026-09-07T16:59:22.4919475Z copying benchmarks/agent_pilot/corpus/captures/q03/b/report/-_0_0_0/compilation_metrics_3.html -> dynamo_diff-0.1.0/benchmarks/agent_pilot/corpus/captures/q03/b/report/-_0_0_0
core (ubuntu-latest)	Build wheel and source archive	2026-09-07T16:59:22.4920827Z copying benchmarks/agent_pilot/corpus/captures/q03/b/report/-_0_0_0/dynamo_cpp_guards_str_2.txt -> dynamo_diff-0.1.0/benchmarks/agent_pilot/corpus/captures/q03/b/report/-_0_0_0
core (ubuntu-latest)	Build wheel and source archive	2026-09-07T16:59:22.4922152Z copying benchmarks/agent_pilot/corpus/captures/q03/b/report/-_0_0_0/dynamo_output_graph_1.txt -> dynamo_diff-0.1.0/benchmarks/agent_pilot/corpus/captures/q03/b/report/-_0_0_0
core (ubuntu-latest)	Build wheel and source archive	2026-09-07T16:59:22.4923617Z copying benchmarks/agent_pilot/corpus/captures/q03/b/sources/model.py -> dynamo_diff-0.1.0/benchmarks/agent_pilot/corpus/captures/q03/b/sources
core (ubuntu-latest)	Build wheel and source archive	2026-09-07T16:59:22.4924773Z copying benchmarks/agent_pilot/corpus/captures/q04/a/conversion.txt -> dynamo_diff-0.1.0/benchmarks/agent_pilot/corpus/captures/q04/a
core (ubuntu-latest)	Build wheel and source archive	2026-09-07T16:59:22.4925954Z copying benchmarks/agent_pilot/corpus/captures/q04/a/manifest.json -> dynamo_diff-0.1.0/benchmarks/agent_pilot/corpus/captures/q04/a
core (ubuntu-latest)	Build wheel and source archive	2026-09-07T16:59:22.4927082Z copying benchmarks/agent_pilot/corpus/captures/q04/a/stderr.txt -> dynamo_diff-0.1.0/benchmarks/agent_pilot/corpus/captures/q04/a
core (ubuntu-latest)	Build wheel and source archive	2026-09-07T16:59:22.4928150Z copying benchmarks/agent_pilot/corpus/captures/q04/a/stdout.txt -> dynamo_diff-0.1.0/benchmarks/agent_pilot/corpus/captures/q04/a
core (ubuntu-latest)	Build wheel and source archive	2026-09-07T16:59:22.4929312Z copying benchmarks/agent_pilot/corpus/captures/q04/a/workload-result.json -> dynamo_diff-0.1.0/benchmarks/agent_pilot/corpus/captures/q04/a
core (ubuntu-latest)	Build wheel and source archive	2026-09-07T16:59:22.4930443Z copying benchmarks/agent_pilot/corpus/captures/q04/a/raw/trace.log -> dynamo_diff-0.1.0/benchmarks/agent_pilot/corpus/captures/q04/a/raw
core (ubuntu-latest)	Build wheel and source archive	2026-09-07T16:59:22.4931602Z copying benchmarks/agent_pilot/corpus/captures/q04/a/report/chromium_events.json -> dynamo_diff-0.1.0/benchmarks/agent_pilot/corpus/captures/q04/a/report
core (ubuntu-latest)	Build wheel and source archive	2026-09-07T16:59:22.4933267Z copying benchmarks/agent_pilot/corpus/captures/q04/a/report/compile_directory.json -> dynamo_diff-0.1.0/benchmarks/agent_pilot/corpus/captures/q04/a/report
core (ubuntu-latest)	Build wheel and source archive	2026-09-07T16:59:22.4934727Z copying benchmarks/agent_pilot/corpus/captures/q04/a/report/failures_and_restarts.html -> dynamo_diff-0.1.0/benchmarks/agent_pilot/corpus/captures/q04/a/report
core (ubuntu-latest)	Build wheel and source archive	2026-09-07T16:59:22.4935990Z copying benchmarks/agent_pilot/corpus/captures/q04/a/report/index.html -> dynamo_diff-0.1.0/benchmarks/agent_pilot/corpus/captures/q04/a/report
core (ubuntu-latest)	Build wheel and source archive	2026-09-07T16:59:22.4937144Z copying benchmarks/agent_pilot/corpus/captures/q04/a/report/raw.jsonl -> dynamo_diff-0.1.0/benchmarks/agent_pilot/corpus/captures/q04/a/report
core (ubuntu-latest)	Build wheel and source archive	2026-09-07T16:59:22.4938420Z copying benchmarks/agent_pilot/corpus/captures/q04/a/report/raw.log -> dynamo_diff-0.1.0/benchmarks/agent_pilot/corpus/captures/q04/a/report
core (ubuntu-latest)	Build wheel and source archive	2026-09-07T16:59:22.4939683Z copying benchmarks/agent_pilot/corpus/captures/q04/a/report/-_-_-_-/torch_version_0.json -> dynamo_diff-0.1.0/benchmarks/agent_pilot/corpus/captures/q04/a/report/-_-_-_-
core (ubuntu-latest)	Build wheel and source archive	2026-09-07T16:59:22.4941044Z copying benchmarks/agent_pilot/corpus/captures/q04/a/report/-_0_0_0/compilation_metrics_3.html -> dynamo_diff-0.1.0/benchmarks/agent_pilot/corpus/captures/q04/a/report/-_0_0_0
core (ubuntu-latest)	Build wheel and source archive	2026-09-07T16:59:22.4942403Z copying benchmarks/agent_pilot/corpus/captures/q04/a/report/-_0_0_0/dynamo_cpp_guards_str_2.txt -> dynamo_diff-0.1.0/benchmarks/agent_pilot/corpus/captures/q04/a/report/-_0_0_0
core (ubuntu-latest)	Build wheel and source archive	2026-09-07T16:59:22.4943891Z copying benchmarks/agent_pilot/corpus/captures/q04/a/report/-_0_0_0/dynamo_output_graph_1.txt -> dynamo_diff-0.1.0/benchmarks/agent_pilot/corpus/captures/q04/a/report/-_0_0_0
core (ubuntu-latest)	Build wheel and source archive	2026-09-07T16:59:22.4945358Z copying benchmarks/agent_pilot/corpus/captures/q04/a/report/-_0_1_0/compilation_metrics_7.html -> dynamo_diff-0.1.0/benchmarks/agent_pilot/corpus/captures/q04/a/report/-_0_1_0
core (ubuntu-latest)	Build wheel and source archive	2026-09-07T16:59:22.4946773Z copying benchmarks/agent_pilot/corpus/captures/q04/a/report/-_0_1_0/dynamo_cpp_guards_str_6.txt -> dynamo_diff-0.1.0/benchmarks/agent_pilot/corpus/captures/q04/a/report/-_0_1_0
core (ubuntu-latest)	Build wheel and source archive	2026-09-07T16:59:22.4948117Z copying benchmarks/agent_pilot/corpus/captures/q04/a/report/-_0_1_0/dynamo_output_graph_5.txt -> dynamo_diff-0.1.0/benchmarks/agent_pilot/corpus/captures/q04/a/report/-_0_1_0
core (ubuntu-latest)	Build wheel and source archive	2026-09-07T16:59:22.4949461Z copying benchmarks/agent_pilot/corpus/captures/q04/a/report/-_0_1_0/recompile_reasons_4.json -> dynamo_diff-0.1.0/benchmarks/agent_pilot/corpus/captures/q04/a/report/-_0_1_0
core (ubuntu-latest)	Build wheel and source archive	2026-09-07T16:59:22.4950711Z copying benchmarks/agent_pilot/corpus/captures/q04/a/sources/model.py -> dynamo_diff-0.1.0/benchmarks/agent_pilot/corpus/captures/q04/a/sources
core (ubuntu-latest)	Build wheel and source archive	2026-09-07T16:59:22.4951926Z copying benchmarks/agent_pilot/corpus/captures/q04/b/conversion.txt -> dynamo_diff-0.1.0/benchmarks/agent_pilot/corpus/captures/q04/b
core (ubuntu-latest)	Build wheel and source archive	2026-09-07T16:59:22.4953088Z copying benchmarks/agent_pilot/corpus/captures/q04/b/manifest.json -> dynamo_diff-0.1.0/benchmarks/agent_pilot/corpus/captures/q04/b
core (ubuntu-latest)	Build wheel and source archive	2026-09-07T16:59:22.4954332Z copying benchmarks/agent_pilot/corpus/captures/q04/b/stderr.txt -> dynamo_diff-0.1.0/benchmarks/agent_pilot/corpus/captures/q04/b
core (ubuntu-latest)	Build wheel and source archive	2026-09-07T16:59:22.4955578Z copying benchmarks/agent_pilot/corpus/captures/q04/b/stdout.txt -> dynamo_diff-0.1.0/benchmarks/agent_pilot/corpus/captures/q04/b
core (ubuntu-latest)	Build wheel and source archive	2026-09-07T16:59:22.4956818Z copying benchmarks/agent_pilot/corpus/captures/q04/b/workload-result.json -> dynamo_diff-0.1.0/benchmarks/agent_pilot/corpus/captures/q04/b
core (ubuntu-latest)	Build wheel and source archive	2026-09-07T16:59:22.4957936Z copying benchmarks/agent_pilot/corpus/captures/q04/b/raw/trace.log -> dynamo_diff-0.1.0/benchmarks/agent_pilot/corpus/captures/q04/b/raw
core (ubuntu-latest)	Build wheel and source archive	2026-09-07T16:59:22.4958915Z copying benchmarks/agent_pilot/corpus/captures/q04/b/report/chromium_events.json -> dynamo_diff-0.1.0/benchmarks/agent_pilot/corpus/captures/q04/b/report
core (ubuntu-latest)	Build wheel and source archive	2026-09-07T16:59:22.4960089Z copying benchmarks/agent_pilot/corpus/captures/q04/b/report/compile_directory.json -> dynamo_diff-0.1.0/benchmarks/agent_pilot/corpus/captures/q04/b/report
core (ubuntu-latest)	Build wheel and source archive	2026-09-07T16:59:22.4961433Z copying benchmarks/agent_pilot/corpus/captures/q04/b/report/failures_and_restarts.html -> dynamo_diff-0.1.0/benchmarks/agent_pilot/corpus/captures/q04/b/report
core (ubuntu-latest)	Build wheel and source archive	2026-09-07T16:59:22.4962680Z copying benchmarks/agent_pilot/corpus/captures/q04/b/report/index.html -> dynamo_diff-0.1.0/benchmarks/agent_pilot/corpus/captures/q04/b/report
core (ubuntu-latest)	Build wheel and source archive	2026-09-07T16:59:22.4964076Z copying benchmarks/agent_pilot/corpus/captures/q04/b/report/raw.jsonl -> dynamo_diff-0.1.0/benchmarks/agent_pilot/corpus/captures/q04/b/report
core (ubuntu-latest)	Build wheel and source archive	2026-09-07T16:59:22.4965209Z copying benchmarks/agent_pilot/corpus/captures/q04/b/report/raw.log -> dynamo_diff-0.1.0/benchmarks/agent_pilot/corpus/captures/q04/b/report
core (ubuntu-latest)	Build wheel and source archive	2026-09-07T16:59:22.4966424Z copying benchmarks/agent_pilot/corpus/captures/q04/b/report/-_-_-_-/torch_version_0.json -> dynamo_diff-0.1.0/benchmarks/agent_pilot/corpus/captures/q04/b/report/-_-_-_-
core (ubuntu-latest)	Build wheel and source archive	2026-09-07T16:59:22.4967847Z copying benchmarks/agent_pilot/corpus/captures/q04/b/report/-_0_0_0/compilation_metrics_3.html -> dynamo_diff-0.1.0/benchmarks/agent_pilot/corpus/captures/q04/b/report/-_0_0_0
core (ubuntu-latest)	Build wheel and source archive	2026-09-07T16:59:22.4969178Z copying benchmarks/agent_pilot/corpus/captures/q04/b/report/-_0_0_0/dynamo_cpp_guards_str_2.txt -> dynamo_diff-0.1.0/benchmarks/agent_pilot/corpus/captures/q04/b/report/-_0_0_0
core (ubuntu-latest)	Build wheel and source archive	2026-09-07T16:59:22.4970486Z copying benchmarks/agent_pilot/corpus/captures/q04/b/report/-_0_0_0/dynamo_output_graph_1.txt -> dynamo_diff-0.1.0/benchmarks/agent_pilot/corpus/captures/q04/b/report/-_0_0_0
core (ubuntu-latest)	Build wheel and source archive	2026-09-07T16:59:22.4971572Z copying benchmarks/agent_pilot/corpus/captures/q04/b/sources/model.py -> dynamo_diff-0.1.0/benchmarks/agent_pilot/corpus/captures/q04/b/sources
core (ubuntu-latest)	Build wheel and source archive	2026-09-07T16:59:22.4972787Z copying benchmarks/agent_pilot/corpus/captures/q05/a/conversion.txt -> dynamo_diff-0.1.0/benchmarks/agent_pilot/corpus/captures/q05/a
core (ubuntu-latest)	Build wheel and source archive	2026-09-07T16:59:22.4974230Z copying benchmarks/agent_pilot/corpus/captures/q05/a/manifest.json -> dynamo_diff-0.1.0/benchmarks/agent_pilot/corpus/captures/q05/a
core (ubuntu-latest)	Build wheel and source archive	2026-09-07T16:59:22.4975409Z copying benchmarks/agent_pilot/corpus/captures/q05/a/stderr.txt -> dynamo_diff-0.1.0/benchmarks/agent_pilot/corpus/captures/q05/a
core (ubuntu-latest)	Build wheel and source archive	2026-09-07T16:59:22.4976632Z copying benchmarks/agent_pilot/corpus/captures/q05/a/stdout.txt -> dynamo_diff-0.1.0/benchmarks/agent_pilot/corpus/captures/q05/a
core (ubuntu-latest)	Build wheel and source archive	2026-09-07T16:59:22.4977816Z copying benchmarks/agent_pilot/corpus/captures/q05/a/workload-result.json -> dynamo_diff-0.1.0/benchmarks/agent_pilot/corpus/captures/q05/a
core (ubuntu-latest)	Build wheel and source archive	2026-09-07T16:59:22.4979033Z copying benchmarks/agent_pilot/corpus/captures/q05/a/raw/trace.log -> dynamo_diff-0.1.0/benchmarks/agent_pilot/corpus/captures/q05/a/raw
core (ubuntu-latest)	Build wheel and source archive	2026-09-07T16:59:22.4980240Z copying benchmarks/agent_pilot/corpus/captures/q05/a/report/chromium_events.json -> dynamo_diff-0.1.0/benchmarks/agent_pilot/corpus/captures/q05/a/report
core (ubuntu-latest)	Build wheel and source archive	2026-09-07T16:59:22.4981533Z copying benchmarks/agent_pilot/corpus/captures/q05/a/report/compile_directory.json -> dynamo_diff-0.1.0/benchmarks/agent_pilot/corpus/captures/q05/a/report
core (ubuntu-latest)	Build wheel and source archive	2026-09-07T16:59:22.4982909Z copying benchmarks/agent_pilot/corpus/captures/q05/a/report/failures_and_restarts.html -> dynamo_diff-0.1.0/benchmarks/agent_pilot/corpus/captures/q05/a/report
core (ubuntu-latest)	Build wheel and source archive	2026-09-07T16:59:22.4984429Z copying benchmarks/agent_pilot/corpus/captures/q05/a/report/index.html -> dynamo_diff-0.1.0/benchmarks/agent_pilot/corpus/captures/q05/a/report
core (ubuntu-latest)	Build wheel and source archive	2026-09-07T16:59:22.4985590Z copying benchmarks/agent_pilot/corpus/captures/q05/a/report/raw.jsonl -> dynamo_diff-0.1.0/benchmarks/agent_pilot/corpus/captures/q05/a/report
core (ubuntu-latest)	Build wheel and source archive	2026-09-07T16:59:22.4986701Z copying benchmarks/agent_pilot/corpus/captures/q05/a/report/raw.log -> dynamo_diff-0.1.0/benchmarks/agent_pilot/corpus/captures/q05/a/report
core (ubuntu-latest)	Build wheel and source archive	2026-09-07T16:59:22.4987916Z copying benchmarks/agent_pilot/corpus/captures/q05/a/report/-_-_-_-/torch_version_0.json -> dynamo_diff-0.1.0/benchmarks/agent_pilot/corpus/captures/q05/a/report/-_-_-_-
core (ubuntu-latest)	Build wheel and source archive	2026-09-07T16:59:22.4989292Z copying benchmarks/agent_pilot/corpus/captures/q05/a/report/-_0_0_0/compilation_metrics_3.html -> dynamo_diff-0.1.0/benchmarks/agent_pilot/corpus/captures/q05/a/report/-_0_0_0
core (ubuntu-latest)	Build wheel and source archive	2026-09-07T16:59:22.4990693Z copying benchmarks/agent_pilot/corpus/captures/q05/a/report/-_0_0_0/dynamo_cpp_guards_str_2.txt -> dynamo_diff-0.1.0/benchmarks/agent_pilot/corpus/captures/q05/a/report/-_0_0_0
core (ubuntu-latest)	Build wheel and source archive	2026-09-07T16:59:22.4992034Z copying benchmarks/agent_pilot/corpus/captures/q05/a/report/-_0_0_0/dynamo_output_graph_1.txt -> dynamo_diff-0.1.0/benchmarks/agent_pilot/corpus/captures/q05/a/report/-_0_0_0
core (ubuntu-latest)	Build wheel and source archive	2026-09-07T16:59:22.4993378Z copying benchmarks/agent_pilot/corpus/captures/q05/a/sources/model.py -> dynamo_diff-0.1.0/benchmarks/agent_pilot/corpus/captures/q05/a/sources
core (ubuntu-latest)	Build wheel and source archive	2026-09-07T16:59:22.4994581Z copying benchmarks/agent_pilot/corpus/captures/q05/b/conversion.txt -> dynamo_diff-0.1.0/benchmarks/agent_pilot/corpus/captures/q05/b
core (ubuntu-latest)	Build wheel and source archive	2026-09-07T16:59:22.4995676Z copying benchmarks/agent_pilot/corpus/captures/q05/b/manifest.json -> dynamo_diff-0.1.0/benchmarks/agent_pilot/corpus/captures/q05/b
core (ubuntu-latest)	Build wheel and source archive	2026-09-07T16:59:22.4996773Z copying benchmarks/agent_pilot/corpus/captures/q05/b/stderr.txt -> dynamo_diff-0.1.0/benchmarks/agent_pilot/corpus/captures/q05/b
core (ubuntu-latest)	Build wheel and source archive	2026-09-07T16:59:22.4997989Z copying benchmarks/agent_pilot/corpus/captures/q05/b/stdout.txt -> dynamo_diff-0.1.0/benchmarks/agent_pilot/corpus/captures/q05/b
core (ubuntu-latest)	Build wheel and source archive	2026-09-07T16:59:22.4999118Z copying benchmarks/agent_pilot/corpus/captures/q05/b/workload-result.json -> dynamo_diff-0.1.0/benchmarks/agent_pilot/corpus/captures/q05/b
core (ubuntu-latest)	Build wheel and source archive	2026-09-07T16:59:22.5000321Z copying benchmarks/agent_pilot/corpus/captures/q05/b/raw/trace.log -> dynamo_diff-0.1.0/benchmarks/agent_pilot/corpus/captures/q05/b/raw
core (ubuntu-latest)	Build wheel and source archive	2026-09-07T16:59:22.5001410Z copying benchmarks/agent_pilot/corpus/captures/q05/b/report/chromium_events.json -> dynamo_diff-0.1.0/benchmarks/agent_pilot/corpus/captures/q05/b/report
core (ubuntu-latest)	Build wheel and source archive	2026-09-07T16:59:22.5002659Z copying benchmarks/agent_pilot/corpus/captures/q05/b/report/compile_directory.json -> dynamo_diff-0.1.0/benchmarks/agent_pilot/corpus/captures/q05/b/report
core (ubuntu-latest)	Build wheel and source archive	2026-09-07T16:59:22.5004229Z copying benchmarks/agent_pilot/corpus/captures/q05/b/report/failures_and_restarts.html -> dynamo_diff-0.1.0/benchmarks/agent_pilot/corpus/captures/q05/b/report
core (ubuntu-latest)	Build wheel and source archive	2026-09-07T16:59:22.5005496Z copying benchmarks/agent_pilot/corpus/captures/q05/b/report/index.html -> dynamo_diff-0.1.0/benchmarks/agent_pilot/corpus/captures/q05/b/report
core (ubuntu-latest)	Build wheel and source archive	2026-09-07T16:59:22.5006690Z copying benchmarks/agent_pilot/corpus/captures/q05/b/report/raw.jsonl -> dynamo_diff-0.1.0/benchmarks/agent_pilot/corpus/captures/q05/b/report
core (ubuntu-latest)	Build wheel and source archive	2026-09-07T16:59:22.5007866Z copying benchmarks/agent_pilot/corpus/captures/q05/b/report/raw.log -> dynamo_diff-0.1.0/benchmarks/agent_pilot/corpus/captures/q05/b/report
core (ubuntu-latest)	Build wheel and source archive	2026-09-07T16:59:22.5009053Z copying benchmarks/agent_pilot/corpus/captures/q05/b/report/-_-_-_-/torch_version_0.json -> dynamo_diff-0.1.0/benchmarks/agent_pilot/corpus/captures/q05/b/report/-_-_-_-
core (ubuntu-latest)	Build wheel and source archive	2026-09-07T16:59:22.5010437Z copying benchmarks/agent_pilot/corpus/captures/q05/b/report/-_0_0_0/compilation_metrics_3.html -> dynamo_diff-0.1.0/benchmarks/agent_pilot/corpus/captures/q05/b/report/-_0_0_0
core (ubuntu-latest)	Build wheel and source archive	2026-09-07T16:59:22.5011635Z copying benchmarks/agent_pilot/corpus/captures/q05/b/report/-_0_0_0/dynamo_error_2.txt -> dynamo_diff-0.1.0/benchmarks/agent_pilot/corpus/captures/q05/b/report/-_0_0_0
core (ubuntu-latest)	Build wheel and source archive	2026-09-07T16:59:22.5013030Z copying benchmarks/agent_pilot/corpus/captures/q05/b/report/-_0_0_0/dynamo_output_graph_1.txt -> dynamo_diff-0.1.0/benchmarks/agent_pilot/corpus/captures/q05/b/report/-_0_0_0
core (ubuntu-latest)	Build wheel and source archive	2026-09-07T16:59:22.5014461Z copying benchmarks/agent_pilot/corpus/captures/q05/b/sources/model.py -> dynamo_diff-0.1.0/benchmarks/agent_pilot/corpus/captures/q05/b/sources
core (ubuntu-latest)	Build wheel and source archive	2026-09-07T16:59:22.5015700Z copying benchmarks/agent_pilot/corpus/captures/q06/a/conversion.txt -> dynamo_diff-0.1.0/benchmarks/agent_pilot/corpus/captures/q06/a
core (ubuntu-latest)	Build wheel and source archive	2026-09-07T16:59:22.5016640Z copying benchmarks/agent_pilot/corpus/captures/q06/a/manifest.json -> dynamo_diff-0.1.0/benchmarks/agent_pilot/corpus/captures/q06/a
core (ubuntu-latest)	Build wheel and source archive	2026-09-07T16:59:22.5017718Z copying benchmarks/agent_pilot/corpus/captures/q06/a/stderr.txt -> dynamo_diff-0.1.0/benchmarks/agent_pilot/corpus/captures/q06/a
core (ubuntu-latest)	Build wheel and source archive	2026-09-07T16:59:22.5018870Z copying benchmarks/agent_pilot/corpus/captures/q06/a/stdout.txt -> dynamo_diff-0.1.0/benchmarks/agent_pilot/corpus/captures/q06/a
core (ubuntu-latest)	Build wheel and source archive	2026-09-07T16:59:22.5019960Z copying benchmarks/agent_pilot/corpus/captures/q06/a/workload-result.json -> dynamo_diff-0.1.0/benchmarks/agent_pilot/corpus/captures/q06/a
core (ubuntu-latest)	Build wheel and source archive	2026-09-07T16:59:22.5021195Z copying benchmarks/agent_pilot/corpus/captures/q06/a/raw/trace.log -> dynamo_diff-0.1.0/benchmarks/agent_pilot/corpus/captures/q06/a/raw
core (ubuntu-latest)	Build wheel and source archive	2026-09-07T16:59:22.5022369Z copying benchmarks/agent_pilot/corpus/captures/q06/a/report/chromium_events.json -> dynamo_diff-0.1.0/benchmarks/agent_pilot/corpus/captures/q06/a/report
core (ubuntu-latest)	Build wheel and source archive	2026-09-07T16:59:22.5023995Z copying benchmarks/agent_pilot/corpus/captures/q06/a/report/compile_directory.json -> dynamo_diff-0.1.0/benchmarks/agent_pilot/corpus/captures/q06/a/report
core (ubuntu-latest)	Build wheel and source archive	2026-09-07T16:59:22.5026052Z copying benchmarks/agent_pilot/corpus/captures/q06/a/report/failures_and_restarts.html -> dynamo_diff-0.1.0/benchmarks/agent_pilot/corpus/captures/q06/a/report
core (ubuntu-latest)	Build wheel and source archive	2026-09-07T16:59:22.5027348Z copying benchmarks/agent_pilot/corpus/captures/q06/a/report/index.html -> dynamo_diff-0.1.0/benchmarks/agent_pilot/corpus/captures/q06/a/report
core (ubuntu-latest)	Build wheel and source archive	2026-09-07T16:59:22.5028490Z copying benchmarks/agent_pilot/corpus/captures/q06/a/report/raw.jsonl -> dynamo_diff-0.1.0/benchmarks/agent_pilot/corpus/captures/q06/a/report
core (ubuntu-latest)	Build wheel and source archive	2026-09-07T16:59:22.5029603Z copying benchmarks/agent_pilot/corpus/captures/q06/a/report/raw.log -> dynamo_diff-0.1.0/benchmarks/agent_pilot/corpus/captures/q06/a/report
core (ubuntu-latest)	Build wheel and source archive	2026-09-07T16:59:22.5030803Z copying benchmarks/agent_pilot/corpus/captures/q06/a/report/-_-_-_-/torch_version_0.json -> dynamo_diff-0.1.0/benchmarks/agent_pilot/corpus/captures/q06/a/report/-_-_-_-
core (ubuntu-latest)	Build wheel and source archive	2026-09-07T16:59:22.5032274Z copying benchmarks/agent_pilot/corpus/captures/q06/a/report/-_0_0_0/compilation_metrics_3.html -> dynamo_diff-0.1.0/benchmarks/agent_pilot/corpus/captures/q06/a/report/-_0_0_0
core (ubuntu-latest)	Build wheel and source archive	2026-09-07T16:59:22.5033885Z copying benchmarks/agent_pilot/corpus/captures/q06/a/report/-_0_0_0/dynamo_cpp_guards_str_2.txt -> dynamo_diff-0.1.0/benchmarks/agent_pilot/corpus/captures/q06/a/report/-_0_0_0
core (ubuntu-latest)	Build wheel and source archive	2026-09-07T16:59:22.5035292Z copying benchmarks/agent_pilot/corpus/captures/q06/a/report/-_0_0_0/dynamo_output_graph_1.txt -> dynamo_diff-0.1.0/benchmarks/agent_pilot/corpus/captures/q06/a/report/-_0_0_0
core (ubuntu-latest)	Build wheel and source archive	2026-09-07T16:59:22.5036603Z copying benchmarks/agent_pilot/corpus/captures/q06/a/report/-_0_1_0/compilation_metrics_7.html -> dynamo_diff-0.1.0/benchmarks/agent_pilot/corpus/captures/q06/a/report/-_0_1_0
core (ubuntu-latest)	Build wheel and source archive	2026-09-07T16:59:22.5038059Z copying benchmarks/agent_pilot/corpus/captures/q06/a/report/-_0_1_0/dynamo_cpp_guards_str_6.txt -> dynamo_diff-0.1.0/benchmarks/agent_pilot/corpus/captures/q06/a/report/-_0_1_0
core (ubuntu-latest)	Build wheel and source archive	2026-09-07T16:59:22.5039368Z copying benchmarks/agent_pilot/corpus/captures/q06/a/report/-_0_1_0/dynamo_output_graph_5.txt -> dynamo_diff-0.1.0/benchmarks/agent_pilot/corpus/captures/q06/a/report/-_0_1_0
core (ubuntu-latest)	Build wheel and source archive	2026-09-07T16:59:22.5040657Z copying benchmarks/agent_pilot/corpus/captures/q06/a/report/-_0_1_0/recompile_reasons_4.json -> dynamo_diff-0.1.0/benchmarks/agent_pilot/corpus/captures/q06/a/report/-_0_1_0
core (ubuntu-latest)	Build wheel and source archive	2026-09-07T16:59:22.5042103Z copying benchmarks/agent_pilot/corpus/captures/q06/a/report/-_0_2_0/compilation_metrics_11.html -> dynamo_diff-0.1.0/benchmarks/agent_pilot/corpus/captures/q06/a/report/-_0_2_0
core (ubuntu-latest)	Build wheel and source archive	2026-09-07T16:59:22.5043720Z copying benchmarks/agent_pilot/corpus/captures/q06/a/report/-_0_2_0/dynamo_cpp_guards_str_10.txt -> dynamo_diff-0.1.0/benchmarks/agent_pilot/corpus/captures/q06/a/report/-_0_2_0
core (ubuntu-latest)	Build wheel and source archive	2026-09-07T16:59:22.5045126Z copying benchmarks/agent_pilot/corpus/captures/q06/a/report/-_0_2_0/dynamo_output_graph_9.txt -> dynamo_diff-0.1.0/benchmarks/agent_pilot/corpus/captures/q06/a/report/-_0_2_0
core (ubuntu-latest)	Build wheel and source archive	2026-09-07T16:59:22.5046474Z copying benchmarks/agent_pilot/corpus/captures/q06/a/report/-_0_2_0/recompile_reasons_8.json -> dynamo_diff-0.1.0/benchmarks/agent_pilot/corpus/captures/q06/a/report/-_0_2_0
core (ubuntu-latest)	Build wheel and source archive	2026-09-07T16:59:22.5047660Z copying benchmarks/agent_pilot/corpus/captures/q06/a/sources/model.py -> dynamo_diff-0.1.0/benchmarks/agent_pilot/corpus/captures/q06/a/sources
core (ubuntu-latest)	Build wheel and source archive	2026-09-07T16:59:22.5048817Z copying benchmarks/agent_pilot/corpus/captures/q06/b/conversion.txt -> dynamo_diff-0.1.0/benchmarks/agent_pilot/corpus/captures/q06/b
core (ubuntu-latest)	Build wheel and source archive	2026-09-07T16:59:22.5049997Z copying benchmarks/agent_pilot/corpus/captures/q06/b/manifest.json -> dynamo_diff-0.1.0/benchmarks/agent_pilot/corpus/captures/q06/b
core (ubuntu-latest)	Build wheel and source archive	2026-09-07T16:59:22.5051107Z copying benchmarks/agent_pilot/corpus/captures/q06/b/stderr.txt -> dynamo_diff-0.1.0/benchmarks/agent_pilot/corpus/captures/q06/b
core (ubuntu-latest)	Build wheel and source archive	2026-09-07T16:59:22.5052169Z copying benchmarks/agent_pilot/corpus/captures/q06/b/stdout.txt -> dynamo_diff-0.1.0/benchmarks/agent_pilot/corpus/captures/q06/b
core (ubuntu-latest)	Build wheel and source archive	2026-09-07T16:59:22.5053494Z copying benchmarks/agent_pilot/corpus/captures/q06/b/workload-result.json -> dynamo_diff-0.1.0/benchmarks/agent_pilot/corpus/captures/q06/b
core (ubuntu-latest)	Build wheel and source archive	2026-09-07T16:59:22.5054732Z copying benchmarks/agent_pilot/corpus/captures/q06/b/raw/trace.log -> dynamo_diff-0.1.0/benchmarks/agent_pilot/corpus/captures/q06/b/raw
core (ubuntu-latest)	Build wheel and source archive	2026-09-07T16:59:22.5055948Z copying benchmarks/agent_pilot/corpus/captures/q06/b/report/chromium_events.json -> dynamo_diff-0.1.0/benchmarks/agent_pilot/corpus/captures/q06/b/report
core (ubuntu-latest)	Build wheel and source archive	2026-09-07T16:59:22.5057216Z copying benchmarks/agent_pilot/corpus/captures/q06/b/report/compile_directory.json -> dynamo_diff-0.1.0/benchmarks/agent_pilot/corpus/captures/q06/b/report
core (ubuntu-latest)	Build wheel and source archive	2026-09-07T16:59:22.5058488Z copying benchmarks/agent_pilot/corpus/captures/q06/b/report/failures_and_restarts.html -> dynamo_diff-0.1.0/benchmarks/agent_pilot/corpus/captures/q06/b/report
core (ubuntu-latest)	Build wheel and source archive	2026-09-07T16:59:22.5059986Z copying benchmarks/agent_pilot/corpus/captures/q06/b/report/index.html -> dynamo_diff-0.1.0/benchmarks/agent_pilot/corpus/captures/q06/b/report
core (ubuntu-latest)	Build wheel and source archive	2026-09-07T16:59:22.5061181Z copying benchmarks/agent_pilot/corpus/captures/q06/b/report/raw.jsonl -> dynamo_diff-0.1.0/benchmarks/agent_pilot/corpus/captures/q06/b/report
core (ubuntu-latest)	Build wheel and source archive	2026-09-07T16:59:22.5062302Z copying benchmarks/agent_pilot/corpus/captures/q06/b/report/raw.log -> dynamo_diff-0.1.0/benchmarks/agent_pilot/corpus/captures/q06/b/report
core (ubuntu-latest)	Build wheel and source archive	2026-09-07T16:59:22.5063713Z copying benchmarks/agent_pilot/corpus/captures/q06/b/report/-_-_-_-/torch_version_0.json -> dynamo_diff-0.1.0/benchmarks/agent_pilot/corpus/captures/q06/b/report/-_-_-_-
core (ubuntu-latest)	Build wheel and source archive	2026-09-07T16:59:22.5065044Z copying benchmarks/agent_pilot/corpus/captures/q06/b/report/-_0_0_0/compilation_metrics_3.html -> dynamo_diff-0.1.0/benchmarks/agent_pilot/corpus/captures/q06/b/report/-_0_0_0
core (ubuntu-latest)	Build wheel and source archive	2026-09-07T16:59:22.5066460Z copying benchmarks/agent_pilot/corpus/captures/q06/b/report/-_0_0_0/dynamo_cpp_guards_str_2.txt -> dynamo_diff-0.1.0/benchmarks/agent_pilot/corpus/captures/q06/b/report/-_0_0_0
core (ubuntu-latest)	Build wheel and source archive	2026-09-07T16:59:22.5067779Z copying benchmarks/agent_pilot/corpus/captures/q06/b/report/-_0_0_0/dynamo_output_graph_1.txt -> dynamo_diff-0.1.0/benchmarks/agent_pilot/corpus/captures/q06/b/report/-_0_0_0
core (ubuntu-latest)	Build wheel and source archive	2026-09-07T16:59:22.5069088Z copying benchmarks/agent_pilot/corpus/captures/q06/b/report/-_0_1_0/compilation_metrics_7.html -> dynamo_diff-0.1.0/benchmarks/agent_pilot/corpus/captures/q06/b/report/-_0_1_0
core (ubuntu-latest)	Build wheel and source archive	2026-09-07T16:59:22.5070567Z copying benchmarks/agent_pilot/corpus/captures/q06/b/report/-_0_1_0/dynamo_cpp_guards_str_6.txt -> dynamo_diff-0.1.0/benchmarks/agent_pilot/corpus/captures/q06/b/report/-_0_1_0
core (ubuntu-latest)	Build wheel and source archive	2026-09-07T16:59:22.5071904Z copying benchmarks/agent_pilot/corpus/captures/q06/b/report/-_0_1_0/dynamo_output_graph_5.txt -> dynamo_diff-0.1.0/benchmarks/agent_pilot/corpus/captures/q06/b/report/-_0_1_0
core (ubuntu-latest)	Build wheel and source archive	2026-09-07T16:59:22.5073420Z copying benchmarks/agent_pilot/corpus/captures/q06/b/report/-_0_1_0/recompile_reasons_4.json -> dynamo_diff-0.1.0/benchmarks/agent_pilot/corpus/captures/q06/b/report/-_0_1_0
core (ubuntu-latest)	Build wheel and source archive	2026-09-07T16:59:22.5074763Z copying benchmarks/agent_pilot/corpus/captures/q06/b/report/-_0_2_0/compilation_metrics_9.html -> dynamo_diff-0.1.0/benchmarks/agent_pilot/corpus/captures/q06/b/report/-_0_2_0
core (ubuntu-latest)	Build wheel and source archive	2026-09-07T16:59:22.5076051Z copying benchmarks/agent_pilot/corpus/captures/q06/b/report/-_0_2_0/recompile_reasons_8.json -> dynamo_diff-0.1.0/benchmarks/agent_pilot/corpus/captures/q06/b/report/-_0_2_0
core (ubuntu-latest)	Build wheel and source archive	2026-09-07T16:59:22.5077364Z copying benchmarks/agent_pilot/corpus/captures/q06/b/sources/model.py -> dynamo_diff-0.1.0/benchmarks/agent_pilot/corpus/captures/q06/b/sources
core (ubuntu-latest)	Build wheel and source archive	2026-09-07T16:59:22.5078507Z copying benchmarks/agent_pilot/corpus/captures/q07/a/conversion.txt -> dynamo_diff-0.1.0/benchmarks/agent_pilot/corpus/captures/q07/a
core (ubuntu-latest)	Build wheel and source archive	2026-09-07T16:59:22.5095038Z copying benchmarks/agent_pilot/corpus/captures/q07/a/manifest.json -> dynamo_diff-0.1.0/benchmarks/agent_pilot/corpus/captures/q07/a
core (ubuntu-latest)	Build wheel and source archive	2026-09-07T16:59:22.5096632Z copying benchmarks/agent_pilot/corpus/captures/q07/a/raw/trace.log -> dynamo_diff-0.1.0/benchmarks/agent_pilot/corpus/captures/q07/a/raw
core (ubuntu-latest)	Build wheel and source archive	2026-09-07T16:59:22.5097844Z copying benchmarks/agent_pilot/corpus/captures/q07/a/report/chromium_events.json -> dynamo_diff-0.1.0/benchmarks/agent_pilot/corpus/captures/q07/a/report
core (ubuntu-latest)	Build wheel and source archive	2026-09-07T16:59:22.5099326Z copying benchmarks/agent_pilot/corpus/captures/q07/a/report/compile_directory.json -> dynamo_diff-0.1.0/benchmarks/agent_pilot/corpus/captures/q07/a/report
core (ubuntu-latest)	Build wheel and source archive	2026-09-07T16:59:22.5100641Z copying benchmarks/agent_pilot/corpus/captures/q07/a/report/failures_and_restarts.html -> dynamo_diff-0.1.0/benchmarks/agent_pilot/corpus/captures/q07/a/report
core (ubuntu-latest)	Build wheel and source archive	2026-09-07T16:59:22.5101912Z copying benchmarks/agent_pilot/corpus/captures/q07/a/report/index.html -> dynamo_diff-0.1.0/benchmarks/agent_pilot/corpus/captures/q07/a/report
core (ubuntu-latest)	Build wheel and source archive	2026-09-07T16:59:22.5103261Z copying benchmarks/agent_pilot/corpus/captures/q07/a/report/raw.jsonl -> dynamo_diff-0.1.0/benchmarks/agent_pilot/corpus/captures/q07/a/report
core (ubuntu-latest)	Build wheel and source archive	2026-09-07T16:59:22.5104610Z copying benchmarks/agent_pilot/corpus/captures/q07/a/report/raw.log -> dynamo_diff-0.1.0/benchmarks/agent_pilot/corpus/captures/q07/a/report
core (ubuntu-latest)	Build wheel and source archive	2026-09-07T16:59:22.5105891Z copying benchmarks/agent_pilot/corpus/captures/q07/a/report/-_-_-_-/torch_version_0.json -> dynamo_diff-0.1.0/benchmarks/agent_pilot/corpus/captures/q07/a/report/-_-_-_-
core (ubuntu-latest)	Build wheel and source archive	2026-09-07T16:59:22.5107254Z copying benchmarks/agent_pilot/corpus/captures/q07/a/report/-_0_0_0/compilation_metrics_3.html -> dynamo_diff-0.1.0/benchmarks/agent_pilot/corpus/captures/q07/a/report/-_0_0_0
core (ubuntu-latest)	Build wheel and source archive	2026-09-07T16:59:22.5108619Z copying benchmarks/agent_pilot/corpus/captures/q07/a/report/-_0_0_0/dynamo_cpp_guards_str_2.txt -> dynamo_diff-0.1.0/benchmarks/agent_pilot/corpus/captures/q07/a/report/-_0_0_0
core (ubuntu-latest)	Build wheel and source archive	2026-09-07T16:59:22.5109964Z copying benchmarks/agent_pilot/corpus/captures/q07/a/report/-_0_0_0/dynamo_output_graph_1.txt -> dynamo_diff-0.1.0/benchmarks/agent_pilot/corpus/captures/q07/a/report/-_0_0_0
core (ubuntu-latest)	Build wheel and source archive	2026-09-07T16:59:22.5111276Z copying benchmarks/agent_pilot/corpus/captures/q07/a/sources/model.py -> dynamo_diff-0.1.0/benchmarks/agent_pilot/corpus/captures/q07/a/sources
core (ubuntu-latest)	Build wheel and source archive	2026-09-07T16:59:22.5112453Z copying benchmarks/agent_pilot/corpus/captures/q08/a/conversion.txt -> dynamo_diff-0.1.0/benchmarks/agent_pilot/corpus/captures/q08/a
core (ubuntu-latest)	Build wheel and source archive	2026-09-07T16:59:22.5113761Z copying benchmarks/agent_pilot/corpus/captures/q08/a/manifest.json -> dynamo_diff-0.1.0/benchmarks/agent_pilot/corpus/captures/q08/a
core (ubuntu-latest)	Build wheel and source archive	2026-09-07T16:59:22.5114943Z copying benchmarks/agent_pilot/corpus/captures/q08/a/stderr.txt -> dynamo_diff-0.1.0/benchmarks/agent_pilot/corpus/captures/q08/a
core (ubuntu-latest)	Build wheel and source archive	2026-09-07T16:59:22.5116077Z copying benchmarks/agent_pilot/corpus/captures/q08/a/stdout.txt -> dynamo_diff-0.1.0/benchmarks/agent_pilot/corpus/captures/q08/a
core (ubuntu-latest)	Build wheel and source archive	2026-09-07T16:59:22.5117293Z copying benchmarks/agent_pilot/corpus/captures/q08/a/workload-result.json -> dynamo_diff-0.1.0/benchmarks/agent_pilot/corpus/captures/q08/a
core (ubuntu-latest)	Build wheel and source archive	2026-09-07T16:59:22.5118451Z copying benchmarks/agent_pilot/corpus/captures/q08/a/raw/trace.log -> dynamo_diff-0.1.0/benchmarks/agent_pilot/corpus/captures/q08/a/raw
core (ubuntu-latest)	Build wheel and source archive	2026-09-07T16:59:22.5119644Z copying benchmarks/agent_pilot/corpus/captures/q08/a/report/chromium_events.json -> dynamo_diff-0.1.0/benchmarks/agent_pilot/corpus/captures/q08/a/report
core (ubuntu-latest)	Build wheel and source archive	2026-09-07T16:59:22.5120941Z copying benchmarks/agent_pilot/corpus/captures/q08/a/report/compile_directory.json -> dynamo_diff-0.1.0/benchmarks/agent_pilot/corpus/captures/q08/a/report
core (ubuntu-latest)	Build wheel and source archive	2026-09-07T16:59:22.5122262Z copying benchmarks/agent_pilot/corpus/captures/q08/a/report/failures_and_restarts.html -> dynamo_diff-0.1.0/benchmarks/agent_pilot/corpus/captures/q08/a/report
core (ubuntu-latest)	Build wheel and source archive	2026-09-07T16:59:22.5123673Z copying benchmarks/agent_pilot/corpus/captures/q08/a/report/index.html -> dynamo_diff-0.1.0/benchmarks/agent_pilot/corpus/captures/q08/a/report
core (ubuntu-latest)	Build wheel and source archive	2026-09-07T16:59:22.5124852Z copying benchmarks/agent_pilot/corpus/captures/q08/a/report/raw.jsonl -> dynamo_diff-0.1.0/benchmarks/agent_pilot/corpus/captures/q08/a/report
core (ubuntu-latest)	Build wheel and source archive	2026-09-07T16:59:22.5125996Z copying benchmarks/agent_pilot/corpus/captures/q08/a/report/raw.log -> dynamo_diff-0.1.0/benchmarks/agent_pilot/corpus/captures/q08/a/report
core (ubuntu-latest)	Build wheel and source archive	2026-09-07T16:59:22.5127279Z copying benchmarks/agent_pilot/corpus/captures/q08/a/report/-_-_-_-/torch_version_0.json -> dynamo_diff-0.1.0/benchmarks/agent_pilot/corpus/captures/q08/a/report/-_-_-_-
core (ubuntu-latest)	Build wheel and source archive	2026-09-07T16:59:22.5128604Z copying benchmarks/agent_pilot/corpus/captures/q08/a/report/-_0_0_0/dynamo_graph_break_reason_1.txt -> dynamo_diff-0.1.0/benchmarks/agent_pilot/corpus/captures/q08/a/report/-_0_0_0
core (ubuntu-latest)	Build wheel and source archive	2026-09-07T16:59:22.5129984Z copying benchmarks/agent_pilot/corpus/captures/q08/a/report/-_0_0_1/compilation_metrics_4.html -> dynamo_diff-0.1.0/benchmarks/agent_pilot/corpus/captures/q08/a/report/-_0_0_1
core (ubuntu-latest)	Build wheel and source archive	2026-09-07T16:59:22.5131389Z copying benchmarks/agent_pilot/corpus/captures/q08/a/report/-_0_0_1/dynamo_cpp_guards_str_3.txt -> dynamo_diff-0.1.0/benchmarks/agent_pilot/corpus/captures/q08/a/report/-_0_0_1
core (ubuntu-latest)	Build wheel and source archive	2026-09-07T16:59:22.5132879Z copying benchmarks/agent_pilot/corpus/captures/q08/a/report/-_0_0_1/dynamo_output_graph_2.txt -> dynamo_diff-0.1.0/benchmarks/agent_pilot/corpus/captures/q08/a/report/-_0_0_1
core (ubuntu-latest)	Build wheel and source archive	2026-09-07T16:59:22.5134588Z copying benchmarks/agent_pilot/corpus/captures/q08/a/report/-_1_0_0/compilation_metrics_9.html -> dynamo_diff-0.1.0/benchmarks/agent_pilot/corpus/captures/q08/a/report/-_1_0_0
core (ubuntu-latest)	Build wheel and source archive	2026-09-07T16:59:22.5135920Z copying benchmarks/agent_pilot/corpus/captures/q08/a/report/-_1_0_0/dynamo_cpp_guards_str_8.txt -> dynamo_diff-0.1.0/benchmarks/agent_pilot/corpus/captures/q08/a/report/-_1_0_0
core (ubuntu-latest)	Build wheel and source archive	2026-09-07T16:59:22.5137394Z copying benchmarks/agent_pilot/corpus/captures/q08/a/report/-_1_0_0/dynamo_output_graph_6.txt -> dynamo_diff-0.1.0/benchmarks/agent_pilot/corpus/captures/q08/a/report/-_1_0_0
core (ubuntu-latest)	Build wheel and source archive	2026-09-07T16:59:22.5138881Z copying benchmarks/agent_pilot/corpus/captures/q08/a/report/-_1_0_0/torch_dynamo_resume_in_f_at_9_MODIFIED_BYTECODE_7.txt -> dynamo_diff-0.1.0/benchmarks/agent_pilot/corpus/captures/q08/a/report/-_1_0_0
core (ubuntu-latest)	Build wheel and source archive	2026-09-07T16:59:22.5140360Z copying benchmarks/agent_pilot/corpus/captures/q08/a/report/-_1_0_0/torch_dynamo_resume_in_f_at_9_ORIGINAL_BYTECODE_5.txt -> dynamo_diff-0.1.0/benchmarks/agent_pilot/corpus/captures/q08/a/report/-_1_0_0
core (ubuntu-latest)	Build wheel and source archive	2026-09-07T16:59:22.5141783Z copying benchmarks/agent_pilot/corpus/captures/q08/a/sources/model.py -> dynamo_diff-0.1.0/benchmarks/agent_pilot/corpus/captures/q08/a/sources
core (ubuntu-latest)	Build wheel and source archive	2026-09-07T16:59:22.5142949Z copying benchmarks/agent_pilot/corpus/captures/q09/a/conversion.txt -> dynamo_diff-0.1.0/benchmarks/agent_pilot/corpus/captures/q09/a
core (ubuntu-latest)	Build wheel and source archive	2026-09-07T16:59:22.5144497Z copying benchmarks/agent_pilot/corpus/captures/q09/a/manifest.json -> dynamo_diff-0.1.0/benchmarks/agent_pilot/corpus/captures/q09/a
core (ubuntu-latest)	Build wheel and source archive	2026-09-07T16:59:22.5145559Z copying benchmarks/agent_pilot/corpus/captures/q09/a/stderr.txt -> dynamo_diff-0.1.0/benchmarks/agent_pilot/corpus/captures/q09/a
core (ubuntu-latest)	Build wheel and source archive	2026-09-07T16:59:22.5146592Z copying benchmarks/agent_pilot/corpus/captures/q09/a/stdout.txt -> dynamo_diff-0.1.0/benchmarks/agent_pilot/corpus/captures/q09/a
core (ubuntu-latest)	Build wheel and source archive	2026-09-07T16:59:22.5147788Z copying benchmarks/agent_pilot/corpus/captures/q09/a/workload-result.json -> dynamo_diff-0.1.0/benchmarks/agent_pilot/corpus/captures/q09/a
core (ubuntu-latest)	Build wheel and source archive	2026-09-07T16:59:22.5148974Z copying benchmarks/agent_pilot/corpus/captures/q09/a/raw/trace.log -> dynamo_diff-0.1.0/benchmarks/agent_pilot/corpus/captures/q09/a/raw
core (ubuntu-latest)	Build wheel and source archive	2026-09-07T16:59:22.5150174Z copying benchmarks/agent_pilot/corpus/captures/q09/a/report/chromium_events.json -> dynamo_diff-0.1.0/benchmarks/agent_pilot/corpus/captures/q09/a/report
core (ubuntu-latest)	Build wheel and source archive	2026-09-07T16:59:22.5151409Z copying benchmarks/agent_pilot/corpus/captures/q09/a/report/compile_directory.json -> dynamo_diff-0.1.0/benchmarks/agent_pilot/corpus/captures/q09/a/report
core (ubuntu-latest)	Build wheel and source archive	2026-09-07T16:59:22.5152687Z copying benchmarks/agent_pilot/corpus/captures/q09/a/report/failures_and_restarts.html -> dynamo_diff-0.1.0/benchmarks/agent_pilot/corpus/captures/q09/a/report
core (ubuntu-latest)	Build wheel and source archive	2026-09-07T16:59:22.5154203Z copying benchmarks/agent_pilot/corpus/captures/q09/a/report/index.html -> dynamo_diff-0.1.0/benchmarks/agent_pilot/corpus/captures/q09/a/report
core (ubuntu-latest)	Build wheel and source archive	2026-09-07T16:59:22.5155331Z copying benchmarks/agent_pilot/corpus/captures/q09/a/report/raw.jsonl -> dynamo_diff-0.1.0/benchmarks/agent_pilot/corpus/captures/q09/a/report
core (ubuntu-latest)	Build wheel and source archive	2026-09-07T16:59:22.5156523Z copying benchmarks/agent_pilot/corpus/captures/q09/a/report/raw.log -> dynamo_diff-0.1.0/benchmarks/agent_pilot/corpus/captures/q09/a/report
core (ubuntu-latest)	Build wheel and source archive	2026-09-07T16:59:22.5157733Z copying benchmarks/agent_pilot/corpus/captures/q09/a/report/-_-_-_-/torch_version_0.json -> dynamo_diff-0.1.0/benchmarks/agent_pilot/corpus/captures/q09/a/report/-_-_-_-
core (ubuntu-latest)	Build wheel and source archive	2026-09-07T16:59:22.5159102Z copying benchmarks/agent_pilot/corpus/captures/q09/a/report/-_0_0_0/compilation_metrics_3.html -> dynamo_diff-0.1.0/benchmarks/agent_pilot/corpus/captures/q09/a/report/-_0_0_0
core (ubuntu-latest)	Build wheel and source archive	2026-09-07T16:59:22.5160474Z copying benchmarks/agent_pilot/corpus/captures/q09/a/report/-_0_0_0/dynamo_cpp_guards_str_2.txt -> dynamo_diff-0.1.0/benchmarks/agent_pilot/corpus/captures/q09/a/report/-_0_0_0
core (ubuntu-latest)	Build wheel and source archive	2026-09-07T16:59:22.5161903Z copying benchmarks/agent_pilot/corpus/captures/q09/a/report/-_0_0_0/dynamo_output_graph_1.txt -> dynamo_diff-0.1.0/benchmarks/agent_pilot/corpus/captures/q09/a/report/-_0_0_0
core (ubuntu-latest)	Build wheel and source archive	2026-09-07T16:59:22.5163543Z copying benchmarks/agent_pilot/corpus/captures/q09/a/report/-_0_1_0/compilation_metrics_6.html -> dynamo_diff-0.1.0/benchmarks/agent_pilot/corpus/captures/q09/a/report/-_0_1_0
core (ubuntu-latest)	Build wheel and source archive	2026-09-07T16:59:22.5164879Z copying benchmarks/agent_pilot/corpus/captures/q09/a/report/-_0_1_0/dynamo_cpp_guards_str_5.txt -> dynamo_diff-0.1.0/benchmarks/agent_pilot/corpus/captures/q09/a/report/-_0_1_0
core (ubuntu-latest)	Build wheel and source archive	2026-09-07T16:59:22.5166287Z copying benchmarks/agent_pilot/corpus/captures/q09/a/report/-_0_1_0/dynamo_output_graph_4.txt -> dynamo_diff-0.1.0/benchmarks/agent_pilot/corpus/captures/q09/a/report/-_0_1_0
core (ubuntu-latest)	Build wheel and source archive	2026-09-07T16:59:22.5167663Z copying benchmarks/agent_pilot/corpus/captures/q09/a/report/-_0_2_0/compilation_metrics_9.html -> dynamo_diff-0.1.0/benchmarks/agent_pilot/corpus/captures/q09/a/report/-_0_2_0
core (ubuntu-latest)	Build wheel and source archive	2026-09-07T16:59:22.5169040Z copying benchmarks/agent_pilot/corpus/captures/q09/a/report/-_0_2_0/dynamo_cpp_guards_str_8.txt -> dynamo_diff-0.1.0/benchmarks/agent_pilot/corpus/captures/q09/a/report/-_0_2_0
core (ubuntu-latest)	Build wheel and source archive	2026-09-07T16:59:22.5170418Z copying benchmarks/agent_pilot/corpus/captures/q09/a/report/-_0_2_0/dynamo_output_graph_7.txt -> dynamo_diff-0.1.0/benchmarks/agent_pilot/corpus/captures/q09/a/report/-_0_2_0
core (ubuntu-latest)	Build wheel and source archive	2026-09-07T16:59:22.5171724Z copying benchmarks/agent_pilot/corpus/captures/q09/a/sources/model.py -> dynamo_diff-0.1.0/benchmarks/agent_pilot/corpus/captures/q09/a/sources
core (ubuntu-latest)	Build wheel and source archive	2026-09-07T16:59:22.5173013Z copying benchmarks/agent_pilot/corpus/captures/q10/a/conversion.txt -> dynamo_diff-0.1.0/benchmarks/agent_pilot/corpus/captures/q10/a
core (ubuntu-latest)	Build wheel and source archive	2026-09-07T16:59:22.5174349Z copying benchmarks/agent_pilot/corpus/captures/q10/a/manifest.json -> dynamo_diff-0.1.0/benchmarks/agent_pilot/corpus/captures/q10/a
core (ubuntu-latest)	Build wheel and source archive	2026-09-07T16:59:22.5175408Z copying benchmarks/agent_pilot/corpus/captures/q10/a/stderr.txt -> dynamo_diff-0.1.0/benchmarks/agent_pilot/corpus/captures/q10/a
core (ubuntu-latest)	Build wheel and source archive	2026-09-07T16:59:22.5176532Z copying benchmarks/agent_pilot/corpus/captures/q10/a/stdout.txt -> dynamo_diff-0.1.0/benchmarks/agent_pilot/corpus/captures/q10/a
core (ubuntu-latest)	Build wheel and source archive	2026-09-07T16:59:22.5177612Z copying benchmarks/agent_pilot/corpus/captures/q10/a/workload-result.json -> dynamo_diff-0.1.0/benchmarks/agent_pilot/corpus/captures/q10/a
core (ubuntu-latest)	Build wheel and source archive	2026-09-07T16:59:22.5178824Z copying benchmarks/agent_pilot/corpus/captures/q10/a/raw/trace.log -> dynamo_diff-0.1.0/benchmarks/agent_pilot/corpus/captures/q10/a/raw
core (ubuntu-latest)	Build wheel and source archive	2026-09-07T16:59:22.5180093Z copying benchmarks/agent_pilot/corpus/captures/q10/a/report/chromium_events.json -> dynamo_diff-0.1.0/benchmarks/agent_pilot/corpus/captures/q10/a/report
core (ubuntu-latest)	Build wheel and source archive	2026-09-07T16:59:22.5181390Z copying benchmarks/agent_pilot/corpus/captures/q10/a/report/compile_directory.json -> dynamo_diff-0.1.0/benchmarks/agent_pilot/corpus/captures/q10/a/report
core (ubuntu-latest)	Build wheel and source archive	2026-09-07T16:59:22.5182741Z copying benchmarks/agent_pilot/corpus/captures/q10/a/report/failures_and_restarts.html -> dynamo_diff-0.1.0/benchmarks/agent_pilot/corpus/captures/q10/a/report
core (ubuntu-latest)	Build wheel and source archive	2026-09-07T16:59:22.5184091Z copying benchmarks/agent_pilot/corpus/captures/q10/a/report/index.html -> dynamo_diff-0.1.0/benchmarks/agent_pilot/corpus/captures/q10/a/report
core (ubuntu-latest)	Build wheel and source archive	2026-09-07T16:59:22.5185358Z copying benchmarks/agent_pilot/corpus/captures/q10/a/report/raw.jsonl -> dynamo_diff-0.1.0/benchmarks/agent_pilot/corpus/captures/q10/a/report
core (ubuntu-latest)	Build wheel and source archive	2026-09-07T16:59:22.5186488Z copying benchmarks/agent_pilot/corpus/captures/q10/a/report/raw.log -> dynamo_diff-0.1.0/benchmarks/agent_pilot/corpus/captures/q10/a/report
core (ubuntu-latest)	Build wheel and source archive	2026-09-07T16:59:22.5187719Z copying benchmarks/agent_pilot/corpus/captures/q10/a/report/-_-_-_-/torch_version_0.json -> dynamo_diff-0.1.0/benchmarks/agent_pilot/corpus/captures/q10/a/report/-_-_-_-
core (ubuntu-latest)	Build wheel and source archive	2026-09-07T16:59:22.5188984Z copying benchmarks/agent_pilot/corpus/captures/q10/a/report/-_0_0_0/compilation_metrics_3.html -> dynamo_diff-0.1.0/benchmarks/agent_pilot/corpus/captures/q10/a/report/-_0_0_0
core (ubuntu-latest)	Build wheel and source archive	2026-09-07T16:59:22.5190368Z copying benchmarks/agent_pilot/corpus/captures/q10/a/report/-_0_0_0/dynamo_cpp_guards_str_2.txt -> dynamo_diff-0.1.0/benchmarks/agent_pilot/corpus/captures/q10/a/report/-_0_0_0
core (ubuntu-latest)	Build wheel and source archive	2026-09-07T16:59:22.5191762Z copying benchmarks/agent_pilot/corpus/captures/q10/a/report/-_0_0_0/dynamo_output_graph_1.txt -> dynamo_diff-0.1.0/benchmarks/agent_pilot/corpus/captures/q10/a/report/-_0_0_0
core (ubuntu-latest)	Build wheel and source archive	2026-09-07T16:59:22.5193253Z copying benchmarks/agent_pilot/corpus/captures/q10/a/report/-_0_1_0/compilation_metrics_7.html -> dynamo_diff-0.1.0/benchmarks/agent_pilot/corpus/captures/q10/a/report/-_0_1_0
core (ubuntu-latest)	Build wheel and source archive	2026-09-07T16:59:22.5194683Z copying benchmarks/agent_pilot/corpus/captures/q10/a/report/-_0_1_0/dynamo_cpp_guards_str_6.txt -> dynamo_diff-0.1.0/benchmarks/agent_pilot/corpus/captures/q10/a/report/-_0_1_0
core (ubuntu-latest)	Build wheel and source archive	2026-09-07T16:59:22.5195995Z copying benchmarks/agent_pilot/corpus/captures/q10/a/report/-_0_1_0/dynamo_output_graph_5.txt -> dynamo_diff-0.1.0/benchmarks/agent_pilot/corpus/captures/q10/a/report/-_0_1_0
core (ubuntu-latest)	Build wheel and source archive	2026-09-07T16:59:22.5199286Z copying benchmarks/agent_pilot/corpus/captures/q10/a/report/-_0_1_0/recompile_reasons_4.json -> dynamo_diff-0.1.0/benchmarks/agent_pilot/corpus/captures/q10/a/report/-_0_1_0
core (ubuntu-latest)	Build wheel and source archive	2026-09-07T16:59:22.5200743Z copying benchmarks/agent_pilot/corpus/captures/q10/a/report/-_0_2_0/compilation_metrics_11.html -> dynamo_diff-0.1.0/benchmarks/agent_pilot/corpus/captures/q10/a/report/-_0_2_0
core (ubuntu-latest)	Build wheel and source archive	2026-09-07T16:59:22.5202108Z copying benchmarks/agent_pilot/corpus/captures/q10/a/report/-_0_2_0/dynamo_cpp_guards_str_10.txt -> dynamo_diff-0.1.0/benchmarks/agent_pilot/corpus/captures/q10/a/report/-_0_2_0
core (ubuntu-latest)	Build wheel and source archive	2026-09-07T16:59:22.5203719Z copying benchmarks/agent_pilot/corpus/captures/q10/a/report/-_0_2_0/dynamo_output_graph_9.txt -> dynamo_diff-0.1.0/benchmarks/agent_pilot/corpus/captures/q10/a/report/-_0_2_0
core (ubuntu-latest)	Build wheel and source archive	2026-09-07T16:59:22.5205082Z copying benchmarks/agent_pilot/corpus/captures/q10/a/report/-_0_2_0/recompile_reasons_8.json -> dynamo_diff-0.1.0/benchmarks/agent_pilot/corpus/captures/q10/a/report/-_0_2_0
core (ubuntu-latest)	Build wheel and source archive	2026-09-07T16:59:22.5206420Z copying benchmarks/agent_pilot/corpus/captures/q10/a/sources/model.py -> dynamo_diff-0.1.0/benchmarks/agent_pilot/corpus/captures/q10/a/sources
core (ubuntu-latest)	Build wheel and source archive	2026-09-07T16:59:22.5207537Z copying benchmarks/agent_pilot/corpus/curator/q07/full-trace.log -> dynamo_diff-0.1.0/benchmarks/agent_pilot/corpus/curator/q07
core (ubuntu-latest)	Build wheel and source archive	2026-09-07T16:59:22.5208615Z copying benchmarks/agent_pilot/corpus/curator/q07/workload-result.json -> dynamo_diff-0.1.0/benchmarks/agent_pilot/corpus/curator/q07
core (ubuntu-latest)	Build wheel and source archive	2026-09-07T16:59:22.5209771Z copying benchmarks/agent_pilot/runs/run-001/activity-notes.jsonl -> dynamo_diff-0.1.0/benchmarks/agent_pilot/runs/run-001
core (ubuntu-latest)	Build wheel and source archive	2026-09-07T16:59:22.5210815Z copying benchmarks/agent_pilot/runs/run-001/current.json -> dynamo_diff-0.1.0/benchmarks/agent_pilot/runs/run-001
core (ubuntu-latest)	Build wheel and source archive	2026-09-07T16:59:22.5211856Z copying benchmarks/agent_pilot/runs/run-001/frozen-code-receipt.json -> dynamo_diff-0.1.0/benchmarks/agent_pilot/runs/run-001
core (ubuntu-latest)	Build wheel and source archive	2026-09-07T16:59:22.5212883Z copying benchmarks/agent_pilot/runs/run-001/frozen-code.tar.gz -> dynamo_diff-0.1.0/benchmarks/agent_pilot/runs/run-001
core (ubuntu-latest)	Build wheel and source archive	2026-09-07T16:59:22.5214118Z copying benchmarks/agent_pilot/runs/run-001/q01-dynamo-r1.json -> dynamo_diff-0.1.0/benchmarks/agent_pilot/runs/run-001
core (ubuntu-latest)	Build wheel and source archive	2026-09-07T16:59:22.5215109Z copying benchmarks/agent_pilot/runs/run-001/q01-dynamo-r1.jsonl -> dynamo_diff-0.1.0/benchmarks/agent_pilot/runs/run-001
core (ubuntu-latest)	Build wheel and source archive	2026-09-07T16:59:22.5216119Z copying benchmarks/agent_pilot/runs/run-001/q01-dynamo-r2.json -> dynamo_diff-0.1.0/benchmarks/agent_pilot/runs/run-001
core (ubuntu-latest)	Build wheel and source archive	2026-09-07T16:59:22.5217126Z copying benchmarks/agent_pilot/runs/run-001/q01-dynamo-r2.jsonl -> dynamo_diff-0.1.0/benchmarks/agent_pilot/runs/run-001
core (ubuntu-latest)	Build wheel and source archive	2026-09-07T16:59:22.5218092Z copying benchmarks/agent_pilot/runs/run-001/q01-raw-r1.json -> dynamo_diff-0.1.0/benchmarks/agent_pilot/runs/run-001
core (ubuntu-latest)	Build wheel and source archive	2026-09-07T16:59:22.5219049Z copying benchmarks/agent_pilot/runs/run-001/q01-raw-r1.jsonl -> dynamo_diff-0.1.0/benchmarks/agent_pilot/runs/run-001
core (ubuntu-latest)	Build wheel and source archive	2026-09-07T16:59:22.5220074Z copying benchmarks/agent_pilot/runs/run-001/q01-raw-r2.json -> dynamo_diff-0.1.0/benchmarks/agent_pilot/runs/run-001
core (ubuntu-latest)	Build wheel and source archive	2026-09-07T16:59:22.5221157Z copying benchmarks/agent_pilot/runs/run-001/q01-raw-r2.jsonl -> dynamo_diff-0.1.0/benchmarks/agent_pilot/runs/run-001
core (ubuntu-latest)	Build wheel and source archive	2026-09-07T16:59:22.5222174Z copying benchmarks/agent_pilot/runs/run-001/q01-tlparse-r1.json -> dynamo_diff-0.1.0/benchmarks/agent_pilot/runs/run-001
core (ubuntu-latest)	Build wheel and source archive	2026-09-07T16:59:22.5223436Z copying benchmarks/agent_pilot/runs/run-001/q01-tlparse-r1.jsonl -> dynamo_diff-0.1.0/benchmarks/agent_pilot/runs/run-001
core (ubuntu-latest)	Build wheel and source archive	2026-09-07T16:59:22.5224480Z copying benchmarks/agent_pilot/runs/run-001/q01-tlparse-r2.json -> dynamo_diff-0.1.0/benchmarks/agent_pilot/runs/run-001
core (ubuntu-latest)	Build wheel and source archive	2026-09-07T16:59:22.5225546Z copying benchmarks/agent_pilot/runs/run-001/q01-tlparse-r2.jsonl -> dynamo_diff-0.1.0/benchmarks/agent_pilot/runs/run-001
core (ubuntu-latest)	Build wheel and source archive	2026-09-07T16:59:22.5226565Z copying benchmarks/agent_pilot/runs/run-001/q02-dynamo-r1.json -> dynamo_diff-0.1.0/benchmarks/agent_pilot/runs/run-001
core (ubuntu-latest)	Build wheel and source archive	2026-09-07T16:59:22.5227546Z copying benchmarks/agent_pilot/runs/run-001/q02-dynamo-r1.jsonl -> dynamo_diff-0.1.0/benchmarks/agent_pilot/runs/run-001
core (ubuntu-latest)	Build wheel and source archive	2026-09-07T16:59:22.5228533Z copying benchmarks/agent_pilot/runs/run-001/q02-dynamo-r2.json -> dynamo_diff-0.1.0/benchmarks/agent_pilot/runs/run-001
core (ubuntu-latest)	Build wheel and source archive	2026-09-07T16:59:22.5229567Z copying benchmarks/agent_pilot/runs/run-001/q02-dynamo-r2.jsonl -> dynamo_diff-0.1.0/benchmarks/agent_pilot/runs/run-001
core (ubuntu-latest)	Build wheel and source archive	2026-09-07T16:59:22.5230536Z copying benchmarks/agent_pilot/runs/run-001/q02-raw-r1.json -> dynamo_diff-0.1.0/benchmarks/agent_pilot/runs/run-001
core (ubuntu-latest)	Build wheel and source archive	2026-09-07T16:59:22.5231614Z copying benchmarks/agent_pilot/runs/run-001/q02-raw-r1.jsonl -> dynamo_diff-0.1.0/benchmarks/agent_pilot/runs/run-001
core (ubuntu-latest)	Build wheel and source archive	2026-09-07T16:59:22.5232493Z copying benchmarks/agent_pilot/runs/run-001/q02-raw-r2.json -> dynamo_diff-0.1.0/benchmarks/agent_pilot/runs/run-001
core (ubuntu-latest)	Build wheel and source archive	2026-09-07T16:59:22.5253708Z copying benchmarks/agent_pilot/runs/run-001/q02-raw-r2.jsonl -> dynamo_diff-0.1.0/benchmarks/agent_pilot/runs/run-001
core (ubuntu-latest)	Build wheel and source archive	2026-09-07T16:59:22.5254808Z copying benchmarks/agent_pilot/runs/run-001/q02-tlparse-r1.json -> dynamo_diff-0.1.0/benchmarks/agent_pilot/runs/run-001
core (ubuntu-latest)	Build wheel and source archive	2026-09-07T16:59:22.5255754Z copying benchmarks/agent_pilot/runs/run-001/q02-tlparse-r1.jsonl -> dynamo_diff-0.1.0/benchmarks/agent_pilot/runs/run-001
core (ubuntu-latest)	Build wheel and source archive	2026-09-07T16:59:22.5256598Z copying benchmarks/agent_pilot/runs/run-001/q02-tlparse-r2.json -> dynamo_diff-0.1.0/benchmarks/agent_pilot/runs/run-001
core (ubuntu-latest)	Build wheel and source archive	2026-09-07T16:59:22.5257330Z copying benchmarks/agent_pilot/runs/run-001/q02-tlparse-r2.jsonl -> dynamo_diff-0.1.0/benchmarks/agent_pilot/runs/run-001
core (ubuntu-latest)	Build wheel and source archive	2026-09-07T16:59:22.5258152Z copying benchmarks/agent_pilot/runs/run-001/q03-dynamo-r1.json -> dynamo_diff-0.1.0/benchmarks/agent_pilot/runs/run-001
core (ubuntu-latest)	Build wheel and source archive	2026-09-07T16:59:22.5259878Z copying benchmarks/agent_pilot/runs/run-001/q03-dynamo-r1.jsonl -> dynamo_diff-0.1.0/benchmarks/agent_pilot/runs/run-001
core (ubuntu-latest)	Build wheel and source archive	2026-09-07T16:59:22.5260671Z copying benchmarks/agent_pilot/runs/run-001/q03-dynamo-r2.json -> dynamo_diff-0.1.0/benchmarks/agent_pilot/runs/run-001
core (ubuntu-latest)	Build wheel and source archive	2026-09-07T16:59:22.5261546Z copying benchmarks/agent_pilot/runs/run-001/q03-dynamo-r2.jsonl -> dynamo_diff-0.1.0/benchmarks/agent_pilot/runs/run-001
core (ubuntu-latest)	Build wheel and source archive	2026-09-07T16:59:22.5262315Z copying benchmarks/agent_pilot/runs/run-001/q03-raw-r1.json -> dynamo_diff-0.1.0/benchmarks/agent_pilot/runs/run-001
core (ubuntu-latest)	Build wheel and source archive	2026-09-07T16:59:22.5263037Z copying benchmarks/agent_pilot/runs/run-001/q03-raw-r1.jsonl -> dynamo_diff-0.1.0/benchmarks/agent_pilot/runs/run-001
core (ubuntu-latest)	Build wheel and source archive	2026-09-07T16:59:22.5264049Z copying benchmarks/agent_pilot/runs/run-001/q03-raw-r2.json -> dynamo_diff-0.1.0/benchmarks/agent_pilot/runs/run-001
core (ubuntu-latest)	Build wheel and source archive	2026-09-07T16:59:22.5264840Z copying benchmarks/agent_pilot/runs/run-001/q03-raw-r2.jsonl -> dynamo_diff-0.1.0/benchmarks/agent_pilot/runs/run-001
core (ubuntu-latest)	Build wheel and source archive	2026-09-07T16:59:22.5265602Z copying benchmarks/agent_pilot/runs/run-001/q03-tlparse-r1.json -> dynamo_diff-0.1.0/benchmarks/agent_pilot/runs/run-001
core (ubuntu-latest)	Build wheel and source archive	2026-09-07T16:59:22.5266472Z copying benchmarks/agent_pilot/runs/run-001/q03-tlparse-r1.jsonl -> dynamo_diff-0.1.0/benchmarks/agent_pilot/runs/run-001
core (ubuntu-latest)	Build wheel and source archive	2026-09-07T16:59:22.5267414Z copying benchmarks/agent_pilot/runs/run-001/q03-tlparse-r2.json -> dynamo_diff-0.1.0/benchmarks/agent_pilot/runs/run-001
core (ubuntu-latest)	Build wheel and source archive	2026-09-07T16:59:22.5268290Z copying benchmarks/agent_pilot/runs/run-001/q03-tlparse-r2.jsonl -> dynamo_diff-0.1.0/benchmarks/agent_pilot/runs/run-001
core (ubuntu-latest)	Build wheel and source archive	2026-09-07T16:59:22.5269157Z copying benchmarks/agent_pilot/runs/run-001/q04-dynamo-r1.json -> dynamo_diff-0.1.0/benchmarks/agent_pilot/runs/run-001
core (ubuntu-latest)	Build wheel and source archive	2026-09-07T16:59:22.5270109Z copying benchmarks/agent_pilot/runs/run-001/q04-dynamo-r1.jsonl -> dynamo_diff-0.1.0/benchmarks/agent_pilot/runs/run-001
core (ubuntu-latest)	Build wheel and source archive	2026-09-07T16:59:22.5270968Z copying benchmarks/agent_pilot/runs/run-001/q04-dynamo-r2.json -> dynamo_diff-0.1.0/benchmarks/agent_pilot/runs/run-001
core (ubuntu-latest)	Build wheel and source archive	2026-09-07T16:59:22.5271875Z copying benchmarks/agent_pilot/runs/run-001/q04-dynamo-r2.jsonl -> dynamo_diff-0.1.0/benchmarks/agent_pilot/runs/run-001
core (ubuntu-latest)	Build wheel and source archive	2026-09-07T16:59:22.5272726Z copying benchmarks/agent_pilot/runs/run-001/q04-raw-r1.json -> dynamo_diff-0.1.0/benchmarks/agent_pilot/runs/run-001
core (ubuntu-latest)	Build wheel and source archive	2026-09-07T16:59:22.5273945Z copying benchmarks/agent_pilot/runs/run-001/q04-raw-r1.jsonl -> dynamo_diff-0.1.0/benchmarks/agent_pilot/runs/run-001
core (ubuntu-latest)	Build wheel and source archive	2026-09-07T16:59:22.5274835Z copying benchmarks/agent_pilot/runs/run-001/q04-raw-r2.json -> dynamo_diff-0.1.0/benchmarks/agent_pilot/runs/run-001
core (ubuntu-latest)	Build wheel and source archive	2026-09-07T16:59:22.5275743Z copying benchmarks/agent_pilot/runs/run-001/q04-raw-r2.jsonl -> dynamo_diff-0.1.0/benchmarks/agent_pilot/runs/run-001
core (ubuntu-latest)	Build wheel and source archive	2026-09-07T16:59:22.5276628Z copying benchmarks/agent_pilot/runs/run-001/q04-tlparse-r1.json -> dynamo_diff-0.1.0/benchmarks/agent_pilot/runs/run-001
core (ubuntu-latest)	Build wheel and source archive	2026-09-07T16:59:22.5277648Z copying benchmarks/agent_pilot/runs/run-001/q04-tlparse-r1.jsonl -> dynamo_diff-0.1.0/benchmarks/agent_pilot/runs/run-001
core (ubuntu-latest)	Build wheel and source archive	2026-09-07T16:59:22.5278532Z copying benchmarks/agent_pilot/runs/run-001/q04-tlparse-r2.json -> dynamo_diff-0.1.0/benchmarks/agent_pilot/runs/run-001
core (ubuntu-latest)	Build wheel and source archive	2026-09-07T16:59:22.5279497Z copying benchmarks/agent_pilot/runs/run-001/q04-tlparse-r2.jsonl -> dynamo_diff-0.1.0/benchmarks/agent_pilot/runs/run-001
core (ubuntu-latest)	Build wheel and source archive	2026-09-07T16:59:22.5280450Z copying benchmarks/agent_pilot/runs/run-001/q05-dynamo-r1.json -> dynamo_diff-0.1.0/benchmarks/agent_pilot/runs/run-001
core (ubuntu-latest)	Build wheel and source archive	2026-09-07T16:59:22.5281354Z copying benchmarks/agent_pilot/runs/run-001/q05-dynamo-r1.jsonl -> dynamo_diff-0.1.0/benchmarks/agent_pilot/runs/run-001
core (ubuntu-latest)	Build wheel and source archive	2026-09-07T16:59:22.5282233Z copying benchmarks/agent_pilot/runs/run-001/q05-dynamo-r2.json -> dynamo_diff-0.1.0/benchmarks/agent_pilot/runs/run-001
core (ubuntu-latest)	Build wheel and source archive	2026-09-07T16:59:22.5283247Z copying benchmarks/agent_pilot/runs/run-001/q05-dynamo-r2.jsonl -> dynamo_diff-0.1.0/benchmarks/agent_pilot/runs/run-001
core (ubuntu-latest)	Build wheel and source archive	2026-09-07T16:59:22.5284325Z copying benchmarks/agent_pilot/runs/run-001/q05-raw-r1.json -> dynamo_diff-0.1.0/benchmarks/agent_pilot/runs/run-001
core (ubuntu-latest)	Build wheel and source archive	2026-09-07T16:59:22.5285165Z copying benchmarks/agent_pilot/runs/run-001/q05-raw-r1.jsonl -> dynamo_diff-0.1.0/benchmarks/agent_pilot/runs/run-001
core (ubuntu-latest)	Build wheel and source archive	2026-09-07T16:59:22.5286081Z copying benchmarks/agent_pilot/runs/run-001/q05-raw-r2.json -> dynamo_diff-0.1.0/benchmarks/agent_pilot/runs/run-001
core (ubuntu-latest)	Build wheel and source archive	2026-09-07T16:59:22.5286974Z copying benchmarks/agent_pilot/runs/run-001/q05-raw-r2.jsonl -> dynamo_diff-0.1.0/benchmarks/agent_pilot/runs/run-001
core (ubuntu-latest)	Build wheel and source archive	2026-09-07T16:59:22.5287840Z copying benchmarks/agent_pilot/runs/run-001/q05-tlparse-r1.json -> dynamo_diff-0.1.0/benchmarks/agent_pilot/runs/run-001
core (ubuntu-latest)	Build wheel and source archive	2026-09-07T16:59:22.5288803Z copying benchmarks/agent_pilot/runs/run-001/q05-tlparse-r1.jsonl -> dynamo_diff-0.1.0/benchmarks/agent_pilot/runs/run-001
core (ubuntu-latest)	Build wheel and source archive	2026-09-07T16:59:22.5289737Z copying benchmarks/agent_pilot/runs/run-001/q05-tlparse-r2.json -> dynamo_diff-0.1.0/benchmarks/agent_pilot/runs/run-001
core (ubuntu-latest)	Build wheel and source archive	2026-09-07T16:59:22.5290631Z copying benchmarks/agent_pilot/runs/run-001/q05-tlparse-r2.jsonl -> dynamo_diff-0.1.0/benchmarks/agent_pilot/runs/run-001
core (ubuntu-latest)	Build wheel and source archive	2026-09-07T16:59:22.5291586Z copying benchmarks/agent_pilot/runs/run-001/q06-dynamo-r1.json -> dynamo_diff-0.1.0/benchmarks/agent_pilot/runs/run-001
core (ubuntu-latest)	Build wheel and source archive	2026-09-07T16:59:22.5292449Z copying benchmarks/agent_pilot/runs/run-001/q06-dynamo-r1.jsonl -> dynamo_diff-0.1.0/benchmarks/agent_pilot/runs/run-001
core (ubuntu-latest)	Build wheel and source archive	2026-09-07T16:59:22.5293697Z copying benchmarks/agent_pilot/runs/run-001/q06-dynamo-r2.json -> dynamo_diff-0.1.0/benchmarks/agent_pilot/runs/run-001
core (ubuntu-latest)	Build wheel and source archive	2026-09-07T16:59:22.5294592Z copying benchmarks/agent_pilot/runs/run-001/q06-dynamo-r2.jsonl -> dynamo_diff-0.1.0/benchmarks/agent_pilot/runs/run-001
core (ubuntu-latest)	Build wheel and source archive	2026-09-07T16:59:22.5295466Z copying benchmarks/agent_pilot/runs/run-001/q06-raw-r1.json -> dynamo_diff-0.1.0/benchmarks/agent_pilot/runs/run-001
core (ubuntu-latest)	Build wheel and source archive	2026-09-07T16:59:22.5296359Z copying benchmarks/agent_pilot/runs/run-001/q06-raw-r1.jsonl -> dynamo_diff-0.1.0/benchmarks/agent_pilot/runs/run-001
core (ubuntu-latest)	Build wheel and source archive	2026-09-07T16:59:22.5297254Z copying benchmarks/agent_pilot/runs/run-001/q06-raw-r2.json -> dynamo_diff-0.1.0/benchmarks/agent_pilot/runs/run-001
core (ubuntu-latest)	Build wheel and source archive	2026-09-07T16:59:22.5298246Z copying benchmarks/agent_pilot/runs/run-001/q06-raw-r2.jsonl -> dynamo_diff-0.1.0/benchmarks/agent_pilot/runs/run-001
core (ubuntu-latest)	Build wheel and source archive	2026-09-07T16:59:22.5299118Z copying benchmarks/agent_pilot/runs/run-001/q06-tlparse-r1.json -> dynamo_diff-0.1.0/benchmarks/agent_pilot/runs/run-001
core (ubuntu-latest)	Build wheel and source archive	2026-09-07T16:59:22.5300026Z copying benchmarks/agent_pilot/runs/run-001/q06-tlparse-r1.jsonl -> dynamo_diff-0.1.0/benchmarks/agent_pilot/runs/run-001
core (ubuntu-latest)	Build wheel and source archive	2026-09-07T16:59:22.5300954Z copying benchmarks/agent_pilot/runs/run-001/q06-tlparse-r2.json -> dynamo_diff-0.1.0/benchmarks/agent_pilot/runs/run-001
core (ubuntu-latest)	Build wheel and source archive	2026-09-07T16:59:22.5301851Z copying benchmarks/agent_pilot/runs/run-001/q06-tlparse-r2.jsonl -> dynamo_diff-0.1.0/benchmarks/agent_pilot/runs/run-001
core (ubuntu-latest)	Build wheel and source archive	2026-09-07T16:59:22.5302939Z copying benchmarks/agent_pilot/runs/run-001/q07-dynamo-r1.json -> dynamo_diff-0.1.0/benchmarks/agent_pilot/runs/run-001
core (ubuntu-latest)	Build wheel and source archive	2026-09-07T16:59:22.5304077Z copying benchmarks/agent_pilot/runs/run-001/q07-dynamo-r1.jsonl -> dynamo_diff-0.1.0/benchmarks/agent_pilot/runs/run-001
core (ubuntu-latest)	Build wheel and source archive	2026-09-07T16:59:22.5304957Z copying benchmarks/agent_pilot/runs/run-001/q07-dynamo-r2.json -> dynamo_diff-0.1.0/benchmarks/agent_pilot/runs/run-001
core (ubuntu-latest)	Build wheel and source archive	2026-09-07T16:59:22.5305845Z copying benchmarks/agent_pilot/runs/run-001/q07-dynamo-r2.jsonl -> dynamo_diff-0.1.0/benchmarks/agent_pilot/runs/run-001
core (ubuntu-latest)	Build wheel and source archive	2026-09-07T16:59:22.5306783Z copying benchmarks/agent_pilot/runs/run-001/q07-raw-r1.json -> dynamo_diff-0.1.0/benchmarks/agent_pilot/runs/run-001
core (ubuntu-latest)	Build wheel and source archive	2026-09-07T16:59:22.5307737Z copying benchmarks/agent_pilot/runs/run-001/q07-raw-r1.jsonl -> dynamo_diff-0.1.0/benchmarks/agent_pilot/runs/run-001
core (ubuntu-latest)	Build wheel and source archive	2026-09-07T16:59:22.5308592Z copying benchmarks/agent_pilot/runs/run-001/q07-raw-r2.json -> dynamo_diff-0.1.0/benchmarks/agent_pilot/runs/run-001
core (ubuntu-latest)	Build wheel and source archive	2026-09-07T16:59:22.5309465Z copying benchmarks/agent_pilot/runs/run-001/q07-raw-r2.jsonl -> dynamo_diff-0.1.0/benchmarks/agent_pilot/runs/run-001
core (ubuntu-latest)	Build wheel and source archive	2026-09-07T16:59:22.5310418Z copying benchmarks/agent_pilot/runs/run-001/q07-tlparse-r1.json -> dynamo_diff-0.1.0/benchmarks/agent_pilot/runs/run-001
core (ubuntu-latest)	Build wheel and source archive	2026-09-07T16:59:22.5311353Z copying benchmarks/agent_pilot/runs/run-001/q07-tlparse-r1.jsonl -> dynamo_diff-0.1.0/benchmarks/agent_pilot/runs/run-001
core (ubuntu-latest)	Build wheel and source archive	2026-09-07T16:59:22.5312293Z copying benchmarks/agent_pilot/runs/run-001/q07-tlparse-r2.json -> dynamo_diff-0.1.0/benchmarks/agent_pilot/runs/run-001
core (ubuntu-latest)	Build wheel and source archive	2026-09-07T16:59:22.5313524Z copying benchmarks/agent_pilot/runs/run-001/q07-tlparse-r2.jsonl -> dynamo_diff-0.1.0/benchmarks/agent_pilot/runs/run-001
core (ubuntu-latest)	Build wheel and source archive	2026-09-07T16:59:22.5315743Z copying benchmarks/agent_pilot/runs/run-001/q08-dynamo-r1.json -> dynamo_diff-0.1.0/benchmarks/agent_pilot/runs/run-001
core (ubuntu-latest)	Build wheel and source archive	2026-09-07T16:59:22.5316779Z copying benchmarks/agent_pilot/runs/run-001/q08-dynamo-r1.jsonl -> dynamo_diff-0.1.0/benchmarks/agent_pilot/runs/run-001
core (ubuntu-latest)	Build wheel and source archive	2026-09-07T16:59:22.5317779Z copying benchmarks/agent_pilot/runs/run-001/q08-dynamo-r2.json -> dynamo_diff-0.1.0/benchmarks/agent_pilot/runs/run-001
core (ubuntu-latest)	Build wheel and source archive	2026-09-07T16:59:22.5318700Z copying benchmarks/agent_pilot/runs/run-001/q08-dynamo-r2.jsonl -> dynamo_diff-0.1.0/benchmarks/agent_pilot/runs/run-001
core (ubuntu-latest)	Build wheel and source archive	2026-09-07T16:59:22.5319606Z copying benchmarks/agent_pilot/runs/run-001/q08-raw-r1.json -> dynamo_diff-0.1.0/benchmarks/agent_pilot/runs/run-001
core (ubuntu-latest)	Build wheel and source archive	2026-09-07T16:59:22.5320630Z copying benchmarks/agent_pilot/runs/run-001/q08-raw-r1.jsonl -> dynamo_diff-0.1.0/benchmarks/agent_pilot/runs/run-001
core (ubuntu-latest)	Build wheel and source archive	2026-09-07T16:59:22.5321568Z copying benchmarks/agent_pilot/runs/run-001/q08-raw-r2.json -> dynamo_diff-0.1.0/benchmarks/agent_pilot/runs/run-001
core (ubuntu-latest)	Build wheel and source archive	2026-09-07T16:59:22.5322442Z copying benchmarks/agent_pilot/runs/run-001/q08-raw-r2.jsonl -> dynamo_diff-0.1.0/benchmarks/agent_pilot/runs/run-001
core (ubuntu-latest)	Build wheel and source archive	2026-09-07T16:59:22.5323620Z copying benchmarks/agent_pilot/runs/run-001/q08-tlparse-r1.json -> dynamo_diff-0.1.0/benchmarks/agent_pilot/runs/run-001
core (ubuntu-latest)	Build wheel and source archive	2026-09-07T16:59:22.5324559Z copying benchmarks/agent_pilot/runs/run-001/q08-tlparse-r1.jsonl -> dynamo_diff-0.1.0/benchmarks/agent_pilot/runs/run-001
core (ubuntu-latest)	Build wheel and source archive	2026-09-07T16:59:22.5325464Z copying benchmarks/agent_pilot/runs/run-001/q08-tlparse-r2.json -> dynamo_diff-0.1.0/benchmarks/agent_pilot/runs/run-001
core (ubuntu-latest)	Build wheel and source archive	2026-09-07T16:59:22.5326513Z copying benchmarks/agent_pilot/runs/run-001/q08-tlparse-r2.jsonl -> dynamo_diff-0.1.0/benchmarks/agent_pilot/runs/run-001
core (ubuntu-latest)	Build wheel and source archive	2026-09-07T16:59:22.5327462Z copying benchmarks/agent_pilot/runs/run-001/q09-dynamo-r1.json -> dynamo_diff-0.1.0/benchmarks/agent_pilot/runs/run-001
core (ubuntu-latest)	Build wheel and source archive	2026-09-07T16:59:22.5328403Z copying benchmarks/agent_pilot/runs/run-001/q09-dynamo-r1.jsonl -> dynamo_diff-0.1.0/benchmarks/agent_pilot/runs/run-001
core (ubuntu-latest)	Build wheel and source archive	2026-09-07T16:59:22.5329300Z copying benchmarks/agent_pilot/runs/run-001/q09-dynamo-r2.json -> dynamo_diff-0.1.0/benchmarks/agent_pilot/runs/run-001
core (ubuntu-latest)	Build wheel and source archive	2026-09-07T16:59:22.5330202Z copying benchmarks/agent_pilot/runs/run-001/q09-dynamo-r2.jsonl -> dynamo_diff-0.1.0/benchmarks/agent_pilot/runs/run-001
core (ubuntu-latest)	Build wheel and source archive	2026-09-07T16:59:22.5331284Z copying benchmarks/agent_pilot/runs/run-001/q09-raw-r1.json -> dynamo_diff-0.1.0/benchmarks/agent_pilot/runs/run-001
core (ubuntu-latest)	Build wheel and source archive	2026-09-07T16:59:22.5332235Z copying benchmarks/agent_pilot/runs/run-001/q09-raw-r1.jsonl -> dynamo_diff-0.1.0/benchmarks/agent_pilot/runs/run-001
core (ubuntu-latest)	Build wheel and source archive	2026-09-07T16:59:22.5333479Z copying benchmarks/agent_pilot/runs/run-001/q09-raw-r2.json -> dynamo_diff-0.1.0/benchmarks/agent_pilot/runs/run-001
core (ubuntu-latest)	Build wheel and source archive	2026-09-07T16:59:22.5334370Z copying benchmarks/agent_pilot/runs/run-001/q09-raw-r2.jsonl -> dynamo_diff-0.1.0/benchmarks/agent_pilot/runs/run-001
core (ubuntu-latest)	Build wheel and source archive	2026-09-07T16:59:22.5335322Z copying benchmarks/agent_pilot/runs/run-001/q09-tlparse-r1.json -> dynamo_diff-0.1.0/benchmarks/agent_pilot/runs/run-001
core (ubuntu-latest)	Build wheel and source archive	2026-09-07T16:59:22.5336260Z copying benchmarks/agent_pilot/runs/run-001/q09-tlparse-r1.jsonl -> dynamo_diff-0.1.0/benchmarks/agent_pilot/runs/run-001
core (ubuntu-latest)	Build wheel and source archive	2026-09-07T16:59:22.5337201Z copying benchmarks/agent_pilot/runs/run-001/q09-tlparse-r2.json -> dynamo_diff-0.1.0/benchmarks/agent_pilot/runs/run-001
core (ubuntu-latest)	Build wheel and source archive	2026-09-07T16:59:22.5338147Z copying benchmarks/agent_pilot/runs/run-001/q09-tlparse-r2.jsonl -> dynamo_diff-0.1.0/benchmarks/agent_pilot/runs/run-001
core (ubuntu-latest)	Build wheel and source archive	2026-09-07T16:59:22.5339027Z copying benchmarks/agent_pilot/runs/run-001/q10-dynamo-r1.json -> dynamo_diff-0.1.0/benchmarks/agent_pilot/runs/run-001
core (ubuntu-latest)	Build wheel and source archive	2026-09-07T16:59:22.5339956Z copying benchmarks/agent_pilot/runs/run-001/q10-dynamo-r1.jsonl -> dynamo_diff-0.1.0/benchmarks/agent_pilot/runs/run-001
core (ubuntu-latest)	Build wheel and source archive	2026-09-07T16:59:22.5340947Z copying benchmarks/agent_pilot/runs/run-001/q10-dynamo-r2.json -> dynamo_diff-0.1.0/benchmarks/agent_pilot/runs/run-001
core (ubuntu-latest)	Build wheel and source archive	2026-09-07T16:59:22.5341900Z copying benchmarks/agent_pilot/runs/run-001/q10-dynamo-r2.jsonl -> dynamo_diff-0.1.0/benchmarks/agent_pilot/runs/run-001
core (ubuntu-latest)	Build wheel and source archive	2026-09-07T16:59:22.5342918Z copying benchmarks/agent_pilot/runs/run-001/q10-raw-r1.json -> dynamo_diff-0.1.0/benchmarks/agent_pilot/runs/run-001
core (ubuntu-latest)	Build wheel and source archive	2026-09-07T16:59:22.5344010Z copying benchmarks/agent_pilot/runs/run-001/q10-raw-r1.jsonl -> dynamo_diff-0.1.0/benchmarks/agent_pilot/runs/run-001
core (ubuntu-latest)	Build wheel and source archive	2026-09-07T16:59:22.5344950Z copying benchmarks/agent_pilot/runs/run-001/q10-raw-r2.json -> dynamo_diff-0.1.0/benchmarks/agent_pilot/runs/run-001
core (ubuntu-latest)	Build wheel and source archive	2026-09-07T16:59:22.5346239Z copying benchmarks/agent_pilot/runs/run-001/q10-raw-r2.jsonl -> dynamo_diff-0.1.0/benchmarks/agent_pilot/runs/run-001
core (ubuntu-latest)	Build wheel and source archive	2026-09-07T16:59:22.5347200Z copying benchmarks/agent_pilot/runs/run-001/q10-tlparse-r1.json -> dynamo_diff-0.1.0/benchmarks/agent_pilot/runs/run-001
core (ubuntu-latest)	Build wheel and source archive	2026-09-07T16:59:22.5348271Z copying benchmarks/agent_pilot/runs/run-001/q10-tlparse-r1.jsonl -> dynamo_diff-0.1.0/benchmarks/agent_pilot/runs/run-001
core (ubuntu-latest)	Build wheel and source archive	2026-09-07T16:59:22.5349306Z copying benchmarks/agent_pilot/runs/run-001/q10-tlparse-r2.json -> dynamo_diff-0.1.0/benchmarks/agent_pilot/runs/run-001
core (ubuntu-latest)	Build wheel and source archive	2026-09-07T16:59:22.5350268Z copying benchmarks/agent_pilot/runs/run-001/q10-tlparse-r2.jsonl -> dynamo_diff-0.1.0/benchmarks/agent_pilot/runs/run-001
core (ubuntu-latest)	Build wheel and source archive	2026-09-07T16:59:22.5351420Z copying benchmarks/agent_pilot/runs/run-001/receipt.json -> dynamo_diff-0.1.0/benchmarks/agent_pilot/runs/run-001
core (ubuntu-latest)	Build wheel and source archive	2026-09-07T16:59:22.5352439Z copying benchmarks/agent_pilot/runs/run-001/analysis/MODEL_REVIEW.md -> dynamo_diff-0.1.0/benchmarks/agent_pilot/runs/run-001/analysis
core (ubuntu-latest)	Build wheel and source archive	2026-09-07T16:59:22.5353626Z copying benchmarks/agent_pilot/runs/run-001/analysis/RESULTS.md -> dynamo_diff-0.1.0/benchmarks/agent_pilot/runs/run-001/analysis
core (ubuntu-latest)	Build wheel and source archive	2026-09-07T16:59:22.5354727Z copying benchmarks/agent_pilot/runs/run-001/analysis/SCORING_NOTES.md -> dynamo_diff-0.1.0/benchmarks/agent_pilot/runs/run-001/analysis
core (ubuntu-latest)	Build wheel and source archive	2026-09-07T16:59:22.5355869Z copying benchmarks/agent_pilot/runs/run-001/analysis/format-sensitivity.json -> dynamo_diff-0.1.0/benchmarks/agent_pilot/runs/run-001/analysis
core (ubuntu-latest)	Build wheel and source archive	2026-09-07T16:59:22.5357510Z copying benchmarks/agent_pilot/runs/run-001/analysis/scorer-v1.py -> dynamo_diff-0.1.0/benchmarks/agent_pilot/runs/run-001/analysis
core (ubuntu-latest)	Build wheel and source archive	2026-09-07T16:59:22.5358506Z copying benchmarks/agent_pilot/runs/run-001/analysis/scores.json -> dynamo_diff-0.1.0/benchmarks/agent_pilot/runs/run-001/analysis
core (ubuntu-latest)	Build wheel and source archive	2026-09-07T16:59:22.5359458Z copying benchmarks/results/conversion-baseline.json -> dynamo_diff-0.1.0/benchmarks/results
core (ubuntu-latest)	Build wheel and source archive	2026-09-07T16:59:22.5360259Z copying benchmarks/results/import-baseline.json -> dynamo_diff-0.1.0/benchmarks/results
core (ubuntu-latest)	Build wheel and source archive	2026-09-07T16:59:22.5361030Z copying benchmarks/results/import-hardening-v4.json -> dynamo_diff-0.1.0/benchmarks/results
core (ubuntu-latest)	Build wheel and source archive	2026-09-07T16:59:22.5361920Z copying case_studies/transformers_cache/README.md -> dynamo_diff-0.1.0/case_studies/transformers_cache
core (ubuntu-latest)	Build wheel and source archive	2026-09-07T16:59:22.5362792Z copying case_studies/transformers_cache/comparison.json -> dynamo_diff-0.1.0/case_studies/transformers_cache
core (ubuntu-latest)	Build wheel and source archive	2026-09-07T16:59:22.5363824Z copying case_studies/transformers_cache/expected.json -> dynamo_diff-0.1.0/case_studies/transformers_cache
core (ubuntu-latest)	Build wheel and source archive	2026-09-07T16:59:22.5364727Z copying case_studies/transformers_cache/reproduce.py -> dynamo_diff-0.1.0/case_studies/transformers_cache
core (ubuntu-latest)	Build wheel and source archive	2026-09-07T16:59:22.5365568Z copying case_studies/transformers_cache/verify.py -> dynamo_diff-0.1.0/case_studies/transformers_cache
core (ubuntu-latest)	Build wheel and source archive	2026-09-07T16:59:22.5366439Z copying case_studies/transformers_cache/workload.py.in -> dynamo_diff-0.1.0/case_studies/transformers_cache
core (ubuntu-latest)	Build wheel and source archive	2026-09-07T16:59:22.5367497Z copying case_studies/transformers_cache/captures/baseline/conversion.txt -> dynamo_diff-0.1.0/case_studies/transformers_cache/captures/baseline
core (ubuntu-latest)	Build wheel and source archive	2026-09-07T16:59:22.5368531Z copying case_studies/transformers_cache/captures/baseline/manifest.json -> dynamo_diff-0.1.0/case_studies/transformers_cache/captures/baseline
core (ubuntu-latest)	Build wheel and source archive	2026-09-07T16:59:22.5369628Z copying case_studies/transformers_cache/captures/baseline/stderr.txt -> dynamo_diff-0.1.0/case_studies/transformers_cache/captures/baseline
core (ubuntu-latest)	Build wheel and source archive	2026-09-07T16:59:22.5370717Z copying case_studies/transformers_cache/captures/baseline/stdout.txt -> dynamo_diff-0.1.0/case_studies/transformers_cache/captures/baseline
core (ubuntu-latest)	Build wheel and source archive	2026-09-07T16:59:22.5371917Z copying case_studies/transformers_cache/captures/baseline/workload-result.json -> dynamo_diff-0.1.0/case_studies/transformers_cache/captures/baseline
core (ubuntu-latest)	Build wheel and source archive	2026-09-07T16:59:22.5376994Z copying case_studies/transformers_cache/captures/baseline/raw/dedicated_log_torch_trace_dl7bdncq.log -> dynamo_diff-0.1.0/case_studies/transformers_cache/captures/baseline/raw
core (ubuntu-latest)	Build wheel and source archive	2026-09-07T16:59:22.5378439Z copying case_studies/transformers_cache/captures/baseline/report/chromium_events.json -> dynamo_diff-0.1.0/case_studies/transformers_cache/captures/baseline/report
core (ubuntu-latest)	Build wheel and source archive	2026-09-07T16:59:22.5379714Z copying case_studies/transformers_cache/captures/baseline/report/compile_directory.json -> dynamo_diff-0.1.0/case_studies/transformers_cache/captures/baseline/report
core (ubuntu-latest)	Build wheel and source archive	2026-09-07T16:59:22.5381200Z copying case_studies/transformers_cache/captures/baseline/report/failures_and_restarts.html -> dynamo_diff-0.1.0/case_studies/transformers_cache/captures/baseline/report
core (ubuntu-latest)	Build wheel and source archive	2026-09-07T16:59:22.5382554Z copying case_studies/transformers_cache/captures/baseline/report/index.html -> dynamo_diff-0.1.0/case_studies/transformers_cache/captures/baseline/report
core (ubuntu-latest)	Build wheel and source archive	2026-09-07T16:59:22.5383982Z copying case_studies/transformers_cache/captures/baseline/report/raw.jsonl -> dynamo_diff-0.1.0/case_studies/transformers_cache/captures/baseline/report
core (ubuntu-latest)	Build wheel and source archive	2026-09-07T16:59:22.5385214Z copying case_studies/transformers_cache/captures/baseline/report/raw.log -> dynamo_diff-0.1.0/case_studies/transformers_cache/captures/baseline/report
core (ubuntu-latest)	Build wheel and source archive	2026-09-07T16:59:22.5386562Z copying case_studies/transformers_cache/captures/baseline/report/-_-_-_-/torch_version_0.json -> dynamo_diff-0.1.0/case_studies/transformers_cache/captures/baseline/report/-_-_-_-
core (ubuntu-latest)	Build wheel and source archive	2026-09-07T16:59:22.5388025Z copying case_studies/transformers_cache/captures/baseline/report/-_0_0_0/compilation_metrics_4.html -> dynamo_diff-0.1.0/case_studies/transformers_cache/captures/baseline/report/-_0_0_0
core (ubuntu-latest)	Build wheel and source archive	2026-09-07T16:59:22.5389271Z copying case_studies/transformers_cache/captures/baseline/report/-_0_0_0/dynamo_cpp_guards_str_3.txt -> dynamo_diff-0.1.0/case_studies/transformers_cache/captures/baseline/report/-_0_0_0
core (ubuntu-latest)	Build wheel and source archive	2026-09-07T16:59:22.5390564Z copying case_studies/transformers_cache/captures/baseline/report/-_0_0_0/dynamo_output_graph_2.txt -> dynamo_diff-0.1.0/case_studies/transformers_cache/captures/baseline/report/-_0_0_0
core (ubuntu-latest)	Build wheel and source archive	2026-09-07T16:59:22.5391848Z copying case_studies/transformers_cache/captures/baseline/report/-_0_0_0/dynamo_side_effects_1.txt -> dynamo_diff-0.1.0/case_studies/transformers_cache/captures/baseline/report/-_0_0_0
core (ubuntu-latest)	Build wheel and source archive	2026-09-07T16:59:22.5393449Z copying case_studies/transformers_cache/captures/baseline/report/-_0_1_0/compilation_metrics_9.html -> dynamo_diff-0.1.0/case_studies/transformers_cache/captures/baseline/report/-_0_1_0
core (ubuntu-latest)	Build wheel and source archive	2026-09-07T16:59:22.5394771Z copying case_studies/transformers_cache/captures/baseline/report/-_0_1_0/dynamo_cpp_guards_str_8.txt -> dynamo_diff-0.1.0/case_studies/transformers_cache/captures/baseline/report/-_0_1_0
core (ubuntu-latest)	Build wheel and source archive	2026-09-07T16:59:22.5396175Z copying case_studies/transformers_cache/captures/baseline/report/-_0_1_0/dynamo_output_graph_7.txt -> dynamo_diff-0.1.0/case_studies/transformers_cache/captures/baseline/report/-_0_1_0
core (ubuntu-latest)	Build wheel and source archive	2026-09-07T16:59:22.5397553Z copying case_studies/transformers_cache/captures/baseline/report/-_0_1_0/dynamo_side_effects_6.txt -> dynamo_diff-0.1.0/case_studies/transformers_cache/captures/baseline/report/-_0_1_0
core (ubuntu-latest)	Build wheel and source archive	2026-09-07T16:59:22.5399021Z copying case_studies/transformers_cache/captures/baseline/report/-_0_1_0/recompile_reasons_5.json -> dynamo_diff-0.1.0/case_studies/transformers_cache/captures/baseline/report/-_0_1_0
core (ubuntu-latest)	Build wheel and source archive	2026-09-07T16:59:22.5400440Z copying case_studies/transformers_cache/captures/baseline/report/-_0_2_0/compilation_metrics_14.html -> dynamo_diff-0.1.0/case_studies/transformers_cache/captures/baseline/report/-_0_2_0
core (ubuntu-latest)	Build wheel and source archive	2026-09-07T16:59:22.5401805Z copying case_studies/transformers_cache/captures/baseline/report/-_0_2_0/dynamo_cpp_guards_str_13.txt -> dynamo_diff-0.1.0/case_studies/transformers_cache/captures/baseline/report/-_0_2_0
core (ubuntu-latest)	Build wheel and source archive	2026-09-07T16:59:22.5403386Z copying case_studies/transformers_cache/captures/baseline/report/-_0_2_0/dynamo_output_graph_12.txt -> dynamo_diff-0.1.0/case_studies/transformers_cache/captures/baseline/report/-_0_2_0
core (ubuntu-latest)	Build wheel and source archive	2026-09-07T16:59:22.5404688Z copying case_studies/transformers_cache/captures/baseline/report/-_0_2_0/dynamo_side_effects_11.txt -> dynamo_diff-0.1.0/case_studies/transformers_cache/captures/baseline/report/-_0_2_0
core (ubuntu-latest)	Build wheel and source archive	2026-09-07T16:59:22.5406001Z copying case_studies/transformers_cache/captures/baseline/report/-_0_2_0/recompile_reasons_10.json -> dynamo_diff-0.1.0/case_studies/transformers_cache/captures/baseline/report/-_0_2_0
core (ubuntu-latest)	Build wheel and source archive	2026-09-07T16:59:22.5407349Z copying case_studies/transformers_cache/captures/baseline/sources/run.py -> dynamo_diff-0.1.0/case_studies/transformers_cache/captures/baseline/sources
core (ubuntu-latest)	Build wheel and source archive	2026-09-07T16:59:22.5408649Z copying case_studies/transformers_cache/captures/baseline/sources/torch/_dynamo/convert_frame.py -> dynamo_diff-0.1.0/case_studies/transformers_cache/captures/baseline/sources/torch/_dynamo
core (ubuntu-latest)	Build wheel and source archive	2026-09-07T16:59:22.5410098Z copying case_studies/transformers_cache/captures/baseline/sources/torch/_dynamo/eval_frame.py -> dynamo_diff-0.1.0/case_studies/transformers_cache/captures/baseline/sources/torch/_dynamo
core (ubuntu-latest)	Build wheel and source archive	2026-09-07T16:59:22.5411524Z copying case_studies/transformers_cache/captures/baseline/sources/torch/utils/_contextlib.py -> dynamo_diff-0.1.0/case_studies/transformers_cache/captures/baseline/sources/torch/utils
core (ubuntu-latest)	Build wheel and source archive	2026-09-07T16:59:22.5412962Z copying case_studies/transformers_cache/captures/baseline/sources/transformers/cache_utils.py -> dynamo_diff-0.1.0/case_studies/transformers_cache/captures/baseline/sources/transformers
core (ubuntu-latest)	Build wheel and source archive	2026-09-07T16:59:22.5414656Z copying case_studies/transformers_cache/captures/baseline/sources/transformers/generation/utils.py -> dynamo_diff-0.1.0/case_studies/transformers_cache/captures/baseline/sources/transformers/generation
core (ubuntu-latest)	Build wheel and source archive	2026-09-07T16:59:22.5416324Z copying case_studies/transformers_cache/captures/baseline/sources/transformers/models/llama/modeling_llama.py -> dynamo_diff-0.1.0/case_studies/transformers_cache/captures/baseline/sources/transformers/models/llama
core (ubuntu-latest)	Build wheel and source archive	2026-09-07T16:59:22.5418004Z copying case_studies/transformers_cache/captures/baseline/sources/transformers/utils/generic.py -> dynamo_diff-0.1.0/case_studies/transformers_cache/captures/baseline/sources/transformers/utils
core (ubuntu-latest)	Build wheel and source archive	2026-09-07T16:59:22.5419298Z copying case_studies/transformers_cache/captures/candidate/conversion.txt -> dynamo_diff-0.1.0/case_studies/transformers_cache/captures/candidate
core (ubuntu-latest)	Build wheel and source archive	2026-09-07T16:59:22.5420428Z copying case_studies/transformers_cache/captures/candidate/manifest.json -> dynamo_diff-0.1.0/case_studies/transformers_cache/captures/candidate
core (ubuntu-latest)	Build wheel and source archive	2026-09-07T16:59:22.5421563Z copying case_studies/transformers_cache/captures/candidate/stderr.txt -> dynamo_diff-0.1.0/case_studies/transformers_cache/captures/candidate
core (ubuntu-latest)	Build wheel and source archive	2026-09-07T16:59:22.5422708Z copying case_studies/transformers_cache/captures/candidate/stdout.txt -> dynamo_diff-0.1.0/case_studies/transformers_cache/captures/candidate
core (ubuntu-latest)	Build wheel and source archive	2026-09-07T16:59:22.5423978Z copying case_studies/transformers_cache/captures/candidate/workload-result.json -> dynamo_diff-0.1.0/case_studies/transformers_cache/captures/candidate
core (ubuntu-latest)	Build wheel and source archive	2026-09-07T16:59:22.5425237Z copying case_studies/transformers_cache/captures/candidate/raw/dedicated_log_torch_trace_6zafb6vo.log -> dynamo_diff-0.1.0/case_studies/transformers_cache/captures/candidate/raw
core (ubuntu-latest)	Build wheel and source archive	2026-09-07T16:59:22.5426553Z copying case_studies/transformers_cache/captures/candidate/report/chromium_events.json -> dynamo_diff-0.1.0/case_studies/transformers_cache/captures/candidate/report
core (ubuntu-latest)	Build wheel and source archive	2026-09-07T16:59:22.5427884Z copying case_studies/transformers_cache/captures/candidate/report/compile_directory.json -> dynamo_diff-0.1.0/case_studies/transformers_cache/captures/candidate/report
core (ubuntu-latest)	Build wheel and source archive	2026-09-07T16:59:22.5429219Z copying case_studies/transformers_cache/captures/candidate/report/failures_and_restarts.html -> dynamo_diff-0.1.0/case_studies/transformers_cache/captures/candidate/report
core (ubuntu-latest)	Build wheel and source archive	2026-09-07T16:59:22.5430541Z copying case_studies/transformers_cache/captures/candidate/report/index.html -> dynamo_diff-0.1.0/case_studies/transformers_cache/captures/candidate/report
core (ubuntu-latest)	Build wheel and source archive	2026-09-07T16:59:22.5431692Z copying case_studies/transformers_cache/captures/candidate/report/raw.jsonl -> dynamo_diff-0.1.0/case_studies/transformers_cache/captures/candidate/report
core (ubuntu-latest)	Build wheel and source archive	2026-09-07T16:59:22.5432900Z copying case_studies/transformers_cache/captures/candidate/report/raw.log -> dynamo_diff-0.1.0/case_studies/transformers_cache/captures/candidate/report
core (ubuntu-latest)	Build wheel and source archive	2026-09-07T16:59:22.5434518Z copying case_studies/transformers_cache/captures/candidate/report/-_-_-_-/torch_version_0.json -> dynamo_diff-0.1.0/case_studies/transformers_cache/captures/candidate/report/-_-_-_-
core (ubuntu-latest)	Build wheel and source archive	2026-09-07T16:59:22.5436099Z copying case_studies/transformers_cache/captures/candidate/report/-_0_0_0/compilation_metrics_4.html -> dynamo_diff-0.1.0/case_studies/transformers_cache/captures/candidate/report/-_0_0_0
core (ubuntu-latest)	Build wheel and source archive	2026-09-07T16:59:22.5437613Z copying case_studies/transformers_cache/captures/candidate/report/-_0_0_0/dynamo_cpp_guards_str_3.txt -> dynamo_diff-0.1.0/case_studies/transformers_cache/captures/candidate/report/-_0_0_0
core (ubuntu-latest)	Build wheel and source archive	2026-09-07T16:59:22.5439084Z copying case_studies/transformers_cache/captures/candidate/report/-_0_0_0/dynamo_output_graph_2.txt -> dynamo_diff-0.1.0/case_studies/transformers_cache/captures/candidate/report/-_0_0_0
core (ubuntu-latest)	Build wheel and source archive	2026-09-07T16:59:22.5440525Z copying case_studies/transformers_cache/captures/candidate/report/-_0_0_0/dynamo_side_effects_1.txt -> dynamo_diff-0.1.0/case_studies/transformers_cache/captures/candidate/report/-_0_0_0
core (ubuntu-latest)	Build wheel and source archive	2026-09-07T16:59:22.5442070Z copying case_studies/transformers_cache/captures/candidate/report/-_0_1_0/compilation_metrics_9.html -> dynamo_diff-0.1.0/case_studies/transformers_cache/captures/candidate/report/-_0_1_0
core (ubuntu-latest)	Build wheel and source archive	2026-09-07T16:59:22.5443659Z copying case_studies/transformers_cache/captures/candidate/report/-_0_1_0/dynamo_cpp_guards_str_8.txt -> dynamo_diff-0.1.0/case_studies/transformers_cache/captures/candidate/report/-_0_1_0
core (ubuntu-latest)	Build wheel and source archive	2026-09-07T16:59:22.5445138Z copying case_studies/transformers_cache/captures/candidate/report/-_0_1_0/dynamo_output_graph_7.txt -> dynamo_diff-0.1.0/case_studies/transformers_cache/captures/candidate/report/-_0_1_0
core (ubuntu-latest)	Build wheel and source archive	2026-09-07T16:59:22.5446668Z copying case_studies/transformers_cache/captures/candidate/report/-_0_1_0/dynamo_side_effects_6.txt -> dynamo_diff-0.1.0/case_studies/transformers_cache/captures/candidate/report/-_0_1_0
core (ubuntu-latest)	Build wheel and source archive	2026-09-07T16:59:22.5448149Z copying case_studies/transformers_cache/captures/candidate/report/-_0_1_0/recompile_reasons_5.json -> dynamo_diff-0.1.0/case_studies/transformers_cache/captures/candidate/report/-_0_1_0
core (ubuntu-latest)	Build wheel and source archive	2026-09-07T16:59:22.5449569Z copying case_studies/transformers_cache/captures/candidate/sources/run.py -> dynamo_diff-0.1.0/case_studies/transformers_cache/captures/candidate/sources
core (ubuntu-latest)	Build wheel and source archive	2026-09-07T16:59:22.5450934Z copying case_studies/transformers_cache/captures/candidate/sources/torch/_dynamo/convert_frame.py -> dynamo_diff-0.1.0/case_studies/transformers_cache/captures/candidate/sources/torch/_dynamo
core (ubuntu-latest)	Build wheel and source archive	2026-09-07T16:59:22.5452781Z copying case_studies/transformers_cache/captures/candidate/sources/torch/_dynamo/eval_frame.py -> dynamo_diff-0.1.0/case_studies/transformers_cache/captures/candidate/sources/torch/_dynamo
core (ubuntu-latest)	Build wheel and source archive	2026-09-07T16:59:22.5454441Z copying case_studies/transformers_cache/captures/candidate/sources/torch/utils/_contextlib.py -> dynamo_diff-0.1.0/case_studies/transformers_cache/captures/candidate/sources/torch/utils
core (ubuntu-latest)	Build wheel and source archive	2026-09-07T16:59:22.5456028Z copying case_studies/transformers_cache/captures/candidate/sources/transformers/cache_utils.py -> dynamo_diff-0.1.0/case_studies/transformers_cache/captures/candidate/sources/transformers
core (ubuntu-latest)	Build wheel and source archive	2026-09-07T16:59:22.5457606Z copying case_studies/transformers_cache/captures/candidate/sources/transformers/generation/utils.py -> dynamo_diff-0.1.0/case_studies/transformers_cache/captures/candidate/sources/transformers/generation
core (ubuntu-latest)	Build wheel and source archive	2026-09-07T16:59:22.5459324Z copying case_studies/transformers_cache/captures/candidate/sources/transformers/models/llama/modeling_llama.py -> dynamo_diff-0.1.0/case_studies/transformers_cache/captures/candidate/sources/transformers/models/llama
core (ubuntu-latest)	Build wheel and source archive	2026-09-07T16:59:22.5461016Z copying case_studies/transformers_cache/captures/candidate/sources/transformers/utils/generic.py -> dynamo_diff-0.1.0/case_studies/transformers_cache/captures/candidate/sources/transformers/utils
core (ubuntu-latest)	Build wheel and source archive	2026-09-07T16:59:22.5462069Z copying docs/ARCHITECTURE.md -> dynamo_diff-0.1.0/docs
core (ubuntu-latest)	Build wheel and source archive	2026-09-07T16:59:22.5462621Z copying docs/CAPTURING.md -> dynamo_diff-0.1.0/docs
core (ubuntu-latest)	Build wheel and source archive	2026-09-07T16:59:22.5463214Z copying docs/COMPATIBILITY.md -> dynamo_diff-0.1.0/docs
core (ubuntu-latest)	Build wheel and source archive	2026-09-07T16:59:22.5463711Z copying docs/COMPLETION_AUDIT.md -> dynamo_diff-0.1.0/docs
core (ubuntu-latest)	Build wheel and source archive	2026-09-07T16:59:22.5464275Z copying docs/DEMO.md -> dynamo_diff-0.1.0/docs
core (ubuntu-latest)	Build wheel and source archive	2026-09-07T16:59:22.5464748Z copying docs/FEASIBILITY.md -> dynamo_diff-0.1.0/docs
core (ubuntu-latest)	Build wheel and source archive	2026-09-07T16:59:22.5465189Z copying docs/INTEGRATIONS.md -> dynamo_diff-0.1.0/docs
core (ubuntu-latest)	Build wheel and source archive	2026-09-07T16:59:22.5465680Z copying docs/PERFORMANCE.md -> dynamo_diff-0.1.0/docs
core (ubuntu-latest)	Build wheel and source archive	2026-09-07T16:59:22.5466149Z copying docs/PROJECT_SCOPE.md -> dynamo_diff-0.1.0/docs
core (ubuntu-latest)	Build wheel and source archive	2026-09-07T16:59:22.5466658Z copying docs/RELEASING.md -> dynamo_diff-0.1.0/docs
core (ubuntu-latest)	Build wheel and source archive	2026-09-07T16:59:22.5467142Z copying docs/SEMANTICS.md -> dynamo_diff-0.1.0/docs
core (ubuntu-latest)	Build wheel and source archive	2026-09-07T16:59:22.5467585Z copying docs/STATUS.md -> dynamo_diff-0.1.0/docs
core (ubuntu-latest)	Build wheel and source archive	2026-09-07T16:59:22.5468073Z copying docs/THIRD_PARTY_NOTICES.md -> dynamo_diff-0.1.0/docs
core (ubuntu-latest)	Build wheel and source archive	2026-09-07T16:59:22.5468608Z copying docs/manifest.template.json -> dynamo_diff-0.1.0/docs
core (ubuntu-latest)	Build wheel and source archive	2026-09-07T16:59:22.5469235Z copying docs/licenses/pytorch-2.14.0-LICENSE.txt -> dynamo_diff-0.1.0/docs/licenses
core (ubuntu-latest)	Build wheel and source archive	2026-09-07T16:59:22.5469964Z copying docs/licenses/tlparse-0.4.3-LICENSE.txt -> dynamo_diff-0.1.0/docs/licenses
core (ubuntu-latest)	Build wheel and source archive	2026-09-07T16:59:22.5470731Z copying docs/licenses/transformers-5.10.1-LICENSE.txt -> dynamo_diff-0.1.0/docs/licenses
core (ubuntu-latest)	Build wheel and source archive	2026-09-07T16:59:22.5471457Z copying docs/schemas/capture-v1.schema.json -> dynamo_diff-0.1.0/docs/schemas
core (ubuntu-latest)	Build wheel and source archive	2026-09-07T16:59:22.5472130Z copying docs/schemas/comparison-v1.schema.json -> dynamo_diff-0.1.0/docs/schemas
core (ubuntu-latest)	Build wheel and source archive	2026-09-07T16:59:22.5472716Z copying fixtures/REVIEW.md -> dynamo_diff-0.1.0/fixtures
core (ubuntu-latest)	Build wheel and source archive	2026-09-07T16:59:22.5473440Z copying fixtures/expected.json -> dynamo_diff-0.1.0/fixtures
core (ubuntu-latest)	Build wheel and source archive	2026-09-07T16:59:22.5474013Z copying fixtures/captures/backend_failure/conversion.txt -> dynamo_diff-0.1.0/fixtures/captures/backend_failure
core (ubuntu-latest)	Build wheel and source archive	2026-09-07T16:59:22.5474848Z copying fixtures/captures/backend_failure/manifest.json -> dynamo_diff-0.1.0/fixtures/captures/backend_failure
core (ubuntu-latest)	Build wheel and source archive	2026-09-07T16:59:22.5475728Z copying fixtures/captures/backend_failure/stderr.txt -> dynamo_diff-0.1.0/fixtures/captures/backend_failure
core (ubuntu-latest)	Build wheel and source archive	2026-09-07T16:59:22.5476624Z copying fixtures/captures/backend_failure/stdout.txt -> dynamo_diff-0.1.0/fixtures/captures/backend_failure
core (ubuntu-latest)	Build wheel and source archive	2026-09-07T16:59:22.5477554Z copying fixtures/captures/backend_failure/workload-result.json -> dynamo_diff-0.1.0/fixtures/captures/backend_failure
core (ubuntu-latest)	Build wheel and source archive	2026-09-07T16:59:22.5478590Z copying fixtures/captures/backend_failure/raw/dedicated_log_torch_trace_dhx_vygs.log -> dynamo_diff-0.1.0/fixtures/captures/backend_failure/raw
core (ubuntu-latest)	Build wheel and source archive	2026-09-07T16:59:22.5479739Z copying fixtures/captures/backend_failure/report/chromium_events.json -> dynamo_diff-0.1.0/fixtures/captures/backend_failure/report
core (ubuntu-latest)	Build wheel and source archive	2026-09-07T16:59:22.5480818Z copying fixtures/captures/backend_failure/report/compile_directory.json -> dynamo_diff-0.1.0/fixtures/captures/backend_failure/report
core (ubuntu-latest)	Build wheel and source archive	2026-09-07T16:59:22.5481957Z copying fixtures/captures/backend_failure/report/failures_and_restarts.html -> dynamo_diff-0.1.0/fixtures/captures/backend_failure/report
core (ubuntu-latest)	Build wheel and source archive	2026-09-07T16:59:22.5483032Z copying fixtures/captures/backend_failure/report/index.html -> dynamo_diff-0.1.0/fixtures/captures/backend_failure/report
core (ubuntu-latest)	Build wheel and source archive	2026-09-07T16:59:22.5484094Z copying fixtures/captures/backend_failure/report/raw.jsonl -> dynamo_diff-0.1.0/fixtures/captures/backend_failure/report
core (ubuntu-latest)	Build wheel and source archive	2026-09-07T16:59:22.5485088Z copying fixtures/captures/backend_failure/report/raw.log -> dynamo_diff-0.1.0/fixtures/captures/backend_failure/report
core (ubuntu-latest)	Build wheel and source archive	2026-09-07T16:59:22.5486141Z copying fixtures/captures/backend_failure/report/-_-_-_-/torch_version_0.json -> dynamo_diff-0.1.0/fixtures/captures/backend_failure/report/-_-_-_-
core (ubuntu-latest)	Build wheel and source archive	2026-09-07T16:59:22.5487393Z copying fixtures/captures/backend_failure/report/-_0_0_0/compilation_metrics_3.html -> dynamo_diff-0.1.0/fixtures/captures/backend_failure/report/-_0_0_0
core (ubuntu-latest)	Build wheel and source archive	2026-09-07T16:59:22.5488558Z copying fixtures/captures/backend_failure/report/-_0_0_0/dynamo_error_2.txt -> dynamo_diff-0.1.0/fixtures/captures/backend_failure/report/-_0_0_0
core (ubuntu-latest)	Build wheel and source archive	2026-09-07T16:59:22.5489688Z copying fixtures/captures/backend_failure/report/-_0_0_0/dynamo_output_graph_1.txt -> dynamo_diff-0.1.0/fixtures/captures/backend_failure/report/-_0_0_0
core (ubuntu-latest)	Build wheel and source archive	2026-09-07T16:59:22.5490912Z copying fixtures/captures/backend_failure/sources/compiler_cases.py -> dynamo_diff-0.1.0/fixtures/captures/backend_failure/sources
core (ubuntu-latest)	Build wheel and source archive	2026-09-07T16:59:22.5491854Z copying fixtures/captures/dynamic/conversion.txt -> dynamo_diff-0.1.0/fixtures/captures/dynamic
core (ubuntu-latest)	Build wheel and source archive	2026-09-07T16:59:22.5492696Z copying fixtures/captures/dynamic/manifest.json -> dynamo_diff-0.1.0/fixtures/captures/dynamic
core (ubuntu-latest)	Build wheel and source archive	2026-09-07T16:59:22.5493695Z copying fixtures/captures/dynamic/stderr.txt -> dynamo_diff-0.1.0/fixtures/captures/dynamic
core (ubuntu-latest)	Build wheel and source archive	2026-09-07T16:59:22.5494450Z copying fixtures/captures/dynamic/stdout.txt -> dynamo_diff-0.1.0/fixtures/captures/dynamic
core (ubuntu-latest)	Build wheel and source archive	2026-09-07T16:59:22.5495298Z copying fixtures/captures/dynamic/workload-result.json -> dynamo_diff-0.1.0/fixtures/captures/dynamic
core (ubuntu-latest)	Build wheel and source archive	2026-09-07T16:59:22.5496251Z copying fixtures/captures/dynamic/raw/dedicated_log_torch_trace_2_0mlr_o.log -> dynamo_diff-0.1.0/fixtures/captures/dynamic/raw
core (ubuntu-latest)	Build wheel and source archive	2026-09-07T16:59:22.5497265Z copying fixtures/captures/dynamic/report/chromium_events.json -> dynamo_diff-0.1.0/fixtures/captures/dynamic/report
core (ubuntu-latest)	Build wheel and source archive	2026-09-07T16:59:22.5498331Z copying fixtures/captures/dynamic/report/compile_directory.json -> dynamo_diff-0.1.0/fixtures/captures/dynamic/report
core (ubuntu-latest)	Build wheel and source archive	2026-09-07T16:59:22.5499348Z copying fixtures/captures/dynamic/report/failures_and_restarts.html -> dynamo_diff-0.1.0/fixtures/captures/dynamic/report
core (ubuntu-latest)	Build wheel and source archive	2026-09-07T16:59:22.5500314Z copying fixtures/captures/dynamic/report/index.html -> dynamo_diff-0.1.0/fixtures/captures/dynamic/report
core (ubuntu-latest)	Build wheel and source archive	2026-09-07T16:59:22.5501255Z copying fixtures/captures/dynamic/report/raw.jsonl -> dynamo_diff-0.1.0/fixtures/captures/dynamic/report
core (ubuntu-latest)	Build wheel and source archive	2026-09-07T16:59:22.5502152Z copying fixtures/captures/dynamic/report/raw.log -> dynamo_diff-0.1.0/fixtures/captures/dynamic/report
core (ubuntu-latest)	Build wheel and source archive	2026-09-07T16:59:22.5503083Z copying fixtures/captures/dynamic/report/-_-_-_-/torch_version_0.json -> dynamo_diff-0.1.0/fixtures/captures/dynamic/report/-_-_-_-
core (ubuntu-latest)	Build wheel and source archive	2026-09-07T16:59:22.5504253Z copying fixtures/captures/dynamic/report/-_0_0_0/compilation_metrics_3.html -> dynamo_diff-0.1.0/fixtures/captures/dynamic/report/-_0_0_0
core (ubuntu-latest)	Build wheel and source archive	2026-09-07T16:59:22.5505489Z copying fixtures/captures/dynamic/report/-_0_0_0/dynamo_cpp_guards_str_2.txt -> dynamo_diff-0.1.0/fixtures/captures/dynamic/report/-_0_0_0
core (ubuntu-latest)	Build wheel and source archive	2026-09-07T16:59:22.5506589Z copying fixtures/captures/dynamic/report/-_0_0_0/dynamo_output_graph_1.txt -> dynamo_diff-0.1.0/fixtures/captures/dynamic/report/-_0_0_0
core (ubuntu-latest)	Build wheel and source archive	2026-09-07T16:59:22.5507625Z copying fixtures/captures/dynamic/report/-_0_1_0/compilation_metrics_7.html -> dynamo_diff-0.1.0/fixtures/captures/dynamic/report/-_0_1_0
core (ubuntu-latest)	Build wheel and source archive	2026-09-07T16:59:22.5508726Z copying fixtures/captures/dynamic/report/-_0_1_0/dynamo_cpp_guards_str_6.txt -> dynamo_diff-0.1.0/fixtures/captures/dynamic/report/-_0_1_0
core (ubuntu-latest)	Build wheel and source archive	2026-09-07T16:59:22.5509812Z copying fixtures/captures/dynamic/report/-_0_1_0/dynamo_output_graph_5.txt -> dynamo_diff-0.1.0/fixtures/captures/dynamic/report/-_0_1_0
core (ubuntu-latest)	Build wheel and source archive	2026-09-07T16:59:22.5510938Z copying fixtures/captures/dynamic/report/-_0_1_0/recompile_reasons_4.json -> dynamo_diff-0.1.0/fixtures/captures/dynamic/report/-_0_1_0
core (ubuntu-latest)	Build wheel and source archive	2026-09-07T16:59:22.5511965Z copying fixtures/captures/dynamic/sources/compiler_cases.py -> dynamo_diff-0.1.0/fixtures/captures/dynamic/sources
core (ubuntu-latest)	Build wheel and source archive	2026-09-07T16:59:22.5512850Z copying fixtures/captures/edit_after/conversion.txt -> dynamo_diff-0.1.0/fixtures/captures/edit_after
core (ubuntu-latest)	Build wheel and source archive	2026-09-07T16:59:22.5513789Z copying fixtures/captures/edit_after/manifest.json -> dynamo_diff-0.1.0/fixtures/captures/edit_after
core (ubuntu-latest)	Build wheel and source archive	2026-09-07T16:59:22.5514569Z copying fixtures/captures/edit_after/stderr.txt -> dynamo_diff-0.1.0/fixtures/captures/edit_after
core (ubuntu-latest)	Build wheel and source archive	2026-09-07T16:59:22.5515371Z copying fixtures/captures/edit_after/stdout.txt -> dynamo_diff-0.1.0/fixtures/captures/edit_after
core (ubuntu-latest)	Build wheel and source archive	2026-09-07T16:59:22.5516296Z copying fixtures/captures/edit_after/workload-result.json -> dynamo_diff-0.1.0/fixtures/captures/edit_after
core (ubuntu-latest)	Build wheel and source archive	2026-09-07T16:59:22.5517274Z copying fixtures/captures/edit_after/raw/dedicated_log_torch_trace_u550j1sl.log -> dynamo_diff-0.1.0/fixtures/captures/edit_after/raw
core (ubuntu-latest)	Build wheel and source archive	2026-09-07T16:59:22.5518385Z copying fixtures/captures/edit_after/report/chromium_events.json -> dynamo_diff-0.1.0/fixtures/captures/edit_after/report
core (ubuntu-latest)	Build wheel and source archive	2026-09-07T16:59:22.5519389Z copying fixtures/captures/edit_after/report/compile_directory.json -> dynamo_diff-0.1.0/fixtures/captures/edit_after/report
core (ubuntu-latest)	Build wheel and source archive	2026-09-07T16:59:22.5520432Z copying fixtures/captures/edit_after/report/failures_and_restarts.html -> dynamo_diff-0.1.0/fixtures/captures/edit_after/report
core (ubuntu-latest)	Build wheel and source archive	2026-09-07T16:59:22.5521420Z copying fixtures/captures/edit_after/report/index.html -> dynamo_diff-0.1.0/fixtures/captures/edit_after/report
core (ubuntu-latest)	Build wheel and source archive	2026-09-07T16:59:22.5522364Z copying fixtures/captures/edit_after/report/raw.jsonl -> dynamo_diff-0.1.0/fixtures/captures/edit_after/report
core (ubuntu-latest)	Build wheel and source archive	2026-09-07T16:59:22.5523384Z copying fixtures/captures/edit_after/report/raw.log -> dynamo_diff-0.1.0/fixtures/captures/edit_after/report
core (ubuntu-latest)	Build wheel and source archive	2026-09-07T16:59:22.5524375Z copying fixtures/captures/edit_after/report/-_-_-_-/torch_version_0.json -> dynamo_diff-0.1.0/fixtures/captures/edit_after/report/-_-_-_-
core (ubuntu-latest)	Build wheel and source archive	2026-09-07T16:59:22.5525496Z copying fixtures/captures/edit_after/report/-_0_0_0/compilation_metrics_3.html -> dynamo_diff-0.1.0/fixtures/captures/edit_after/report/-_0_0_0
core (ubuntu-latest)	Build wheel and source archive	2026-09-07T16:59:22.5526648Z copying fixtures/captures/edit_after/report/-_0_0_0/dynamo_cpp_guards_str_2.txt -> dynamo_diff-0.1.0/fixtures/captures/edit_after/report/-_0_0_0
core (ubuntu-latest)	Build wheel and source archive	2026-09-07T16:59:22.5527764Z copying fixtures/captures/edit_after/report/-_0_0_0/dynamo_output_graph_1.txt -> dynamo_diff-0.1.0/fixtures/captures/edit_after/report/-_0_0_0
core (ubuntu-latest)	Build wheel and source archive	2026-09-07T16:59:22.5529007Z copying fixtures/captures/edit_after/report/-_1_0_0/compilation_metrics_6.html -> dynamo_diff-0.1.0/fixtures/captures/edit_after/report/-_1_0_0
core (ubuntu-latest)	Build wheel and source archive	2026-09-07T16:59:22.5530138Z copying fixtures/captures/edit_after/report/-_1_0_0/dynamo_cpp_guards_str_5.txt -> dynamo_diff-0.1.0/fixtures/captures/edit_after/report/-_1_0_0
core (ubuntu-latest)	Build wheel and source archive	2026-09-07T16:59:22.5531299Z copying fixtures/captures/edit_after/report/-_1_0_0/dynamo_output_graph_4.txt -> dynamo_diff-0.1.0/fixtures/captures/edit_after/report/-_1_0_0
core (ubuntu-latest)	Build wheel and source archive	2026-09-07T16:59:22.5532289Z copying fixtures/captures/edit_after/sources/model.py -> dynamo_diff-0.1.0/fixtures/captures/edit_after/sources
core (ubuntu-latest)	Build wheel and source archive	2026-09-07T16:59:22.5533341Z copying fixtures/captures/edit_before/conversion.txt -> dynamo_diff-0.1.0/fixtures/captures/edit_before
core (ubuntu-latest)	Build wheel and source archive	2026-09-07T16:59:22.5534268Z copying fixtures/captures/edit_before/manifest.json -> dynamo_diff-0.1.0/fixtures/captures/edit_before
core (ubuntu-latest)	Build wheel and source archive	2026-09-07T16:59:22.5535110Z copying fixtures/captures/edit_before/stderr.txt -> dynamo_diff-0.1.0/fixtures/captures/edit_before
core (ubuntu-latest)	Build wheel and source archive	2026-09-07T16:59:22.5535965Z copying fixtures/captures/edit_before/stdout.txt -> dynamo_diff-0.1.0/fixtures/captures/edit_before
core (ubuntu-latest)	Build wheel and source archive	2026-09-07T16:59:22.5536830Z copying fixtures/captures/edit_before/workload-result.json -> dynamo_diff-0.1.0/fixtures/captures/edit_before
core (ubuntu-latest)	Build wheel and source archive	2026-09-07T16:59:22.5537829Z copying fixtures/captures/edit_before/raw/dedicated_log_torch_trace_oy3d846h.log -> dynamo_diff-0.1.0/fixtures/captures/edit_before/raw
core (ubuntu-latest)	Build wheel and source archive	2026-09-07T16:59:22.5538905Z copying fixtures/captures/edit_before/report/chromium_events.json -> dynamo_diff-0.1.0/fixtures/captures/edit_before/report
core (ubuntu-latest)	Build wheel and source archive	2026-09-07T16:59:22.5539952Z copying fixtures/captures/edit_before/report/compile_directory.json -> dynamo_diff-0.1.0/fixtures/captures/edit_before/report
core (ubuntu-latest)	Build wheel and source archive	2026-09-07T16:59:22.5541032Z copying fixtures/captures/edit_before/report/failures_and_restarts.html -> dynamo_diff-0.1.0/fixtures/captures/edit_before/report
core (ubuntu-latest)	Build wheel and source archive	2026-09-07T16:59:22.5541952Z copying fixtures/captures/edit_before/report/index.html -> dynamo_diff-0.1.0/fixtures/captures/edit_before/report
core (ubuntu-latest)	Build wheel and source archive	2026-09-07T16:59:22.5542659Z copying fixtures/captures/edit_before/report/raw.jsonl -> dynamo_diff-0.1.0/fixtures/captures/edit_before/report
core (ubuntu-latest)	Build wheel and source archive	2026-09-07T16:59:22.5545330Z copying fixtures/captures/edit_before/report/raw.log -> dynamo_diff-0.1.0/fixtures/captures/edit_before/report
core (ubuntu-latest)	Build wheel and source archive	2026-09-07T16:59:22.5546403Z copying fixtures/captures/edit_before/report/-_-_-_-/torch_version_0.json -> dynamo_diff-0.1.0/fixtures/captures/edit_before/report/-_-_-_-
core (ubuntu-latest)	Build wheel and source archive	2026-09-07T16:59:22.5547629Z copying fixtures/captures/edit_before/report/-_0_0_0/compilation_metrics_3.html -> dynamo_diff-0.1.0/fixtures/captures/edit_before/report/-_0_0_0
core (ubuntu-latest)	Build wheel and source archive	2026-09-07T16:59:22.5548678Z copying fixtures/captures/edit_before/report/-_0_0_0/dynamo_cpp_guards_str_2.txt -> dynamo_diff-0.1.0/fixtures/captures/edit_before/report/-_0_0_0
core (ubuntu-latest)	Build wheel and source archive	2026-09-07T16:59:22.5549694Z copying fixtures/captures/edit_before/report/-_0_0_0/dynamo_output_graph_1.txt -> dynamo_diff-0.1.0/fixtures/captures/edit_before/report/-_0_0_0
core (ubuntu-latest)	Build wheel and source archive	2026-09-07T16:59:22.5550765Z copying fixtures/captures/edit_before/report/-_0_1_0/compilation_metrics_7.html -> dynamo_diff-0.1.0/fixtures/captures/edit_before/report/-_0_1_0
core (ubuntu-latest)	Build wheel and source archive	2026-09-07T16:59:22.5551836Z copying fixtures/captures/edit_before/report/-_0_1_0/dynamo_cpp_guards_str_6.txt -> dynamo_diff-0.1.0/fixtures/captures/edit_before/report/-_0_1_0
core (ubuntu-latest)	Build wheel and source archive	2026-09-07T16:59:22.5552949Z copying fixtures/captures/edit_before/report/-_0_1_0/dynamo_output_graph_5.txt -> dynamo_diff-0.1.0/fixtures/captures/edit_before/report/-_0_1_0
core (ubuntu-latest)	Build wheel and source archive	2026-09-07T16:59:22.5554273Z copying fixtures/captures/edit_before/report/-_0_1_0/recompile_reasons_4.json -> dynamo_diff-0.1.0/fixtures/captures/edit_before/report/-_0_1_0
core (ubuntu-latest)	Build wheel and source archive	2026-09-07T16:59:22.5555272Z copying fixtures/captures/edit_before/report/-_0_2_0/compilation_metrics_11.html -> dynamo_diff-0.1.0/fixtures/captures/edit_before/report/-_0_2_0
core (ubuntu-latest)	Build wheel and source archive	2026-09-07T16:59:22.5556367Z copying fixtures/captures/edit_before/report/-_0_2_0/dynamo_cpp_guards_str_10.txt -> dynamo_diff-0.1.0/fixtures/captures/edit_before/report/-_0_2_0
core (ubuntu-latest)	Build wheel and source archive	2026-09-07T16:59:22.5557599Z copying fixtures/captures/edit_before/report/-_0_2_0/dynamo_output_graph_9.txt -> dynamo_diff-0.1.0/fixtures/captures/edit_before/report/-_0_2_0
core (ubuntu-latest)	Build wheel and source archive	2026-09-07T16:59:22.5558698Z copying fixtures/captures/edit_before/report/-_0_2_0/recompile_reasons_8.json -> dynamo_diff-0.1.0/fixtures/captures/edit_before/report/-_0_2_0
core (ubuntu-latest)	Build wheel and source archive	2026-09-07T16:59:22.5559636Z copying fixtures/captures/edit_before/sources/model.py -> dynamo_diff-0.1.0/fixtures/captures/edit_before/sources
core (ubuntu-latest)	Build wheel and source archive	2026-09-07T16:59:22.5560432Z copying fixtures/captures/grad/conversion.txt -> dynamo_diff-0.1.0/fixtures/captures/grad
core (ubuntu-latest)	Build wheel and source archive	2026-09-07T16:59:22.5561209Z copying fixtures/captures/grad/manifest.json -> dynamo_diff-0.1.0/fixtures/captures/grad
core (ubuntu-latest)	Build wheel and source archive	2026-09-07T16:59:22.5561940Z copying fixtures/captures/grad/stderr.txt -> dynamo_diff-0.1.0/fixtures/captures/grad
core (ubuntu-latest)	Build wheel and source archive	2026-09-07T16:59:22.5562641Z copying fixtures/captures/grad/stdout.txt -> dynamo_diff-0.1.0/fixtures/captures/grad
core (ubuntu-latest)	Build wheel and source archive	2026-09-07T16:59:22.5563739Z copying fixtures/captures/grad/workload-result.json -> dynamo_diff-0.1.0/fixtures/captures/grad
core (ubuntu-latest)	Build wheel and source archive	2026-09-07T16:59:22.5564689Z copying fixtures/captures/grad/raw/dedicated_log_torch_trace_cgjupozt.log -> dynamo_diff-0.1.0/fixtures/captures/grad/raw
core (ubuntu-latest)	Build wheel and source archive	2026-09-07T16:59:22.5565642Z copying fixtures/captures/grad/report/chromium_events.json -> dynamo_diff-0.1.0/fixtures/captures/grad/report
core (ubuntu-latest)	Build wheel and source archive	2026-09-07T16:59:22.5566571Z copying fixtures/captures/grad/report/compile_directory.json -> dynamo_diff-0.1.0/fixtures/captures/grad/report
core (ubuntu-latest)	Build wheel and source archive	2026-09-07T16:59:22.5567500Z copying fixtures/captures/grad/report/failures_and_restarts.html -> dynamo_diff-0.1.0/fixtures/captures/grad/report
core (ubuntu-latest)	Build wheel and source archive	2026-09-07T16:59:22.5568384Z copying fixtures/captures/grad/report/index.html -> dynamo_diff-0.1.0/fixtures/captures/grad/report
core (ubuntu-latest)	Build wheel and source archive	2026-09-07T16:59:22.5569193Z copying fixtures/captures/grad/report/raw.jsonl -> dynamo_diff-0.1.0/fixtures/captures/grad/report
core (ubuntu-latest)	Build wheel and source archive	2026-09-07T16:59:22.5570036Z copying fixtures/captures/grad/report/raw.log -> dynamo_diff-0.1.0/fixtures/captures/grad/report
core (ubuntu-latest)	Build wheel and source archive	2026-09-07T16:59:22.5570953Z copying fixtures/captures/grad/report/-_-_-_-/torch_version_0.json -> dynamo_diff-0.1.0/fixtures/captures/grad/report/-_-_-_-
core (ubuntu-latest)	Build wheel and source archive	2026-09-07T16:59:22.5571960Z copying fixtures/captures/grad/report/-_0_0_0/compilation_metrics_3.html -> dynamo_diff-0.1.0/fixtures/captures/grad/report/-_0_0_0
core (ubuntu-latest)	Build wheel and source archive	2026-09-07T16:59:22.5573017Z copying fixtures/captures/grad/report/-_0_0_0/dynamo_cpp_guards_str_2.txt -> dynamo_diff-0.1.0/fixtures/captures/grad/report/-_0_0_0
core (ubuntu-latest)	Build wheel and source archive	2026-09-07T16:59:22.5574335Z copying fixtures/captures/grad/report/-_0_0_0/dynamo_output_graph_1.txt -> dynamo_diff-0.1.0/fixtures/captures/grad/report/-_0_0_0
core (ubuntu-latest)	Build wheel and source archive	2026-09-07T16:59:22.5575421Z copying fixtures/captures/grad/report/-_0_1_0/compilation_metrics_7.html -> dynamo_diff-0.1.0/fixtures/captures/grad/report/-_0_1_0
core (ubuntu-latest)	Build wheel and source archive	2026-09-07T16:59:22.5576489Z copying fixtures/captures/grad/report/-_0_1_0/dynamo_cpp_guards_str_6.txt -> dynamo_diff-0.1.0/fixtures/captures/grad/report/-_0_1_0
core (ubuntu-latest)	Build wheel and source archive	2026-09-07T16:59:22.5577592Z copying fixtures/captures/grad/report/-_0_1_0/dynamo_output_graph_5.txt -> dynamo_diff-0.1.0/fixtures/captures/grad/report/-_0_1_0
core (ubuntu-latest)	Build wheel and source archive	2026-09-07T16:59:22.5578624Z copying fixtures/captures/grad/report/-_0_1_0/recompile_reasons_4.json -> dynamo_diff-0.1.0/fixtures/captures/grad/report/-_0_1_0
core (ubuntu-latest)	Build wheel and source archive	2026-09-07T16:59:22.5579596Z copying fixtures/captures/grad/sources/compiler_cases.py -> dynamo_diff-0.1.0/fixtures/captures/grad/sources
core (ubuntu-latest)	Build wheel and source archive	2026-09-07T16:59:22.5580502Z copying fixtures/captures/graph_break/conversion.txt -> dynamo_diff-0.1.0/fixtures/captures/graph_break
core (ubuntu-latest)	Build wheel and source archive	2026-09-07T16:59:22.5581358Z copying fixtures/captures/graph_break/manifest.json -> dynamo_diff-0.1.0/fixtures/captures/graph_break
core (ubuntu-latest)	Build wheel and source archive	2026-09-07T16:59:22.5582190Z copying fixtures/captures/graph_break/stderr.txt -> dynamo_diff-0.1.0/fixtures/captures/graph_break
core (ubuntu-latest)	Build wheel and source archive	2026-09-07T16:59:22.5583013Z copying fixtures/captures/graph_break/stdout.txt -> dynamo_diff-0.1.0/fixtures/captures/graph_break
core (ubuntu-latest)	Build wheel and source archive	2026-09-07T16:59:22.5584032Z copying fixtures/captures/graph_break/workload-result.json -> dynamo_diff-0.1.0/fixtures/captures/graph_break
core (ubuntu-latest)	Build wheel and source archive	2026-09-07T16:59:22.5585115Z copying fixtures/captures/graph_break/raw/dedicated_log_torch_trace_sam21mqs.log -> dynamo_diff-0.1.0/fixtures/captures/graph_break/raw
core (ubuntu-latest)	Build wheel and source archive	2026-09-07T16:59:22.5586125Z copying fixtures/captures/graph_break/report/chromium_events.json -> dynamo_diff-0.1.0/fixtures/captures/graph_break/report
core (ubuntu-latest)	Build wheel and source archive	2026-09-07T16:59:22.5587206Z copying fixtures/captures/graph_break/report/compile_directory.json -> dynamo_diff-0.1.0/fixtures/captures/graph_break/report
core (ubuntu-latest)	Build wheel and source archive	2026-09-07T16:59:22.5588302Z copying fixtures/captures/graph_break/report/failures_and_restarts.html -> dynamo_diff-0.1.0/fixtures/captures/graph_break/report
core (ubuntu-latest)	Build wheel and source archive	2026-09-07T16:59:22.5589296Z copying fixtures/captures/graph_break/report/index.html -> dynamo_diff-0.1.0/fixtures/captures/graph_break/report
core (ubuntu-latest)	Build wheel and source archive	2026-09-07T16:59:22.5590264Z copying fixtures/captures/graph_break/report/raw.jsonl -> dynamo_diff-0.1.0/fixtures/captures/graph_break/report
core (ubuntu-latest)	Build wheel and source archive	2026-09-07T16:59:22.5591181Z copying fixtures/captures/graph_break/report/raw.log -> dynamo_diff-0.1.0/fixtures/captures/graph_break/report
core (ubuntu-latest)	Build wheel and source archive	2026-09-07T16:59:22.5592167Z copying fixtures/captures/graph_break/report/-_-_-_-/torch_version_0.json -> dynamo_diff-0.1.0/fixtures/captures/graph_break/report/-_-_-_-
core (ubuntu-latest)	Build wheel and source archive	2026-09-07T16:59:22.5593660Z copying fixtures/captures/graph_break/report/-_0_0_0/dynamo_graph_break_reason_1.txt -> dynamo_diff-0.1.0/fixtures/captures/graph_break/report/-_0_0_0
core (ubuntu-latest)	Build wheel and source archive	2026-09-07T16:59:22.5594766Z copying fixtures/captures/graph_break/report/-_0_0_1/compilation_metrics_4.html -> dynamo_diff-0.1.0/fixtures/captures/graph_break/report/-_0_0_1
core (ubuntu-latest)	Build wheel and source archive	2026-09-07T16:59:22.5595921Z copying fixtures/captures/graph_break/report/-_0_0_1/dynamo_cpp_guards_str_3.txt -> dynamo_diff-0.1.0/fixtures/captures/graph_break/report/-_0_0_1
core (ubuntu-latest)	Build wheel and source archive	2026-09-07T16:59:22.5597064Z copying fixtures/captures/graph_break/report/-_0_0_1/dynamo_output_graph_2.txt -> dynamo_diff-0.1.0/fixtures/captures/graph_break/report/-_0_0_1
core (ubuntu-latest)	Build wheel and source archive	2026-09-07T16:59:22.5598276Z copying fixtures/captures/graph_break/report/-_1_0_0/compilation_metrics_9.html -> dynamo_diff-0.1.0/fixtures/captures/graph_break/report/-_1_0_0
core (ubuntu-latest)	Build wheel and source archive	2026-09-07T16:59:22.5599465Z copying fixtures/captures/graph_break/report/-_1_0_0/dynamo_cpp_guards_str_8.txt -> dynamo_diff-0.1.0/fixtures/captures/graph_break/report/-_1_0_0
core (ubuntu-latest)	Build wheel and source archive	2026-09-07T16:59:22.5600606Z copying fixtures/captures/graph_break/report/-_1_0_0/dynamo_output_graph_6.txt -> dynamo_diff-0.1.0/fixtures/captures/graph_break/report/-_1_0_0
core (ubuntu-latest)	Build wheel and source archive	2026-09-07T16:59:22.5601981Z copying fixtures/captures/graph_break/report/-_1_0_0/torch_dynamo_resume_in_graph_break_compute_at_22_MODIFIED_BYTECODE_7.txt -> dynamo_diff-0.1.0/fixtures/captures/graph_break/report/-_1_0_0
core (ubuntu-latest)	Build wheel and source archive	2026-09-07T16:59:22.5603591Z copying fixtures/captures/graph_break/report/-_1_0_0/torch_dynamo_resume_in_graph_break_compute_at_22_ORIGINAL_BYTECODE_5.txt -> dynamo_diff-0.1.0/fixtures/captures/graph_break/report/-_1_0_0
core (ubuntu-latest)	Build wheel and source archive	2026-09-07T16:59:22.5604839Z copying fixtures/captures/graph_break/sources/compiler_cases.py -> dynamo_diff-0.1.0/fixtures/captures/graph_break/sources
core (ubuntu-latest)	Build wheel and source archive	2026-09-07T16:59:22.5605810Z copying fixtures/captures/identity/conversion.txt -> dynamo_diff-0.1.0/fixtures/captures/identity
core (ubuntu-latest)	Build wheel and source archive	2026-09-07T16:59:22.5606651Z copying fixtures/captures/identity/manifest.json -> dynamo_diff-0.1.0/fixtures/captures/identity
core (ubuntu-latest)	Build wheel and source archive	2026-09-07T16:59:22.5607475Z copying fixtures/captures/identity/stderr.txt -> dynamo_diff-0.1.0/fixtures/captures/identity
core (ubuntu-latest)	Build wheel and source archive	2026-09-07T16:59:22.5608362Z copying fixtures/captures/identity/stdout.txt -> dynamo_diff-0.1.0/fixtures/captures/identity
core (ubuntu-latest)	Build wheel and source archive	2026-09-07T16:59:22.5609173Z copying fixtures/captures/identity/workload-result.json -> dynamo_diff-0.1.0/fixtures/captures/identity
core (ubuntu-latest)	Build wheel and source archive	2026-09-07T16:59:22.5610160Z copying fixtures/captures/identity/raw/dedicated_log_torch_trace_ddfbqjww.log -> dynamo_diff-0.1.0/fixtures/captures/identity/raw
core (ubuntu-latest)	Build wheel and source archive	2026-09-07T16:59:22.5611200Z copying fixtures/captures/identity/report/chromium_events.json -> dynamo_diff-0.1.0/fixtures/captures/identity/report
core (ubuntu-latest)	Build wheel and source archive	2026-09-07T16:59:22.5612288Z copying fixtures/captures/identity/report/compile_directory.json -> dynamo_diff-0.1.0/fixtures/captures/identity/report
core (ubuntu-latest)	Build wheel and source archive	2026-09-07T16:59:22.5613448Z copying fixtures/captures/identity/report/failures_and_restarts.html -> dynamo_diff-0.1.0/fixtures/captures/identity/report
core (ubuntu-latest)	Build wheel and source archive	2026-09-07T16:59:22.5614385Z copying fixtures/captures/identity/report/index.html -> dynamo_diff-0.1.0/fixtures/captures/identity/report
core (ubuntu-latest)	Build wheel and source archive	2026-09-07T16:59:22.5615315Z copying fixtures/captures/identity/report/raw.jsonl -> dynamo_diff-0.1.0/fixtures/captures/identity/report
core (ubuntu-latest)	Build wheel and source archive	2026-09-07T16:59:22.5616189Z copying fixtures/captures/identity/report/raw.log -> dynamo_diff-0.1.0/fixtures/captures/identity/report
core (ubuntu-latest)	Build wheel and source archive	2026-09-07T16:59:22.5617196Z copying fixtures/captures/identity/report/-_-_-_-/torch_version_0.json -> dynamo_diff-0.1.0/fixtures/captures/identity/report/-_-_-_-
core (ubuntu-latest)	Build wheel and source archive	2026-09-07T16:59:22.5618287Z copying fixtures/captures/identity/report/-_0_0_0/compilation_metrics_3.html -> dynamo_diff-0.1.0/fixtures/captures/identity/report/-_0_0_0
core (ubuntu-latest)	Build wheel and source archive	2026-09-07T16:59:22.5619391Z copying fixtures/captures/identity/report/-_0_0_0/dynamo_cpp_guards_str_2.txt -> dynamo_diff-0.1.0/fixtures/captures/identity/report/-_0_0_0
core (ubuntu-latest)	Build wheel and source archive	2026-09-07T16:59:22.5620539Z copying fixtures/captures/identity/report/-_0_0_0/dynamo_output_graph_1.txt -> dynamo_diff-0.1.0/fixtures/captures/identity/report/-_0_0_0
core (ubuntu-latest)	Build wheel and source archive	2026-09-07T16:59:22.5621642Z copying fixtures/captures/identity/report/-_0_1_0/compilation_metrics_7.html -> dynamo_diff-0.1.0/fixtures/captures/identity/report/-_0_1_0
core (ubuntu-latest)	Build wheel and source archive	2026-09-07T16:59:22.5622709Z copying fixtures/captures/identity/report/-_0_1_0/dynamo_cpp_guards_str_6.txt -> dynamo_diff-0.1.0/fixtures/captures/identity/report/-_0_1_0
core (ubuntu-latest)	Build wheel and source archive	2026-09-07T16:59:22.5623945Z copying fixtures/captures/identity/report/-_0_1_0/dynamo_output_graph_5.txt -> dynamo_diff-0.1.0/fixtures/captures/identity/report/-_0_1_0
core (ubuntu-latest)	Build wheel and source archive	2026-09-07T16:59:22.5625014Z copying fixtures/captures/identity/report/-_0_1_0/recompile_reasons_4.json -> dynamo_diff-0.1.0/fixtures/captures/identity/report/-_0_1_0
core (ubuntu-latest)	Build wheel and source archive	2026-09-07T16:59:22.5626146Z copying fixtures/captures/identity/report/-_0_2_0/compilation_metrics_11.html -> dynamo_diff-0.1.0/fixtures/captures/identity/report/-_0_2_0
core (ubuntu-latest)	Build wheel and source archive	2026-09-07T16:59:22.5627252Z copying fixtures/captures/identity/report/-_0_2_0/dynamo_cpp_guards_str_10.txt -> dynamo_diff-0.1.0/fixtures/captures/identity/report/-_0_2_0
core (ubuntu-latest)	Build wheel and source archive	2026-09-07T16:59:22.5628345Z copying fixtures/captures/identity/report/-_0_2_0/dynamo_output_graph_9.txt -> dynamo_diff-0.1.0/fixtures/captures/identity/report/-_0_2_0
core (ubuntu-latest)	Build wheel and source archive	2026-09-07T16:59:22.5629540Z copying fixtures/captures/identity/report/-_0_2_0/recompile_reasons_8.json -> dynamo_diff-0.1.0/fixtures/captures/identity/report/-_0_2_0
core (ubuntu-latest)	Build wheel and source archive	2026-09-07T16:59:22.5630540Z copying fixtures/captures/identity/sources/compiler_cases.py -> dynamo_diff-0.1.0/fixtures/captures/identity/sources
core (ubuntu-latest)	Build wheel and source archive	2026-09-07T16:59:22.5631572Z copying fixtures/captures/identity_partitioned/conversion.txt -> dynamo_diff-0.1.0/fixtures/captures/identity_partitioned
core (ubuntu-latest)	Build wheel and source archive	2026-09-07T16:59:22.5632569Z copying fixtures/captures/identity_partitioned/manifest.json -> dynamo_diff-0.1.0/fixtures/captures/identity_partitioned
core (ubuntu-latest)	Build wheel and source archive	2026-09-07T16:59:22.5633686Z copying fixtures/captures/identity_partitioned/stderr.txt -> dynamo_diff-0.1.0/fixtures/captures/identity_partitioned
core (ubuntu-latest)	Build wheel and source archive	2026-09-07T16:59:22.5634651Z copying fixtures/captures/identity_partitioned/stdout.txt -> dynamo_diff-0.1.0/fixtures/captures/identity_partitioned
core (ubuntu-latest)	Build wheel and source archive	2026-09-07T16:59:22.5635637Z copying fixtures/captures/identity_partitioned/workload-result.json -> dynamo_diff-0.1.0/fixtures/captures/identity_partitioned
core (ubuntu-latest)	Build wheel and source archive	2026-09-07T16:59:22.5636841Z copying fixtures/captures/identity_partitioned/raw/dedicated_log_torch_trace_y2569el1.log -> dynamo_diff-0.1.0/fixtures/captures/identity_partitioned/raw
core (ubuntu-latest)	Build wheel and source archive	2026-09-07T16:59:22.5638011Z copying fixtures/captures/identity_partitioned/report/chromium_events.json -> dynamo_diff-0.1.0/fixtures/captures/identity_partitioned/report
core (ubuntu-latest)	Build wheel and source archive	2026-09-07T16:59:22.5639183Z copying fixtures/captures/identity_partitioned/report/compile_directory.json -> dynamo_diff-0.1.0/fixtures/captures/identity_partitioned/report
core (ubuntu-latest)	Build wheel and source archive	2026-09-07T16:59:22.5640461Z copying fixtures/captures/identity_partitioned/report/failures_and_restarts.html -> dynamo_diff-0.1.0/fixtures/captures/identity_partitioned/report
core (ubuntu-latest)	Build wheel and source archive	2026-09-07T16:59:22.5641657Z copying fixtures/captures/identity_partitioned/report/index.html -> dynamo_diff-0.1.0/fixtures/captures/identity_partitioned/report
core (ubuntu-latest)	Build wheel and source archive	2026-09-07T16:59:22.5642769Z copying fixtures/captures/identity_partitioned/report/raw.jsonl -> dynamo_diff-0.1.0/fixtures/captures/identity_partitioned/report
core (ubuntu-latest)	Build wheel and source archive	2026-09-07T16:59:22.5643913Z copying fixtures/captures/identity_partitioned/report/raw.log -> dynamo_diff-0.1.0/fixtures/captures/identity_partitioned/report
core (ubuntu-latest)	Build wheel and source archive	2026-09-07T16:59:22.5645063Z copying fixtures/captures/identity_partitioned/report/-_-_-_-/torch_version_0.json -> dynamo_diff-0.1.0/fixtures/captures/identity_partitioned/report/-_-_-_-
core (ubuntu-latest)	Build wheel and source archive	2026-09-07T16:59:22.5646354Z copying fixtures/captures/identity_partitioned/report/-_0_0_0/compilation_metrics_3.html -> dynamo_diff-0.1.0/fixtures/captures/identity_partitioned/report/-_0_0_0
core (ubuntu-latest)	Build wheel and source archive	2026-09-07T16:59:22.5647671Z copying fixtures/captures/identity_partitioned/report/-_0_0_0/dynamo_cpp_guards_str_2.txt -> dynamo_diff-0.1.0/fixtures/captures/identity_partitioned/report/-_0_0_0
core (ubuntu-latest)	Build wheel and source archive	2026-09-07T16:59:22.5648989Z copying fixtures/captures/identity_partitioned/report/-_0_0_0/dynamo_output_graph_1.txt -> dynamo_diff-0.1.0/fixtures/captures/identity_partitioned/report/-_0_0_0
core (ubuntu-latest)	Build wheel and source archive	2026-09-07T16:59:22.5650268Z copying fixtures/captures/identity_partitioned/report/-_0_1_0/compilation_metrics_6.html -> dynamo_diff-0.1.0/fixtures/captures/identity_partitioned/report/-_0_1_0
core (ubuntu-latest)	Build wheel and source archive	2026-09-07T16:59:22.5651743Z copying fixtures/captures/identity_partitioned/report/-_0_1_0/dynamo_cpp_guards_str_5.txt -> dynamo_diff-0.1.0/fixtures/captures/identity_partitioned/report/-_0_1_0
core (ubuntu-latest)	Build wheel and source archive	2026-09-07T16:59:22.5652858Z copying fixtures/captures/identity_partitioned/report/-_0_1_0/dynamo_output_graph_4.txt -> dynamo_diff-0.1.0/fixtures/captures/identity_partitioned/report/-_0_1_0
core (ubuntu-latest)	Build wheel and source archive	2026-09-07T16:59:22.5654128Z copying fixtures/captures/identity_partitioned/report/-_0_2_0/compilation_metrics_9.html -> dynamo_diff-0.1.0/fixtures/captures/identity_partitioned/report/-_0_2_0
core (ubuntu-latest)	Build wheel and source archive	2026-09-07T16:59:22.5655331Z copying fixtures/captures/identity_partitioned/report/-_0_2_0/dynamo_cpp_guards_str_8.txt -> dynamo_diff-0.1.0/fixtures/captures/identity_partitioned/report/-_0_2_0
core (ubuntu-latest)	Build wheel and source archive	2026-09-07T16:59:22.5656488Z copying fixtures/captures/identity_partitioned/report/-_0_2_0/dynamo_output_graph_7.txt -> dynamo_diff-0.1.0/fixtures/captures/identity_partitioned/report/-_0_2_0
core (ubuntu-latest)	Build wheel and source archive	2026-09-07T16:59:22.5657683Z copying fixtures/captures/identity_partitioned/sources/compiler_cases.py -> dynamo_diff-0.1.0/fixtures/captures/identity_partitioned/sources
core (ubuntu-latest)	Build wheel and source archive	2026-09-07T16:59:22.5658598Z copying fixtures/captures/limit/conversion.txt -> dynamo_diff-0.1.0/fixtures/captures/limit
core (ubuntu-latest)	Build wheel and source archive	2026-09-07T16:59:22.5659305Z copying fixtures/captures/limit/manifest.json -> dynamo_diff-0.1.0/fixtures/captures/limit
core (ubuntu-latest)	Build wheel and source archive	2026-09-07T16:59:22.5660205Z copying fixtures/captures/limit/stderr.txt -> dynamo_diff-0.1.0/fixtures/captures/limit
core (ubuntu-latest)	Build wheel and source archive	2026-09-07T16:59:22.5660914Z copying fixtures/captures/limit/stdout.txt -> dynamo_diff-0.1.0/fixtures/captures/limit
core (ubuntu-latest)	Build wheel and source archive	2026-09-07T16:59:22.5661672Z copying fixtures/captures/limit/workload-result.json -> dynamo_diff-0.1.0/fixtures/captures/limit
core (ubuntu-latest)	Build wheel and source archive	2026-09-07T16:59:22.5662553Z copying fixtures/captures/limit/raw/dedicated_log_torch_trace_j2999d7f.log -> dynamo_diff-0.1.0/fixtures/captures/limit/raw
core (ubuntu-latest)	Build wheel and source archive	2026-09-07T16:59:22.5663656Z copying fixtures/captures/limit/report/chromium_events.json -> dynamo_diff-0.1.0/fixtures/captures/limit/report
core (ubuntu-latest)	Build wheel and source archive	2026-09-07T16:59:22.5664545Z copying fixtures/captures/limit/report/compile_directory.json -> dynamo_diff-0.1.0/fixtures/captures/limit/report
core (ubuntu-latest)	Build wheel and source archive	2026-09-07T16:59:22.5665430Z copying fixtures/captures/limit/report/failures_and_restarts.html -> dynamo_diff-0.1.0/fixtures/captures/limit/report
core (ubuntu-latest)	Build wheel and source archive	2026-09-07T16:59:22.5666332Z copying fixtures/captures/limit/report/index.html -> dynamo_diff-0.1.0/fixtures/captures/limit/report
core (ubuntu-latest)	Build wheel and source archive	2026-09-07T16:59:22.5667196Z copying fixtures/captures/limit/report/raw.jsonl -> dynamo_diff-0.1.0/fixtures/captures/limit/report
core (ubuntu-latest)	Build wheel and source archive	2026-09-07T16:59:22.5667960Z copying fixtures/captures/limit/report/raw.log -> dynamo_diff-0.1.0/fixtures/captures/limit/report
core (ubuntu-latest)	Build wheel and source archive	2026-09-07T16:59:22.5668836Z copying fixtures/captures/limit/report/-_-_-_-/torch_version_0.json -> dynamo_diff-0.1.0/fixtures/captures/limit/report/-_-_-_-
core (ubuntu-latest)	Build wheel and source archive	2026-09-07T16:59:22.5669810Z copying fixtures/captures/limit/report/-_0_0_0/compilation_metrics_3.html -> dynamo_diff-0.1.0/fixtures/captures/limit/report/-_0_0_0
core (ubuntu-latest)	Build wheel and source archive	2026-09-07T16:59:22.5670862Z copying fixtures/captures/limit/report/-_0_0_0/dynamo_cpp_guards_str_2.txt -> dynamo_diff-0.1.0/fixtures/captures/limit/report/-_0_0_0
core (ubuntu-latest)	Build wheel and source archive	2026-09-07T16:59:22.5671835Z copying fixtures/captures/limit/report/-_0_0_0/dynamo_output_graph_1.txt -> dynamo_diff-0.1.0/fixtures/captures/limit/report/-_0_0_0
core (ubuntu-latest)	Build wheel and source archive	2026-09-07T16:59:22.5672952Z copying fixtures/captures/limit/report/-_0_1_0/compilation_metrics_7.html -> dynamo_diff-0.1.0/fixtures/captures/limit/report/-_0_1_0
core (ubuntu-latest)	Build wheel and source archive	2026-09-07T16:59:22.5674198Z copying fixtures/captures/limit/report/-_0_1_0/dynamo_cpp_guards_str_6.txt -> dynamo_diff-0.1.0/fixtures/captures/limit/report/-_0_1_0
core (ubuntu-latest)	Build wheel and source archive	2026-09-07T16:59:22.5675127Z copying fixtures/captures/limit/report/-_0_1_0/dynamo_output_graph_5.txt -> dynamo_diff-0.1.0/fixtures/captures/limit/report/-_0_1_0
core (ubuntu-latest)	Build wheel and source archive	2026-09-07T16:59:22.5676200Z copying fixtures/captures/limit/report/-_0_1_0/recompile_reasons_4.json -> dynamo_diff-0.1.0/fixtures/captures/limit/report/-_0_1_0
core (ubuntu-latest)	Build wheel and source archive	2026-09-07T16:59:22.5677147Z copying fixtures/captures/limit/report/-_0_2_0/compilation_metrics_9.html -> dynamo_diff-0.1.0/fixtures/captures/limit/report/-_0_2_0
core (ubuntu-latest)	Build wheel and source archive	2026-09-07T16:59:22.5678140Z copying fixtures/captures/limit/report/-_0_2_0/recompile_reasons_8.json -> dynamo_diff-0.1.0/fixtures/captures/limit/report/-_0_2_0
core (ubuntu-latest)	Build wheel and source archive	2026-09-07T16:59:22.5679073Z copying fixtures/captures/limit/sources/compiler_cases.py -> dynamo_diff-0.1.0/fixtures/captures/limit/sources
core (ubuntu-latest)	Build wheel and source archive	2026-09-07T16:59:22.5679919Z copying fixtures/captures/multiple_guards/conversion.txt -> dynamo_diff-0.1.0/fixtures/captures/multiple_guards
core (ubuntu-latest)	Build wheel and source archive	2026-09-07T16:59:22.5680832Z copying fixtures/captures/multiple_guards/manifest.json -> dynamo_diff-0.1.0/fixtures/captures/multiple_guards
core (ubuntu-latest)	Build wheel and source archive	2026-09-07T16:59:22.5681714Z copying fixtures/captures/multiple_guards/stderr.txt -> dynamo_diff-0.1.0/fixtures/captures/multiple_guards
core (ubuntu-latest)	Build wheel and source archive	2026-09-07T16:59:22.5682556Z copying fixtures/captures/multiple_guards/stdout.txt -> dynamo_diff-0.1.0/fixtures/captures/multiple_guards
core (ubuntu-latest)	Build wheel and source archive	2026-09-07T16:59:22.5683741Z copying fixtures/captures/multiple_guards/workload-result.json -> dynamo_diff-0.1.0/fixtures/captures/multiple_guards
core (ubuntu-latest)	Build wheel and source archive	2026-09-07T16:59:22.5684682Z copying fixtures/captures/multiple_guards/raw/dedicated_log_torch_trace_pdh9d9y2.log -> dynamo_diff-0.1.0/fixtures/captures/multiple_guards/raw
core (ubuntu-latest)	Build wheel and source archive	2026-09-07T16:59:22.5685791Z copying fixtures/captures/multiple_guards/report/chromium_events.json -> dynamo_diff-0.1.0/fixtures/captures/multiple_guards/report
core (ubuntu-latest)	Build wheel and source archive	2026-09-07T16:59:22.5686841Z copying fixtures/captures/multiple_guards/report/compile_directory.json -> dynamo_diff-0.1.0/fixtures/captures/multiple_guards/report
core (ubuntu-latest)	Build wheel and source archive	2026-09-07T16:59:22.5687940Z copying fixtures/captures/multiple_guards/report/failures_and_restarts.html -> dynamo_diff-0.1.0/fixtures/captures/multiple_guards/report
core (ubuntu-latest)	Build wheel and source archive	2026-09-07T16:59:22.5688933Z copying fixtures/captures/multiple_guards/report/index.html -> dynamo_diff-0.1.0/fixtures/captures/multiple_guards/report
core (ubuntu-latest)	Build wheel and source archive	2026-09-07T16:59:22.5689863Z copying fixtures/captures/multiple_guards/report/raw.jsonl -> dynamo_diff-0.1.0/fixtures/captures/multiple_guards/report
core (ubuntu-latest)	Build wheel and source archive	2026-09-07T16:59:22.5690806Z copying fixtures/captures/multiple_guards/report/raw.log -> dynamo_diff-0.1.0/fixtures/captures/multiple_guards/report
core (ubuntu-latest)	Build wheel and source archive	2026-09-07T16:59:22.5691844Z copying fixtures/captures/multiple_guards/report/-_-_-_-/torch_version_0.json -> dynamo_diff-0.1.0/fixtures/captures/multiple_guards/report/-_-_-_-
core (ubuntu-latest)	Build wheel and source archive	2026-09-07T16:59:22.5692990Z copying fixtures/captures/multiple_guards/report/-_0_0_0/compilation_metrics_3.html -> dynamo_diff-0.1.0/fixtures/captures/multiple_guards/report/-_0_0_0
core (ubuntu-latest)	Build wheel and source archive	2026-09-07T16:59:22.5694561Z copying fixtures/captures/multiple_guards/report/-_0_0_0/dynamo_cpp_guards_str_2.txt -> dynamo_diff-0.1.0/fixtures/captures/multiple_guards/report/-_0_0_0
core (ubuntu-latest)	Build wheel and source archive	2026-09-07T16:59:22.5695637Z copying fixtures/captures/multiple_guards/report/-_0_0_0/dynamo_output_graph_1.txt -> dynamo_diff-0.1.0/fixtures/captures/multiple_guards/report/-_0_0_0
core (ubuntu-latest)	Build wheel and source archive	2026-09-07T16:59:22.5696811Z copying fixtures/captures/multiple_guards/report/-_0_1_0/compilation_metrics_7.html -> dynamo_diff-0.1.0/fixtures/captures/multiple_guards/report/-_0_1_0
core (ubuntu-latest)	Build wheel and source archive	2026-09-07T16:59:22.5697976Z copying fixtures/captures/multiple_guards/report/-_0_1_0/dynamo_cpp_guards_str_6.txt -> dynamo_diff-0.1.0/fixtures/captures/multiple_guards/report/-_0_1_0
core (ubuntu-latest)	Build wheel and source archive	2026-09-07T16:59:22.5699191Z copying fixtures/captures/multiple_guards/report/-_0_1_0/dynamo_output_graph_5.txt -> dynamo_diff-0.1.0/fixtures/captures/multiple_guards/report/-_0_1_0
core (ubuntu-latest)	Build wheel and source archive	2026-09-07T16:59:22.5700361Z copying fixtures/captures/multiple_guards/report/-_0_1_0/recompile_reasons_4.json -> dynamo_diff-0.1.0/fixtures/captures/multiple_guards/report/-_0_1_0
core (ubuntu-latest)	Build wheel and source archive	2026-09-07T16:59:22.5701497Z copying fixtures/captures/multiple_guards/report/-_0_2_0/compilation_metrics_11.html -> dynamo_diff-0.1.0/fixtures/captures/multiple_guards/report/-_0_2_0
core (ubuntu-latest)	Build wheel and source archive	2026-09-07T16:59:22.5702675Z copying fixtures/captures/multiple_guards/report/-_0_2_0/dynamo_cpp_guards_str_10.txt -> dynamo_diff-0.1.0/fixtures/captures/multiple_guards/report/-_0_2_0
core (ubuntu-latest)	Build wheel and source archive	2026-09-07T16:59:22.5704000Z copying fixtures/captures/multiple_guards/report/-_0_2_0/dynamo_output_graph_9.txt -> dynamo_diff-0.1.0/fixtures/captures/multiple_guards/report/-_0_2_0
core (ubuntu-latest)	Build wheel and source archive	2026-09-07T16:59:22.5705184Z copying fixtures/captures/multiple_guards/report/-_0_2_0/recompile_reasons_8.json -> dynamo_diff-0.1.0/fixtures/captures/multiple_guards/report/-_0_2_0
core (ubuntu-latest)	Build wheel and source archive	2026-09-07T16:59:22.5706333Z copying fixtures/captures/multiple_guards/sources/compiler_cases.py -> dynamo_diff-0.1.0/fixtures/captures/multiple_guards/sources
core (ubuntu-latest)	Build wheel and source archive	2026-09-07T16:59:22.5707276Z copying fixtures/captures/no_graph/conversion.txt -> dynamo_diff-0.1.0/fixtures/captures/no_graph
core (ubuntu-latest)	Build wheel and source archive	2026-09-07T16:59:22.5708082Z copying fixtures/captures/no_graph/manifest.json -> dynamo_diff-0.1.0/fixtures/captures/no_graph
core (ubuntu-latest)	Build wheel and source archive	2026-09-07T16:59:22.5708868Z copying fixtures/captures/no_graph/stderr.txt -> dynamo_diff-0.1.0/fixtures/captures/no_graph
core (ubuntu-latest)	Build wheel and source archive	2026-09-07T16:59:22.5709613Z copying fixtures/captures/no_graph/stdout.txt -> dynamo_diff-0.1.0/fixtures/captures/no_graph
core (ubuntu-latest)	Build wheel and source archive	2026-09-07T16:59:22.5710624Z copying fixtures/captures/no_graph/workload-result.json -> dynamo_diff-0.1.0/fixtures/captures/no_graph
core (ubuntu-latest)	Build wheel and source archive	2026-09-07T16:59:22.5711588Z copying fixtures/captures/no_graph/raw/dedicated_log_torch_trace_rilshkzg.log -> dynamo_diff-0.1.0/fixtures/captures/no_graph/raw
core (ubuntu-latest)	Build wheel and source archive	2026-09-07T16:59:22.5712600Z copying fixtures/captures/no_graph/report/chromium_events.json -> dynamo_diff-0.1.0/fixtures/captures/no_graph/report
core (ubuntu-latest)	Build wheel and source archive	2026-09-07T16:59:22.5713762Z copying fixtures/captures/no_graph/report/compile_directory.json -> dynamo_diff-0.1.0/fixtures/captures/no_graph/report
core (ubuntu-latest)	Build wheel and source archive	2026-09-07T16:59:22.5714745Z copying fixtures/captures/no_graph/report/failures_and_restarts.html -> dynamo_diff-0.1.0/fixtures/captures/no_graph/report
core (ubuntu-latest)	Build wheel and source archive	2026-09-07T16:59:22.5715732Z copying fixtures/captures/no_graph/report/index.html -> dynamo_diff-0.1.0/fixtures/captures/no_graph/report
core (ubuntu-latest)	Build wheel and source archive	2026-09-07T16:59:22.5716635Z copying fixtures/captures/no_graph/report/raw.jsonl -> dynamo_diff-0.1.0/fixtures/captures/no_graph/report
core (ubuntu-latest)	Build wheel and source archive	2026-09-07T16:59:22.5717454Z copying fixtures/captures/no_graph/report/raw.log -> dynamo_diff-0.1.0/fixtures/captures/no_graph/report
core (ubuntu-latest)	Build wheel and source archive	2026-09-07T16:59:22.5718381Z copying fixtures/captures/no_graph/report/-_-_-_-/torch_version_0.json -> dynamo_diff-0.1.0/fixtures/captures/no_graph/report/-_-_-_-
core (ubuntu-latest)	Build wheel and source archive	2026-09-07T16:59:22.5719417Z copying fixtures/captures/no_graph/report/-_0_0_0/compilation_metrics_1.html -> dynamo_diff-0.1.0/fixtures/captures/no_graph/report/-_0_0_0
core (ubuntu-latest)	Build wheel and source archive	2026-09-07T16:59:22.5720559Z copying fixtures/captures/no_graph/sources/compiler_cases.py -> dynamo_diff-0.1.0/fixtures/captures/no_graph/sources
core (ubuntu-latest)	Build wheel and source archive	2026-09-07T16:59:22.5721420Z copying fixtures/captures/scalar/conversion.txt -> dynamo_diff-0.1.0/fixtures/captures/scalar
core (ubuntu-latest)	Build wheel and source archive	2026-09-07T16:59:22.5722281Z copying fixtures/captures/scalar/manifest.json -> dynamo_diff-0.1.0/fixtures/captures/scalar
core (ubuntu-latest)	Build wheel and source archive	2026-09-07T16:59:22.5723040Z copying fixtures/captures/scalar/stderr.txt -> dynamo_diff-0.1.0/fixtures/captures/scalar
core (ubuntu-latest)	Build wheel and source archive	2026-09-07T16:59:22.5723912Z copying fixtures/captures/scalar/stdout.txt -> dynamo_diff-0.1.0/fixtures/captures/scalar
core (ubuntu-latest)	Build wheel and source archive	2026-09-07T16:59:22.5724744Z copying fixtures/captures/scalar/workload-result.json -> dynamo_diff-0.1.0/fixtures/captures/scalar
core (ubuntu-latest)	Build wheel and source archive	2026-09-07T16:59:22.5725687Z copying fixtures/captures/scalar/raw/dedicated_log_torch_trace_sxtxxr97.log -> dynamo_diff-0.1.0/fixtures/captures/scalar/raw
core (ubuntu-latest)	Build wheel and source archive	2026-09-07T16:59:22.5726670Z copying fixtures/captures/scalar/report/chromium_events.json -> dynamo_diff-0.1.0/fixtures/captures/scalar/report
core (ubuntu-latest)	Build wheel and source archive	2026-09-07T16:59:22.5728002Z copying fixtures/captures/scalar/report/compile_directory.json -> dynamo_diff-0.1.0/fixtures/captures/scalar/report
core (ubuntu-latest)	Build wheel and source archive	2026-09-07T16:59:22.5728985Z copying fixtures/captures/scalar/report/failures_and_restarts.html -> dynamo_diff-0.1.0/fixtures/captures/scalar/report
core (ubuntu-latest)	Build wheel and source archive	2026-09-07T16:59:22.5729925Z copying fixtures/captures/scalar/report/index.html -> dynamo_diff-0.1.0/fixtures/captures/scalar/report
core (ubuntu-latest)	Build wheel and source archive	2026-09-07T16:59:22.5730775Z copying fixtures/captures/scalar/report/raw.jsonl -> dynamo_diff-0.1.0/fixtures/captures/scalar/report
core (ubuntu-latest)	Build wheel and source archive	2026-09-07T16:59:22.5731616Z copying fixtures/captures/scalar/report/raw.log -> dynamo_diff-0.1.0/fixtures/captures/scalar/report
core (ubuntu-latest)	Build wheel and source archive	2026-09-07T16:59:22.5732564Z copying fixtures/captures/scalar/report/-_-_-_-/torch_version_0.json -> dynamo_diff-0.1.0/fixtures/captures/scalar/report/-_-_-_-
core (ubuntu-latest)	Build wheel and source archive	2026-09-07T16:59:22.5733848Z copying fixtures/captures/scalar/report/-_0_0_0/compilation_metrics_3.html -> dynamo_diff-0.1.0/fixtures/captures/scalar/report/-_0_0_0
core (ubuntu-latest)	Build wheel and source archive	2026-09-07T16:59:22.5734938Z copying fixtures/captures/scalar/report/-_0_0_0/dynamo_cpp_guards_str_2.txt -> dynamo_diff-0.1.0/fixtures/captures/scalar/report/-_0_0_0
core (ubuntu-latest)	Build wheel and source archive	2026-09-07T16:59:22.5736004Z copying fixtures/captures/scalar/report/-_0_0_0/dynamo_output_graph_1.txt -> dynamo_diff-0.1.0/fixtures/captures/scalar/report/-_0_0_0
core (ubuntu-latest)	Build wheel and source archive	2026-09-07T16:59:22.5737067Z copying fixtures/captures/scalar/report/-_0_1_0/compilation_metrics_7.html -> dynamo_diff-0.1.0/fixtures/captures/scalar/report/-_0_1_0
core (ubuntu-latest)	Build wheel and source archive	2026-09-07T16:59:22.5738227Z copying fixtures/captures/scalar/report/-_0_1_0/dynamo_cpp_guards_str_6.txt -> dynamo_diff-0.1.0/fixtures/captures/scalar/report/-_0_1_0
core (ubuntu-latest)	Build wheel and source archive	2026-09-07T16:59:22.5739277Z copying fixtures/captures/scalar/report/-_0_1_0/dynamo_output_graph_5.txt -> dynamo_diff-0.1.0/fixtures/captures/scalar/report/-_0_1_0
core (ubuntu-latest)	Build wheel and source archive	2026-09-07T16:59:22.5740373Z copying fixtures/captures/scalar/report/-_0_1_0/recompile_reasons_4.json -> dynamo_diff-0.1.0/fixtures/captures/scalar/report/-_0_1_0
core (ubuntu-latest)	Build wheel and source archive	2026-09-07T16:59:22.5741372Z copying fixtures/captures/scalar/sources/compiler_cases.py -> dynamo_diff-0.1.0/fixtures/captures/scalar/sources
core (ubuntu-latest)	Build wheel and source archive	2026-09-07T16:59:22.5742227Z copying fixtures/captures/shape/conversion.txt -> dynamo_diff-0.1.0/fixtures/captures/shape
core (ubuntu-latest)	Build wheel and source archive	2026-09-07T16:59:22.5743015Z copying fixtures/captures/shape/manifest.json -> dynamo_diff-0.1.0/fixtures/captures/shape
core (ubuntu-latest)	Build wheel and source archive	2026-09-07T16:59:22.5743886Z copying fixtures/captures/shape/stderr.txt -> dynamo_diff-0.1.0/fixtures/captures/shape
core (ubuntu-latest)	Build wheel and source archive	2026-09-07T16:59:22.5744632Z copying fixtures/captures/shape/stdout.txt -> dynamo_diff-0.1.0/fixtures/captures/shape
core (ubuntu-latest)	Build wheel and source archive	2026-09-07T16:59:22.5745438Z copying fixtures/captures/shape/workload-result.json -> dynamo_diff-0.1.0/fixtures/captures/shape
core (ubuntu-latest)	Build wheel and source archive	2026-09-07T16:59:22.5746341Z copying fixtures/captures/shape/raw/dedicated_log_torch_trace_df2kmuni.log -> dynamo_diff-0.1.0/fixtures/captures/shape/raw
core (ubuntu-latest)	Build wheel and source archive	2026-09-07T16:59:22.5747332Z copying fixtures/captures/shape/report/chromium_events.json -> dynamo_diff-0.1.0/fixtures/captures/shape/report
core (ubuntu-latest)	Build wheel and source archive	2026-09-07T16:59:22.5748325Z copying fixtures/captures/shape/report/compile_directory.json -> dynamo_diff-0.1.0/fixtures/captures/shape/report
core (ubuntu-latest)	Build wheel and source archive	2026-09-07T16:59:22.5749300Z copying fixtures/captures/shape/report/failures_and_restarts.html -> dynamo_diff-0.1.0/fixtures/captures/shape/report
core (ubuntu-latest)	Build wheel and source archive	2026-09-07T16:59:22.5750203Z copying fixtures/captures/shape/report/index.html -> dynamo_diff-0.1.0/fixtures/captures/shape/report
core (ubuntu-latest)	Build wheel and source archive	2026-09-07T16:59:22.5751081Z copying fixtures/captures/shape/report/raw.jsonl -> dynamo_diff-0.1.0/fixtures/captures/shape/report
core (ubuntu-latest)	Build wheel and source archive	2026-09-07T16:59:22.5751941Z copying fixtures/captures/shape/report/raw.log -> dynamo_diff-0.1.0/fixtures/captures/shape/report
core (ubuntu-latest)	Build wheel and source archive	2026-09-07T16:59:22.5752856Z copying fixtures/captures/shape/report/-_-_-_-/torch_version_0.json -> dynamo_diff-0.1.0/fixtures/captures/shape/report/-_-_-_-
core (ubuntu-latest)	Build wheel and source archive	2026-09-07T16:59:22.5754106Z copying fixtures/captures/shape/report/-_0_0_0/compilation_metrics_3.html -> dynamo_diff-0.1.0/fixtures/captures/shape/report/-_0_0_0
core (ubuntu-latest)	Build wheel and source archive	2026-09-07T16:59:22.5755177Z copying fixtures/captures/shape/report/-_0_0_0/dynamo_cpp_guards_str_2.txt -> dynamo_diff-0.1.0/fixtures/captures/shape/report/-_0_0_0
core (ubuntu-latest)	Build wheel and source archive	2026-09-07T16:59:22.5756210Z copying fixtures/captures/shape/report/-_0_0_0/dynamo_output_graph_1.txt -> dynamo_diff-0.1.0/fixtures/captures/shape/report/-_0_0_0
core (ubuntu-latest)	Build wheel and source archive	2026-09-07T16:59:22.5757294Z copying fixtures/captures/shape/report/-_0_1_0/compilation_metrics_7.html -> dynamo_diff-0.1.0/fixtures/captures/shape/report/-_0_1_0
core (ubuntu-latest)	Build wheel and source archive	2026-09-07T16:59:22.5758293Z copying fixtures/captures/shape/report/-_0_1_0/dynamo_cpp_guards_str_6.txt -> dynamo_diff-0.1.0/fixtures/captures/shape/report/-_0_1_0
core (ubuntu-latest)	Build wheel and source archive	2026-09-07T16:59:22.5759307Z copying fixtures/captures/shape/report/-_0_1_0/dynamo_output_graph_5.txt -> dynamo_diff-0.1.0/fixtures/captures/shape/report/-_0_1_0
core (ubuntu-latest)	Build wheel and source archive	2026-09-07T16:59:22.5760265Z copying fixtures/captures/shape/report/-_0_1_0/recompile_reasons_4.json -> dynamo_diff-0.1.0/fixtures/captures/shape/report/-_0_1_0
core (ubuntu-latest)	Build wheel and source archive	2026-09-07T16:59:22.5761230Z copying fixtures/captures/shape/sources/compiler_cases.py -> dynamo_diff-0.1.0/fixtures/captures/shape/sources
core (ubuntu-latest)	Build wheel and source archive	2026-09-07T16:59:22.5762161Z copying fixtures/captures/stable/conversion.txt -> dynamo_diff-0.1.0/fixtures/captures/stable
core (ubuntu-latest)	Build wheel and source archive	2026-09-07T16:59:22.5762952Z copying fixtures/captures/stable/manifest.json -> dynamo_diff-0.1.0/fixtures/captures/stable
core (ubuntu-latest)	Build wheel and source archive	2026-09-07T16:59:22.5763850Z copying fixtures/captures/stable/stderr.txt -> dynamo_diff-0.1.0/fixtures/captures/stable
core (ubuntu-latest)	Build wheel and source archive	2026-09-07T16:59:22.5764602Z copying fixtures/captures/stable/stdout.txt -> dynamo_diff-0.1.0/fixtures/captures/stable
core (ubuntu-latest)	Build wheel and source archive	2026-09-07T16:59:22.5765442Z copying fixtures/captures/stable/workload-result.json -> dynamo_diff-0.1.0/fixtures/captures/stable
core (ubuntu-latest)	Build wheel and source archive	2026-09-07T16:59:22.5766426Z copying fixtures/captures/stable/raw/dedicated_log_torch_trace_y15iqe9y.log -> dynamo_diff-0.1.0/fixtures/captures/stable/raw
core (ubuntu-latest)	Build wheel and source archive	2026-09-07T16:59:22.5767416Z copying fixtures/captures/stable/report/chromium_events.json -> dynamo_diff-0.1.0/fixtures/captures/stable/report
core (ubuntu-latest)	Build wheel and source archive	2026-09-07T16:59:22.5768404Z copying fixtures/captures/stable/report/compile_directory.json -> dynamo_diff-0.1.0/fixtures/captures/stable/report
core (ubuntu-latest)	Build wheel and source archive	2026-09-07T16:59:22.5769388Z copying fixtures/captures/stable/report/failures_and_restarts.html -> dynamo_diff-0.1.0/fixtures/captures/stable/report
core (ubuntu-latest)	Build wheel and source archive	2026-09-07T16:59:22.5770316Z copying fixtures/captures/stable/report/index.html -> dynamo_diff-0.1.0/fixtures/captures/stable/report
core (ubuntu-latest)	Build wheel and source archive	2026-09-07T16:59:22.5771199Z copying fixtures/captures/stable/report/raw.jsonl -> dynamo_diff-0.1.0/fixtures/captures/stable/report
core (ubuntu-latest)	Build wheel and source archive	2026-09-07T16:59:22.5772671Z copying fixtures/captures/stable/report/raw.log -> dynamo_diff-0.1.0/fixtures/captures/stable/report
core (ubuntu-latest)	Build wheel and source archive	2026-09-07T16:59:22.5773858Z copying fixtures/captures/stable/report/-_-_-_-/torch_version_0.json -> dynamo_diff-0.1.0/fixtures/captures/stable/report/-_-_-_-
core (ubuntu-latest)	Build wheel and source archive	2026-09-07T16:59:22.5774965Z copying fixtures/captures/stable/report/-_0_0_0/compilation_metrics_3.html -> dynamo_diff-0.1.0/fixtures/captures/stable/report/-_0_0_0
core (ubuntu-latest)	Build wheel and source archive	2026-09-07T16:59:22.5776037Z copying fixtures/captures/stable/report/-_0_0_0/dynamo_cpp_guards_str_2.txt -> dynamo_diff-0.1.0/fixtures/captures/stable/report/-_0_0_0
core (ubuntu-latest)	Build wheel and source archive	2026-09-07T16:59:22.5777008Z copying fixtures/captures/stable/report/-_0_0_0/dynamo_output_graph_1.txt -> dynamo_diff-0.1.0/fixtures/captures/stable/report/-_0_0_0
core (ubuntu-latest)	Build wheel and source archive	2026-09-07T16:59:22.5777806Z copying fixtures/captures/stable/sources/compiler_cases.py -> dynamo_diff-0.1.0/fixtures/captures/stable/sources
core (ubuntu-latest)	Build wheel and source archive	2026-09-07T16:59:22.5778561Z copying fixtures/workloads/compiler_cases.py -> dynamo_diff-0.1.0/fixtures/workloads
core (ubuntu-latest)	Build wheel and source archive	2026-09-07T16:59:22.5779254Z copying src/dynamo_diff/__init__.py -> dynamo_diff-0.1.0/src/dynamo_diff
core (ubuntu-latest)	Build wheel and source archive	2026-09-07T16:59:22.5779858Z copying src/dynamo_diff/cli.py -> dynamo_diff-0.1.0/src/dynamo_diff
core (ubuntu-latest)	Build wheel and source archive	2026-09-07T16:59:22.5780474Z copying src/dynamo_diff/compare.py -> dynamo_diff-0.1.0/src/dynamo_diff
core (ubuntu-latest)	Build wheel and source archive	2026-09-07T16:59:22.5781058Z copying src/dynamo_diff/errors.py -> dynamo_diff-0.1.0/src/dynamo_diff
core (ubuntu-latest)	Build wheel and source archive	2026-09-07T16:59:22.5781608Z copying src/dynamo_diff/io.py -> dynamo_diff-0.1.0/src/dynamo_diff
core (ubuntu-latest)	Build wheel and source archive	2026-09-07T16:59:22.5782174Z copying src/dynamo_diff/manifest.py -> dynamo_diff-0.1.0/src/dynamo_diff
core (ubuntu-latest)	Build wheel and source archive	2026-09-07T16:59:22.5782801Z copying src/dynamo_diff/mcp_server.py -> dynamo_diff-0.1.0/src/dynamo_diff
core (ubuntu-latest)	Build wheel and source archive	2026-09-07T16:59:22.5783567Z copying src/dynamo_diff/model.py -> dynamo_diff-0.1.0/src/dynamo_diff
core (ubuntu-latest)	Build wheel and source archive	2026-09-07T16:59:22.5784220Z copying src/dynamo_diff/render.py -> dynamo_diff-0.1.0/src/dynamo_diff
core (ubuntu-latest)	Build wheel and source archive	2026-09-07T16:59:22.5784796Z copying src/dynamo_diff/store.py -> dynamo_diff-0.1.0/src/dynamo_diff
core (ubuntu-latest)	Build wheel and source archive	2026-09-07T16:59:22.5785456Z copying src/dynamo_diff.egg-info/PKG-INFO -> dynamo_diff-0.1.0/src/dynamo_diff.egg-info
core (ubuntu-latest)	Build wheel and source archive	2026-09-07T16:59:22.5786208Z copying src/dynamo_diff.egg-info/SOURCES.txt -> dynamo_diff-0.1.0/src/dynamo_diff.egg-info
core (ubuntu-latest)	Build wheel and source archive	2026-09-07T16:59:22.5786999Z copying src/dynamo_diff.egg-info/dependency_links.txt -> dynamo_diff-0.1.0/src/dynamo_diff.egg-info
core (ubuntu-latest)	Build wheel and source archive	2026-09-07T16:59:22.5787794Z copying src/dynamo_diff.egg-info/entry_points.txt -> dynamo_diff-0.1.0/src/dynamo_diff.egg-info
core (ubuntu-latest)	Build wheel and source archive	2026-09-07T16:59:22.5788537Z copying src/dynamo_diff.egg-info/requires.txt -> dynamo_diff-0.1.0/src/dynamo_diff.egg-info
core (ubuntu-latest)	Build wheel and source archive	2026-09-07T16:59:22.5789359Z copying src/dynamo_diff.egg-info/top_level.txt -> dynamo_diff-0.1.0/src/dynamo_diff.egg-info
core (ubuntu-latest)	Build wheel and source archive	2026-09-07T16:59:22.5790079Z copying src/dynamo_diff/adapters/__init__.py -> dynamo_diff-0.1.0/src/dynamo_diff/adapters
core (ubuntu-latest)	Build wheel and source archive	2026-09-07T16:59:22.5790810Z copying src/dynamo_diff/adapters/tlparse.py -> dynamo_diff-0.1.0/src/dynamo_diff/adapters
core (ubuntu-latest)	Build wheel and source archive	2026-09-07T16:59:22.5791439Z copying tests/test_compare_cli.py -> dynamo_diff-0.1.0/tests
core (ubuntu-latest)	Build wheel and source archive	2026-09-07T16:59:22.5792046Z copying tests/test_input_boundaries.py -> dynamo_diff-0.1.0/tests
core (ubuntu-latest)	Build wheel and source archive	2026-09-07T16:59:22.5792659Z copying tests/test_malformed_captures.py -> dynamo_diff-0.1.0/tests
core (ubuntu-latest)	Build wheel and source archive	2026-09-07T16:59:22.5793392Z copying tests/test_mcp.py -> dynamo_diff-0.1.0/tests
core (ubuntu-latest)	Build wheel and source archive	2026-09-07T16:59:22.5793944Z copying tests/test_real_captures.py -> dynamo_diff-0.1.0/tests
core (ubuntu-latest)	Build wheel and source archive	2026-09-07T16:59:22.5794473Z copying tests/test_store.py -> dynamo_diff-0.1.0/tests
core (ubuntu-latest)	Build wheel and source archive	2026-09-07T16:59:22.5794962Z copying tests/test_transformers_case.py -> dynamo_diff-0.1.0/tests
core (ubuntu-latest)	Build wheel and source archive	2026-09-07T16:59:22.5795550Z copying tests/test_validation.py -> dynamo_diff-0.1.0/tests
core (ubuntu-latest)	Build wheel and source archive	2026-09-07T16:59:22.5796056Z copying tools/check_release.py -> dynamo_diff-0.1.0/tools
core (ubuntu-latest)	Build wheel and source archive	2026-09-07T16:59:22.5796517Z copying tools/demo.py -> dynamo_diff-0.1.0/tools
core (ubuntu-latest)	Build wheel and source archive	2026-09-07T16:59:22.5797014Z copying tools/generate_edit_pair.py -> dynamo_diff-0.1.0/tools
core (ubuntu-latest)	Build wheel and source archive	2026-09-07T16:59:22.5797547Z copying tools/generate_fixtures.py -> dynamo_diff-0.1.0/tools
core (ubuntu-latest)	Build wheel and source archive	2026-09-07T16:59:22.5798187Z copying tools/record_demo.py -> dynamo_diff-0.1.0/tools
core (ubuntu-latest)	Build wheel and source archive	2026-09-07T16:59:22.5798636Z Writing dynamo_diff-0.1.0/setup.cfg
core (ubuntu-latest)	Build wheel and source archive	2026-09-07T16:59:22.5799053Z Creating tar archive
core (ubuntu-latest)	Build wheel and source archive	2026-09-07T16:59:23.4297025Z removing 'dynamo_diff-0.1.0' (and everything under it)
core (ubuntu-latest)	Build wheel and source archive	2026-09-07T16:59:23.7316712Z * Building wheel from sdist
core (ubuntu-latest)	Build wheel and source archive	2026-09-07T16:59:23.7325295Z * Getting build dependencies for wheel...
core (ubuntu-latest)	Build wheel and source archive	2026-09-07T16:59:23.8474559Z running egg_info
core (ubuntu-latest)	Build wheel and source archive	2026-09-07T16:59:23.8494750Z writing src/dynamo_diff.egg-info/PKG-INFO
core (ubuntu-latest)	Build wheel and source archive	2026-09-07T16:59:23.8496702Z writing dependency_links to src/dynamo_diff.egg-info/dependency_links.txt
core (ubuntu-latest)	Build wheel and source archive	2026-09-07T16:59:23.8497453Z writing entry points to src/dynamo_diff.egg-info/entry_points.txt
core (ubuntu-latest)	Build wheel and source archive	2026-09-07T16:59:23.8499819Z writing requirements to src/dynamo_diff.egg-info/requires.txt
core (ubuntu-latest)	Build wheel and source archive	2026-09-07T16:59:23.8500690Z writing top-level names to src/dynamo_diff.egg-info/top_level.txt
core (ubuntu-latest)	Build wheel and source archive	2026-09-07T16:59:23.8559587Z reading manifest file 'src/dynamo_diff.egg-info/SOURCES.txt'
core (ubuntu-latest)	Build wheel and source archive	2026-09-07T16:59:23.8619863Z reading manifest template 'MANIFEST.in'
core (ubuntu-latest)	Build wheel and source archive	2026-09-07T16:59:23.8689400Z warning: no previously-included files matching '__pycache__' found anywhere in distribution
core (ubuntu-latest)	Build wheel and source archive	2026-09-07T16:59:23.8698041Z warning: no previously-included files matching '*.py[cod]' found anywhere in distribution
core (ubuntu-latest)	Build wheel and source archive	2026-09-07T16:59:23.8705519Z warning: no previously-included files matching '.DS_Store' found anywhere in distribution
core (ubuntu-latest)	Build wheel and source archive	2026-09-07T16:59:23.8712639Z warning: no previously-included files matching '.lock' found anywhere in distribution
core (ubuntu-latest)	Build wheel and source archive	2026-09-07T16:59:23.8713622Z adding license file 'LICENSE'
core (ubuntu-latest)	Build wheel and source archive	2026-09-07T16:59:23.8771431Z writing manifest file 'src/dynamo_diff.egg-info/SOURCES.txt'
core (ubuntu-latest)	Build wheel and source archive	2026-09-07T16:59:23.9052941Z * Building wheel...
core (ubuntu-latest)	Build wheel and source archive	2026-09-07T16:59:24.0159304Z running bdist_wheel
core (ubuntu-latest)	Build wheel and source archive	2026-09-07T16:59:24.0243223Z running build
core (ubuntu-latest)	Build wheel and source archive	2026-09-07T16:59:24.0243945Z running build_py
core (ubuntu-latest)	Build wheel and source archive	2026-09-07T16:59:24.0264612Z creating build/lib/dynamo_diff
core (ubuntu-latest)	Build wheel and source archive	2026-09-07T16:59:24.0265535Z copying src/dynamo_diff/model.py -> build/lib/dynamo_diff
core (ubuntu-latest)	Build wheel and source archive	2026-09-07T16:59:24.0267364Z copying src/dynamo_diff/__init__.py -> build/lib/dynamo_diff
core (ubuntu-latest)	Build wheel and source archive	2026-09-07T16:59:24.0268229Z copying src/dynamo_diff/store.py -> build/lib/dynamo_diff
core (ubuntu-latest)	Build wheel and source archive	2026-09-07T16:59:24.0269504Z copying src/dynamo_diff/errors.py -> build/lib/dynamo_diff
core (ubuntu-latest)	Build wheel and source archive	2026-09-07T16:59:24.0270191Z copying src/dynamo_diff/manifest.py -> build/lib/dynamo_diff
core (ubuntu-latest)	Build wheel and source archive	2026-09-07T16:59:24.0271208Z copying src/dynamo_diff/mcp_server.py -> build/lib/dynamo_diff
core (ubuntu-latest)	Build wheel and source archive	2026-09-07T16:59:24.0271995Z copying src/dynamo_diff/compare.py -> build/lib/dynamo_diff
core (ubuntu-latest)	Build wheel and source archive	2026-09-07T16:59:24.0273361Z copying src/dynamo_diff/render.py -> build/lib/dynamo_diff
core (ubuntu-latest)	Build wheel and source archive	2026-09-07T16:59:24.0274116Z copying src/dynamo_diff/io.py -> build/lib/dynamo_diff
core (ubuntu-latest)	Build wheel and source archive	2026-09-07T16:59:24.0275093Z copying src/dynamo_diff/cli.py -> build/lib/dynamo_diff
core (ubuntu-latest)	Build wheel and source archive	2026-09-07T16:59:24.0276850Z creating build/lib/dynamo_diff/adapters
core (ubuntu-latest)	Build wheel and source archive	2026-09-07T16:59:24.0277536Z copying src/dynamo_diff/adapters/tlparse.py -> build/lib/dynamo_diff/adapters
core (ubuntu-latest)	Build wheel and source archive	2026-09-07T16:59:24.0278976Z copying src/dynamo_diff/adapters/__init__.py -> build/lib/dynamo_diff/adapters
core (ubuntu-latest)	Build wheel and source archive	2026-09-07T16:59:24.0279914Z running egg_info
core (ubuntu-latest)	Build wheel and source archive	2026-09-07T16:59:24.0297829Z writing src/dynamo_diff.egg-info/PKG-INFO
core (ubuntu-latest)	Build wheel and source archive	2026-09-07T16:59:24.0306072Z writing dependency_links to src/dynamo_diff.egg-info/dependency_links.txt
core (ubuntu-latest)	Build wheel and source archive	2026-09-07T16:59:24.0307855Z writing entry points to src/dynamo_diff.egg-info/entry_points.txt
core (ubuntu-latest)	Build wheel and source archive	2026-09-07T16:59:24.0312457Z writing requirements to src/dynamo_diff.egg-info/requires.txt
core (ubuntu-latest)	Build wheel and source archive	2026-09-07T16:59:24.0313377Z writing top-level names to src/dynamo_diff.egg-info/top_level.txt
core (ubuntu-latest)	Build wheel and source archive	2026-09-07T16:59:24.1744869Z reading manifest file 'src/dynamo_diff.egg-info/SOURCES.txt'
core (ubuntu-latest)	Build wheel and source archive	2026-09-07T16:59:24.1800553Z reading manifest template 'MANIFEST.in'
core (ubuntu-latest)	Build wheel and source archive	2026-09-07T16:59:24.1868482Z warning: no previously-included files matching '__pycache__' found anywhere in distribution
core (ubuntu-latest)	Build wheel and source archive	2026-09-07T16:59:24.1877457Z warning: no previously-included files matching '*.py[cod]' found anywhere in distribution
core (ubuntu-latest)	Build wheel and source archive	2026-09-07T16:59:24.1885049Z warning: no previously-included files matching '.DS_Store' found anywhere in distribution
core (ubuntu-latest)	Build wheel and source archive	2026-09-07T16:59:24.1892519Z warning: no previously-included files matching '.lock' found anywhere in distribution
core (ubuntu-latest)	Build wheel and source archive	2026-09-07T16:59:24.1893393Z adding license file 'LICENSE'
core (ubuntu-latest)	Build wheel and source archive	2026-09-07T16:59:24.1951587Z writing manifest file 'src/dynamo_diff.egg-info/SOURCES.txt'
core (ubuntu-latest)	Build wheel and source archive	2026-09-07T16:59:24.2026297Z installing to build/bdist.linux-x86_64/wheel
core (ubuntu-latest)	Build wheel and source archive	2026-09-07T16:59:24.2026891Z running install
core (ubuntu-latest)	Build wheel and source archive	2026-09-07T16:59:24.2069525Z running install_lib
core (ubuntu-latest)	Build wheel and source archive	2026-09-07T16:59:24.2088848Z creating build/bdist.linux-x86_64/wheel
core (ubuntu-latest)	Build wheel and source archive	2026-09-07T16:59:24.2090144Z creating build/bdist.linux-x86_64/wheel/dynamo_diff
core (ubuntu-latest)	Build wheel and source archive	2026-09-07T16:59:24.2091021Z copying build/lib/dynamo_diff/model.py -> build/bdist.linux-x86_64/wheel/./dynamo_diff
core (ubuntu-latest)	Build wheel and source archive	2026-09-07T16:59:24.2091897Z copying build/lib/dynamo_diff/__init__.py -> build/bdist.linux-x86_64/wheel/./dynamo_diff
core (ubuntu-latest)	Build wheel and source archive	2026-09-07T16:59:24.2092779Z copying build/lib/dynamo_diff/store.py -> build/bdist.linux-x86_64/wheel/./dynamo_diff
core (ubuntu-latest)	Build wheel and source archive	2026-09-07T16:59:24.2094163Z copying build/lib/dynamo_diff/errors.py -> build/bdist.linux-x86_64/wheel/./dynamo_diff
core (ubuntu-latest)	Build wheel and source archive	2026-09-07T16:59:24.2095050Z copying build/lib/dynamo_diff/manifest.py -> build/bdist.linux-x86_64/wheel/./dynamo_diff
core (ubuntu-latest)	Build wheel and source archive	2026-09-07T16:59:24.2095876Z copying build/lib/dynamo_diff/mcp_server.py -> build/bdist.linux-x86_64/wheel/./dynamo_diff
core (ubuntu-latest)	Build wheel and source archive	2026-09-07T16:59:24.2096680Z copying build/lib/dynamo_diff/compare.py -> build/bdist.linux-x86_64/wheel/./dynamo_diff
core (ubuntu-latest)	Build wheel and source archive	2026-09-07T16:59:24.2097463Z copying build/lib/dynamo_diff/render.py -> build/bdist.linux-x86_64/wheel/./dynamo_diff
core (ubuntu-latest)	Build wheel and source archive	2026-09-07T16:59:24.2098278Z creating build/bdist.linux-x86_64/wheel/dynamo_diff/adapters
core (ubuntu-latest)	Build wheel and source archive	2026-09-07T16:59:24.2099050Z copying build/lib/dynamo_diff/adapters/tlparse.py -> build/bdist.linux-x86_64/wheel/./dynamo_diff/adapters
core (ubuntu-latest)	Build wheel and source archive	2026-09-07T16:59:24.2099941Z copying build/lib/dynamo_diff/adapters/__init__.py -> build/bdist.linux-x86_64/wheel/./dynamo_diff/adapters
core (ubuntu-latest)	Build wheel and source archive	2026-09-07T16:59:24.2100758Z copying build/lib/dynamo_diff/io.py -> build/bdist.linux-x86_64/wheel/./dynamo_diff
core (ubuntu-latest)	Build wheel and source archive	2026-09-07T16:59:24.2101485Z copying build/lib/dynamo_diff/cli.py -> build/bdist.linux-x86_64/wheel/./dynamo_diff
core (ubuntu-latest)	Build wheel and source archive	2026-09-07T16:59:24.2102209Z running install_egg_info
core (ubuntu-latest)	Build wheel and source archive	2026-09-07T16:59:24.2119971Z Copying src/dynamo_diff.egg-info to build/bdist.linux-x86_64/wheel/./dynamo_diff-0.1.0-py3.13.egg-info
core (ubuntu-latest)	Build wheel and source archive	2026-09-07T16:59:24.2126879Z running install_scripts
core (ubuntu-latest)	Build wheel and source archive	2026-09-07T16:59:24.2132465Z creating build/bdist.linux-x86_64/wheel/dynamo_diff-0.1.0.dist-info/WHEEL
core (ubuntu-latest)	Build wheel and source archive	2026-09-07T16:59:24.2135964Z creating '/home/runner/work/dynamo-diff/dynamo-diff/dist/.tmp-w7xgglh_/dynamo_diff-0.1.0-py3-none-any.whl' and adding 'build/bdist.linux-x86_64/wheel' to it
core (ubuntu-latest)	Build wheel and source archive	2026-09-07T16:59:24.2138365Z adding 'dynamo_diff/__init__.py'
core (ubuntu-latest)	Build wheel and source archive	2026-09-07T16:59:24.2141460Z adding 'dynamo_diff/cli.py'
core (ubuntu-latest)	Build wheel and source archive	2026-09-07T16:59:24.2145265Z adding 'dynamo_diff/compare.py'
core (ubuntu-latest)	Build wheel and source archive	2026-09-07T16:59:24.2146211Z adding 'dynamo_diff/errors.py'
core (ubuntu-latest)	Build wheel and source archive	2026-09-07T16:59:24.2148001Z adding 'dynamo_diff/io.py'
core (ubuntu-latest)	Build wheel and source archive	2026-09-07T16:59:24.2149501Z adding 'dynamo_diff/manifest.py'
core (ubuntu-latest)	Build wheel and source archive	2026-09-07T16:59:24.2152302Z adding 'dynamo_diff/mcp_server.py'
core (ubuntu-latest)	Build wheel and source archive	2026-09-07T16:59:24.2154282Z adding 'dynamo_diff/model.py'
core (ubuntu-latest)	Build wheel and source archive	2026-09-07T16:59:24.2155832Z adding 'dynamo_diff/render.py'
core (ubuntu-latest)	Build wheel and source archive	2026-09-07T16:59:24.2159132Z adding 'dynamo_diff/store.py'
core (ubuntu-latest)	Build wheel and source archive	2026-09-07T16:59:24.2160210Z adding 'dynamo_diff/adapters/__init__.py'
core (ubuntu-latest)	Build wheel and source archive	2026-09-07T16:59:24.2165706Z adding 'dynamo_diff/adapters/tlparse.py'
core (ubuntu-latest)	Build wheel and source archive	2026-09-07T16:59:24.2167598Z adding 'dynamo_diff-0.1.0.dist-info/licenses/LICENSE'
core (ubuntu-latest)	Build wheel and source archive	2026-09-07T16:59:24.2170208Z adding 'dynamo_diff-0.1.0.dist-info/METADATA'
core (ubuntu-latest)	Build wheel and source archive	2026-09-07T16:59:24.2170880Z adding 'dynamo_diff-0.1.0.dist-info/WHEEL'
core (ubuntu-latest)	Build wheel and source archive	2026-09-07T16:59:24.2171540Z adding 'dynamo_diff-0.1.0.dist-info/entry_points.txt'
core (ubuntu-latest)	Build wheel and source archive	2026-09-07T16:59:24.2172139Z adding 'dynamo_diff-0.1.0.dist-info/top_level.txt'
core (ubuntu-latest)	Build wheel and source archive	2026-09-07T16:59:24.2174113Z adding 'dynamo_diff-0.1.0.dist-info/RECORD'
core (ubuntu-latest)	Build wheel and source archive	2026-09-07T16:59:24.2174936Z removing build/bdist.linux-x86_64/wheel
core (ubuntu-latest)	Build wheel and source archive	2026-09-07T16:59:24.2539908Z Successfully built dynamo_diff-0.1.0.tar.gz and dynamo_diff-0.1.0-py3-none-any.whl
core (ubuntu-latest)	Install wheel	﻿2026-09-07T16:59:24.2753378Z ##[group]Run python -m pip install --no-deps dist/dynamo_diff-0.1.0-py3-none-any.whl
core (ubuntu-latest)	Install wheel	2026-09-07T16:59:24.2754091Z ^[[36;1mpython -m pip install --no-deps dist/dynamo_diff-0.1.0-py3-none-any.whl^[[0m
core (ubuntu-latest)	Install wheel	2026-09-07T16:59:24.2772334Z shell: /usr/bin/bash -e {0}
core (ubuntu-latest)	Install wheel	2026-09-07T16:59:24.2772723Z env:
core (ubuntu-latest)	Install wheel	2026-09-07T16:59:24.2772982Z   pythonLocation: /opt/hostedtoolcache/Python/3.13.15/x64
core (ubuntu-latest)	Install wheel	2026-09-07T16:59:24.2773581Z   PKG_CONFIG_PATH: /opt/hostedtoolcache/Python/3.13.15/x64/lib/pkgconfig
core (ubuntu-latest)	Install wheel	2026-09-07T16:59:24.2773947Z   Python_ROOT_DIR: /opt/hostedtoolcache/Python/3.13.15/x64
core (ubuntu-latest)	Install wheel	2026-09-07T16:59:24.2774274Z   Python2_ROOT_DIR: /opt/hostedtoolcache/Python/3.13.15/x64
core (ubuntu-latest)	Install wheel	2026-09-07T16:59:24.2774616Z   Python3_ROOT_DIR: /opt/hostedtoolcache/Python/3.13.15/x64
core (ubuntu-latest)	Install wheel	2026-09-07T16:59:24.2774938Z   LD_LIBRARY_PATH: /opt/hostedtoolcache/Python/3.13.15/x64/lib
core (ubuntu-latest)	Install wheel	2026-09-07T16:59:24.2775264Z ##[endgroup]
core (ubuntu-latest)	Install wheel	2026-09-07T16:59:25.0034757Z Processing ./dist/dynamo_diff-0.1.0-py3-none-any.whl
core (ubuntu-latest)	Install wheel	2026-09-07T16:59:25.0573877Z Installing collected packages: dynamo-diff
core (ubuntu-latest)	Install wheel	2026-09-07T16:59:25.3941861Z Successfully installed dynamo-diff-0.1.0
core (ubuntu-latest)	Verify wheel, schemas, tests and recorded demonstrations	﻿2026-09-07T16:59:25.4438549Z ##[group]Run python tools/check_release.py --require-wheel --junit artifacts/ci-core.xml
core (ubuntu-latest)	Verify wheel, schemas, tests and recorded demonstrations	2026-09-07T16:59:25.4439105Z ^[[36;1mpython tools/check_release.py --require-wheel --junit artifacts/ci-core.xml^[[0m
core (ubuntu-latest)	Verify wheel, schemas, tests and recorded demonstrations	2026-09-07T16:59:25.4459191Z shell: /usr/bin/bash -e {0}
core (ubuntu-latest)	Verify wheel, schemas, tests and recorded demonstrations	2026-09-07T16:59:25.4459498Z env:
core (ubuntu-latest)	Verify wheel, schemas, tests and recorded demonstrations	2026-09-07T16:59:25.4459770Z   pythonLocation: /opt/hostedtoolcache/Python/3.13.15/x64
core (ubuntu-latest)	Verify wheel, schemas, tests and recorded demonstrations	2026-09-07T16:59:25.4460174Z   PKG_CONFIG_PATH: /opt/hostedtoolcache/Python/3.13.15/x64/lib/pkgconfig
core (ubuntu-latest)	Verify wheel, schemas, tests and recorded demonstrations	2026-09-07T16:59:25.4460594Z   Python_ROOT_DIR: /opt/hostedtoolcache/Python/3.13.15/x64
core (ubuntu-latest)	Verify wheel, schemas, tests and recorded demonstrations	2026-09-07T16:59:25.4460927Z   Python2_ROOT_DIR: /opt/hostedtoolcache/Python/3.13.15/x64
core (ubuntu-latest)	Verify wheel, schemas, tests and recorded demonstrations	2026-09-07T16:59:25.4461251Z   Python3_ROOT_DIR: /opt/hostedtoolcache/Python/3.13.15/x64
core (ubuntu-latest)	Verify wheel, schemas, tests and recorded demonstrations	2026-09-07T16:59:25.4461566Z   LD_LIBRARY_PATH: /opt/hostedtoolcache/Python/3.13.15/x64/lib
core (ubuntu-latest)	Verify wheel, schemas, tests and recorded demonstrations	2026-09-07T16:59:25.4461864Z ##[endgroup]
core (ubuntu-latest)	Verify wheel, schemas, tests and recorded demonstrations	2026-09-07T16:59:25.6842609Z Package under test: /opt/hostedtoolcache/Python/3.13.15/x64/lib/python3.13/site-packages/dynamo_diff/__init__.py
core (ubuntu-latest)	Verify wheel, schemas, tests and recorded demonstrations	2026-09-07T16:59:33.3642825Z ........................................................................ [ 77%]
core (ubuntu-latest)	Verify wheel, schemas, tests and recorded demonstrations	2026-09-07T16:59:33.8696528Z .....................                                                    [100%]
core (ubuntu-latest)	Verify wheel, schemas, tests and recorded demonstrations	2026-09-07T16:59:33.8697889Z 93 passed in 6.45s
core (ubuntu-latest)	Verify wheel, schemas, tests and recorded demonstrations	2026-09-07T16:59:34.1607530Z # Dynamo comparison
core (ubuntu-latest)	Verify wheel, schemas, tests and recorded demonstrations	2026-09-07T16:59:34.1608191Z 
core (ubuntu-latest)	Verify wheel, schemas, tests and recorded demonstrations	2026-09-07T16:59:34.1608882Z Baseline: 4c89bff73d2fbba6bdc8021769723fe598d267c4c995c12bb8c6bf0599dba991
core (ubuntu-latest)	Verify wheel, schemas, tests and recorded demonstrations	2026-09-07T16:59:34.1610257Z Candidate: d95713729bb764fe3ef768f44d23003d9c3eb6c174f447f2d8e57cdf7f8fcf58
core (ubuntu-latest)	Verify wheel, schemas, tests and recorded demonstrations	2026-09-07T16:59:34.1611351Z Workload comparability: manifest_consistent
core (ubuntu-latest)	Verify wheel, schemas, tests and recorded demonstrations	2026-09-07T16:59:34.1611895Z 
core (ubuntu-latest)	Verify wheel, schemas, tests and recorded demonstrations	2026-09-07T16:59:34.1613404Z | Function | Match | Completed before → after | Confirmed recompiles before → after | Guard categories before → after |
core (ubuntu-latest)	Verify wheel, schemas, tests and recorded demonstrations	2026-09-07T16:59:34.1614634Z |---|---|---:|---:|---|
core (ubuntu-latest)	Verify wheel, schemas, tests and recorded demonstrations	2026-09-07T16:59:34.1615539Z | model.py:compute | matched | 3 → 1 | 2 → 0 | python_scalar → none recorded |
core (ubuntu-latest)	Verify wheel, schemas, tests and recorded demonstrations	2026-09-07T16:59:34.1617091Z | model.py:helper | unmatched | 0 → 1 | 0 → 0 | function absent → none recorded |
core (ubuntu-latest)	Verify wheel, schemas, tests and recorded demonstrations	2026-09-07T16:59:34.1617852Z 
core (ubuntu-latest)	Verify wheel, schemas, tests and recorded demonstrations	2026-09-07T16:59:34.1618408Z Application performance: not measured. Counts describe captured compiler behavior.
core (ubuntu-latest)	Verify wheel, schemas, tests and recorded demonstrations	2026-09-07T16:59:34.5014827Z {
core (ubuntu-latest)	Verify wheel, schemas, tests and recorded demonstrations	2026-09-07T16:59:34.5015851Z   "checks": [
core (ubuntu-latest)	Verify wheel, schemas, tests and recorded demonstrations	2026-09-07T16:59:34.5017906Z     "baseline: finalization, raw terminals, recompile artifacts, normalized events, backend totals and eager-output evidence",
core (ubuntu-latest)	Verify wheel, schemas, tests and recorded demonstrations	2026-09-07T16:59:34.5019995Z     "candidate: finalization, raw terminals, recompile artifacts, normalized events, backend totals and eager-output evidence",
core (ubuntu-latest)	Verify wheel, schemas, tests and recorded demonstrations	2026-09-07T16:59:34.5021753Z     "matched wrapper, one fewer completed recompile, cache-initialization reason removed, shape specialization retained, no speed verdict"
core (ubuntu-latest)	Verify wheel, schemas, tests and recorded demonstrations	2026-09-07T16:59:34.5022960Z   ],
core (ubuntu-latest)	Verify wheel, schemas, tests and recorded demonstrations	2026-09-07T16:59:34.5023697Z   "review_status": "human_review_pending"
core (ubuntu-latest)	Verify wheel, schemas, tests and recorded demonstrations	2026-09-07T16:59:34.5024383Z }
core (ubuntu-latest)	Verify wheel, schemas, tests and recorded demonstrations	2026-09-07T16:59:34.5575150Z Core release checks passed. Human review, agent evaluation and editor/release gates are separate.
core (ubuntu-latest)	Verify evaluation access boundaries and scoring without model calls	﻿2026-09-07T16:59:34.5812589Z ##[group]Run python -m pytest -q -o pythonpath= --import-mode=importlib benchmarks/agent_pilot
core (ubuntu-latest)	Verify evaluation access boundaries and scoring without model calls	2026-09-07T16:59:34.5814138Z ^[[36;1mpython -m pytest -q -o pythonpath= --import-mode=importlib benchmarks/agent_pilot^[[0m
core (ubuntu-latest)	Verify evaluation access boundaries and scoring without model calls	2026-09-07T16:59:34.5840875Z shell: /usr/bin/bash -e {0}
core (ubuntu-latest)	Verify evaluation access boundaries and scoring without model calls	2026-09-07T16:59:34.5841345Z env:
core (ubuntu-latest)	Verify evaluation access boundaries and scoring without model calls	2026-09-07T16:59:34.5841704Z   pythonLocation: /opt/hostedtoolcache/Python/3.13.15/x64
core (ubuntu-latest)	Verify evaluation access boundaries and scoring without model calls	2026-09-07T16:59:34.5842226Z   PKG_CONFIG_PATH: /opt/hostedtoolcache/Python/3.13.15/x64/lib/pkgconfig
core (ubuntu-latest)	Verify evaluation access boundaries and scoring without model calls	2026-09-07T16:59:34.5842785Z   Python_ROOT_DIR: /opt/hostedtoolcache/Python/3.13.15/x64
core (ubuntu-latest)	Verify evaluation access boundaries and scoring without model calls	2026-09-07T16:59:34.5843596Z   Python2_ROOT_DIR: /opt/hostedtoolcache/Python/3.13.15/x64
core (ubuntu-latest)	Verify evaluation access boundaries and scoring without model calls	2026-09-07T16:59:34.5844104Z   Python3_ROOT_DIR: /opt/hostedtoolcache/Python/3.13.15/x64
core (ubuntu-latest)	Verify evaluation access boundaries and scoring without model calls	2026-09-07T16:59:34.5844606Z   LD_LIBRARY_PATH: /opt/hostedtoolcache/Python/3.13.15/x64/lib
core (ubuntu-latest)	Verify evaluation access boundaries and scoring without model calls	2026-09-07T16:59:34.5845029Z ##[endgroup]
core (ubuntu-latest)	Verify evaluation access boundaries and scoring without model calls	2026-09-07T16:59:35.4333632Z ............                                                             [100%]
core (ubuntu-latest)	Verify evaluation access boundaries and scoring without model calls	2026-09-07T16:59:35.4335547Z 12 passed in 0.62s
core (ubuntu-latest)	Post Run actions/setup-python@e797f83bcb11b83ae66e0230d6156d7c80228e7c	﻿2026-09-07T16:59:35.5502834Z Post job cleanup.
core (ubuntu-latest)	Post Run actions/setup-python@e797f83bcb11b83ae66e0230d6156d7c80228e7c	2026-09-07T16:59:35.6621071Z (node:1976) [DEP0040] DeprecationWarning: The `punycode` module is deprecated. Please use a userland alternative instead.
core (ubuntu-latest)	Post Run actions/setup-python@e797f83bcb11b83ae66e0230d6156d7c80228e7c	2026-09-07T16:59:35.6622238Z (Use `node --trace-deprecation ...` to show where the warning was created)
core (ubuntu-latest)	Post Run actions/checkout@08c6903cd8c0fde910a37f88322edcfb5dd907a8	﻿2026-09-07T16:59:35.6817988Z Post job cleanup.
core (ubuntu-latest)	Post Run actions/checkout@08c6903cd8c0fde910a37f88322edcfb5dd907a8	2026-09-07T16:59:35.7695396Z [command]/usr/bin/git version
core (ubuntu-latest)	Post Run actions/checkout@08c6903cd8c0fde910a37f88322edcfb5dd907a8	2026-09-07T16:59:35.7743867Z git version 2.55.0
core (ubuntu-latest)	Post Run actions/checkout@08c6903cd8c0fde910a37f88322edcfb5dd907a8	2026-09-07T16:59:35.7787351Z Temporarily overriding HOME='/home/runner/work/_temp/217a4532-e81c-4f40-b446-391591160c8c' before making global git config changes
core (ubuntu-latest)	Post Run actions/checkout@08c6903cd8c0fde910a37f88322edcfb5dd907a8	2026-09-07T16:59:35.7788428Z Adding repository directory to the temporary git global config as a safe directory
core (ubuntu-latest)	Post Run actions/checkout@08c6903cd8c0fde910a37f88322edcfb5dd907a8	2026-09-07T16:59:35.7789133Z [command]/usr/bin/git config --global --add safe.directory /home/runner/work/dynamo-diff/dynamo-diff
core (ubuntu-latest)	Post Run actions/checkout@08c6903cd8c0fde910a37f88322edcfb5dd907a8	2026-09-07T16:59:35.7845076Z [command]/usr/bin/git config --local --name-only --get-regexp core\.sshCommand
core (ubuntu-latest)	Post Run actions/checkout@08c6903cd8c0fde910a37f88322edcfb5dd907a8	2026-09-07T16:59:35.7934631Z [command]/usr/bin/git submodule foreach --recursive sh -c "git config --local --name-only --get-regexp 'core\.sshCommand' && git config --local --unset-all 'core.sshCommand' || :"
core (ubuntu-latest)	Post Run actions/checkout@08c6903cd8c0fde910a37f88322edcfb5dd907a8	2026-09-07T16:59:35.8180648Z [command]/usr/bin/git config --local --name-only --get-regexp http\.https\:\/\/github\.com\/\.extraheader
core (ubuntu-latest)	Post Run actions/checkout@08c6903cd8c0fde910a37f88322edcfb5dd907a8	2026-09-07T16:59:35.8211598Z http.https://github.com/.extraheader
core (ubuntu-latest)	Post Run actions/checkout@08c6903cd8c0fde910a37f88322edcfb5dd907a8	2026-09-07T16:59:35.8229724Z [command]/usr/bin/git config --local --unset-all http.https://github.com/.extraheader
core (ubuntu-latest)	Post Run actions/checkout@08c6903cd8c0fde910a37f88322edcfb5dd907a8	2026-09-07T16:59:35.8285411Z [command]/usr/bin/git submodule foreach --recursive sh -c "git config --local --name-only --get-regexp 'http\.https\:\/\/github\.com\/\.extraheader' && git config --local --unset-all 'http.https://github.com/.extraheader' || :"
core (ubuntu-latest)	Complete job	﻿2026-09-07T16:59:35.8796118Z Cleaning up orphan processes
editor	Set up job	﻿2026-09-07T16:59:02.4558232Z Current runner version: '2.337.0'
editor	Set up job	2026-09-07T16:59:02.4596073Z ##[group]Runner Image Provisioner
editor	Set up job	2026-09-07T16:59:02.4598018Z Hosted Compute Agent
editor	Set up job	2026-09-07T16:59:02.4599180Z Version: 20260828.587
editor	Set up job	2026-09-07T16:59:02.4600334Z Commit: abac92662cab4cc7352de4f9f9d2e2419aad9c29
editor	Set up job	2026-09-07T16:59:02.4601815Z Build Date: 2026-08-28T16:44:25Z
editor	Set up job	2026-09-07T16:59:02.4603060Z Worker ID: {65199394-14ae-460b-831c-9605d7301500}
editor	Set up job	2026-09-07T16:59:02.4604442Z Azure Region: westus
editor	Set up job	2026-09-07T16:59:02.4605655Z ##[endgroup]
editor	Set up job	2026-09-07T16:59:02.4608806Z ##[group]Operating System
editor	Set up job	2026-09-07T16:59:02.4610032Z Ubuntu
editor	Set up job	2026-09-07T16:59:02.4610962Z 24.04.4
editor	Set up job	2026-09-07T16:59:02.4612394Z LTS
editor	Set up job	2026-09-07T16:59:02.4613525Z ##[endgroup]
editor	Set up job	2026-09-07T16:59:02.4614495Z ##[group]Runner Image
editor	Set up job	2026-09-07T16:59:02.4615656Z Image: ubuntu-24.04
editor	Set up job	2026-09-07T16:59:02.4617014Z Version: 20260831.293.1
editor	Set up job	2026-09-07T16:59:02.4619005Z Included Software: https://github.com/actions/runner-images/blob/ubuntu24/20260831.293/images/ubuntu/Ubuntu2404-Readme.md
editor	Set up job	2026-09-07T16:59:02.4622243Z Image Release: https://github.com/actions/runner-images/releases/tag/ubuntu24%2F20260831.293
editor	Set up job	2026-09-07T16:59:02.4624255Z ##[endgroup]
editor	Set up job	2026-09-07T16:59:02.4626206Z ##[group]GITHUB_TOKEN Permissions
editor	Set up job	2026-09-07T16:59:02.4629729Z Contents: read
editor	Set up job	2026-09-07T16:59:02.4630802Z Metadata: read
editor	Set up job	2026-09-07T16:59:02.4631775Z ##[endgroup]
editor	Set up job	2026-09-07T16:59:02.4635082Z Secret source: Actions
editor	Set up job	2026-09-07T16:59:02.4637231Z Prepare workflow directory
editor	Set up job	2026-09-07T16:59:02.5070456Z Prepare all required actions
editor	Set up job	2026-09-07T16:59:02.5118771Z Getting action download info
editor	Set up job	2026-09-07T16:59:02.8389803Z Download action repository 'actions/checkout@08c6903cd8c0fde910a37f88322edcfb5dd907a8' (SHA:08c6903cd8c0fde910a37f88322edcfb5dd907a8)
editor	Set up job	2026-09-07T16:59:02.9787300Z Download action repository 'actions/setup-python@e797f83bcb11b83ae66e0230d6156d7c80228e7c' (SHA:e797f83bcb11b83ae66e0230d6156d7c80228e7c)
editor	Set up job	2026-09-07T16:59:03.2375561Z Download action repository 'actions/setup-node@a0853c24544627f65ddf259abe73b1d18a591444' (SHA:a0853c24544627f65ddf259abe73b1d18a591444)
editor	Set up job	2026-09-07T16:59:03.4522195Z Complete job name: editor
editor	Run actions/checkout@08c6903cd8c0fde910a37f88322edcfb5dd907a8	﻿2026-09-07T16:59:03.5289824Z ##[group]Run actions/checkout@08c6903cd8c0fde910a37f88322edcfb5dd907a8
editor	Run actions/checkout@08c6903cd8c0fde910a37f88322edcfb5dd907a8	2026-09-07T16:59:03.5290996Z with:
editor	Run actions/checkout@08c6903cd8c0fde910a37f88322edcfb5dd907a8	2026-09-07T16:59:03.5291498Z   repository: Arnavsharma2/dynamo-diff
editor	Run actions/checkout@08c6903cd8c0fde910a37f88322edcfb5dd907a8	2026-09-07T16:59:03.5295589Z   token: ***
editor	Run actions/checkout@08c6903cd8c0fde910a37f88322edcfb5dd907a8	2026-09-07T16:59:03.5296033Z   ssh-strict: true
editor	Run actions/checkout@08c6903cd8c0fde910a37f88322edcfb5dd907a8	2026-09-07T16:59:03.5296476Z   ssh-user: git
editor	Run actions/checkout@08c6903cd8c0fde910a37f88322edcfb5dd907a8	2026-09-07T16:59:03.5297428Z   persist-credentials: true
editor	Run actions/checkout@08c6903cd8c0fde910a37f88322edcfb5dd907a8	2026-09-07T16:59:03.5297961Z   clean: true
editor	Run actions/checkout@08c6903cd8c0fde910a37f88322edcfb5dd907a8	2026-09-07T16:59:03.5298419Z   sparse-checkout-cone-mode: true
editor	Run actions/checkout@08c6903cd8c0fde910a37f88322edcfb5dd907a8	2026-09-07T16:59:03.5298962Z   fetch-depth: 1
editor	Run actions/checkout@08c6903cd8c0fde910a37f88322edcfb5dd907a8	2026-09-07T16:59:03.5299407Z   fetch-tags: false
editor	Run actions/checkout@08c6903cd8c0fde910a37f88322edcfb5dd907a8	2026-09-07T16:59:03.5299859Z   show-progress: true
editor	Run actions/checkout@08c6903cd8c0fde910a37f88322edcfb5dd907a8	2026-09-07T16:59:03.5300320Z   lfs: false
editor	Run actions/checkout@08c6903cd8c0fde910a37f88322edcfb5dd907a8	2026-09-07T16:59:03.5300746Z   submodules: false
editor	Run actions/checkout@08c6903cd8c0fde910a37f88322edcfb5dd907a8	2026-09-07T16:59:03.5301218Z   set-safe-directory: true
editor	Run actions/checkout@08c6903cd8c0fde910a37f88322edcfb5dd907a8	2026-09-07T16:59:03.5302068Z ##[endgroup]
editor	Run actions/checkout@08c6903cd8c0fde910a37f88322edcfb5dd907a8	2026-09-07T16:59:03.6486503Z Syncing repository: Arnavsharma2/dynamo-diff
editor	Run actions/checkout@08c6903cd8c0fde910a37f88322edcfb5dd907a8	2026-09-07T16:59:03.6490250Z ##[group]Getting Git version info
editor	Run actions/checkout@08c6903cd8c0fde910a37f88322edcfb5dd907a8	2026-09-07T16:59:03.6491989Z Working directory is '/home/runner/work/dynamo-diff/dynamo-diff'
editor	Run actions/checkout@08c6903cd8c0fde910a37f88322edcfb5dd907a8	2026-09-07T16:59:03.6494833Z [command]/usr/bin/git version
editor	Run actions/checkout@08c6903cd8c0fde910a37f88322edcfb5dd907a8	2026-09-07T16:59:03.6613057Z git version 2.55.0
editor	Run actions/checkout@08c6903cd8c0fde910a37f88322edcfb5dd907a8	2026-09-07T16:59:03.6686353Z ##[endgroup]
editor	Run actions/checkout@08c6903cd8c0fde910a37f88322edcfb5dd907a8	2026-09-07T16:59:03.6698960Z Temporarily overriding HOME='/home/runner/work/_temp/90d0d927-7434-478c-ba77-40ffa1059347' before making global git config changes
editor	Run actions/checkout@08c6903cd8c0fde910a37f88322edcfb5dd907a8	2026-09-07T16:59:03.6701775Z Adding repository directory to the temporary git global config as a safe directory
editor	Run actions/checkout@08c6903cd8c0fde910a37f88322edcfb5dd907a8	2026-09-07T16:59:03.6704289Z [command]/usr/bin/git config --global --add safe.directory /home/runner/work/dynamo-diff/dynamo-diff
editor	Run actions/checkout@08c6903cd8c0fde910a37f88322edcfb5dd907a8	2026-09-07T16:59:03.6788180Z Deleting the contents of '/home/runner/work/dynamo-diff/dynamo-diff'
editor	Run actions/checkout@08c6903cd8c0fde910a37f88322edcfb5dd907a8	2026-09-07T16:59:03.6811436Z ##[group]Initializing the repository
editor	Run actions/checkout@08c6903cd8c0fde910a37f88322edcfb5dd907a8	2026-09-07T16:59:03.6812984Z [command]/usr/bin/git init /home/runner/work/dynamo-diff/dynamo-diff
editor	Run actions/checkout@08c6903cd8c0fde910a37f88322edcfb5dd907a8	2026-09-07T16:59:03.6928501Z hint: Using 'master' as the name for the initial branch. This default branch name
editor	Run actions/checkout@08c6903cd8c0fde910a37f88322edcfb5dd907a8	2026-09-07T16:59:03.6944836Z hint: will change to "main" in Git 3.0. To configure the initial branch name
editor	Run actions/checkout@08c6903cd8c0fde910a37f88322edcfb5dd907a8	2026-09-07T16:59:03.6949243Z hint: to use in all of your new repositories, which will suppress this warning,
editor	Run actions/checkout@08c6903cd8c0fde910a37f88322edcfb5dd907a8	2026-09-07T16:59:03.6950927Z hint: call:
editor	Run actions/checkout@08c6903cd8c0fde910a37f88322edcfb5dd907a8	2026-09-07T16:59:03.6951870Z hint:
editor	Run actions/checkout@08c6903cd8c0fde910a37f88322edcfb5dd907a8	2026-09-07T16:59:03.6952889Z hint: 	git config --global init.defaultBranch <name>
editor	Run actions/checkout@08c6903cd8c0fde910a37f88322edcfb5dd907a8	2026-09-07T16:59:03.6954120Z hint:
editor	Run actions/checkout@08c6903cd8c0fde910a37f88322edcfb5dd907a8	2026-09-07T16:59:03.6955275Z hint: Names commonly chosen instead of 'master' are 'main', 'trunk' and
editor	Run actions/checkout@08c6903cd8c0fde910a37f88322edcfb5dd907a8	2026-09-07T16:59:03.6957955Z hint: 'development'. The just-created branch can be renamed via this command:
editor	Run actions/checkout@08c6903cd8c0fde910a37f88322edcfb5dd907a8	2026-09-07T16:59:03.6959491Z hint:
editor	Run actions/checkout@08c6903cd8c0fde910a37f88322edcfb5dd907a8	2026-09-07T16:59:03.6960356Z hint: 	git branch -m <name>
editor	Run actions/checkout@08c6903cd8c0fde910a37f88322edcfb5dd907a8	2026-09-07T16:59:03.6961325Z hint:
editor	Run actions/checkout@08c6903cd8c0fde910a37f88322edcfb5dd907a8	2026-09-07T16:59:03.6962538Z hint: Disable this message with "git config set advice.defaultBranchName false"
editor	Run actions/checkout@08c6903cd8c0fde910a37f88322edcfb5dd907a8	2026-09-07T16:59:03.6964651Z Initialized empty Git repository in /home/runner/work/dynamo-diff/dynamo-diff/.git/
editor	Run actions/checkout@08c6903cd8c0fde910a37f88322edcfb5dd907a8	2026-09-07T16:59:03.6969096Z [command]/usr/bin/git remote add origin https://github.com/Arnavsharma2/dynamo-diff
editor	Run actions/checkout@08c6903cd8c0fde910a37f88322edcfb5dd907a8	2026-09-07T16:59:03.7022351Z ##[endgroup]
editor	Run actions/checkout@08c6903cd8c0fde910a37f88322edcfb5dd907a8	2026-09-07T16:59:03.7024103Z ##[group]Disabling automatic garbage collection
editor	Run actions/checkout@08c6903cd8c0fde910a37f88322edcfb5dd907a8	2026-09-07T16:59:03.7039357Z [command]/usr/bin/git config --local gc.auto 0
editor	Run actions/checkout@08c6903cd8c0fde910a37f88322edcfb5dd907a8	2026-09-07T16:59:03.7107866Z ##[endgroup]
editor	Run actions/checkout@08c6903cd8c0fde910a37f88322edcfb5dd907a8	2026-09-07T16:59:03.7197992Z ##[group]Setting up auth
editor	Run actions/checkout@08c6903cd8c0fde910a37f88322edcfb5dd907a8	2026-09-07T16:59:03.7199825Z [command]/usr/bin/git config --local --name-only --get-regexp core\.sshCommand
editor	Run actions/checkout@08c6903cd8c0fde910a37f88322edcfb5dd907a8	2026-09-07T16:59:03.7258879Z [command]/usr/bin/git submodule foreach --recursive sh -c "git config --local --name-only --get-regexp 'core\.sshCommand' && git config --local --unset-all 'core.sshCommand' || :"
editor	Run actions/checkout@08c6903cd8c0fde910a37f88322edcfb5dd907a8	2026-09-07T16:59:03.7883403Z [command]/usr/bin/git config --local --name-only --get-regexp http\.https\:\/\/github\.com\/\.extraheader
editor	Run actions/checkout@08c6903cd8c0fde910a37f88322edcfb5dd907a8	2026-09-07T16:59:03.7892597Z [command]/usr/bin/git submodule foreach --recursive sh -c "git config --local --name-only --get-regexp 'http\.https\:\/\/github\.com\/\.extraheader' && git config --local --unset-all 'http.https://github.com/.extraheader' || :"
editor	Run actions/checkout@08c6903cd8c0fde910a37f88322edcfb5dd907a8	2026-09-07T16:59:03.8134849Z [command]/usr/bin/git config --local http.https://github.com/.extraheader AUTHORIZATION: basic ***
editor	Run actions/checkout@08c6903cd8c0fde910a37f88322edcfb5dd907a8	2026-09-07T16:59:03.8175655Z ##[endgroup]
editor	Run actions/checkout@08c6903cd8c0fde910a37f88322edcfb5dd907a8	2026-09-07T16:59:03.8178250Z ##[group]Fetching the repository
editor	Run actions/checkout@08c6903cd8c0fde910a37f88322edcfb5dd907a8	2026-09-07T16:59:03.8188553Z [command]/usr/bin/git -c protocol.version=2 fetch --no-tags --prune --no-recurse-submodules --depth=1 origin +0fd1053530792a979ec397a1b7f91154b9d4f0d1:refs/remotes/origin/codex/dynamo-diff
editor	Run actions/checkout@08c6903cd8c0fde910a37f88322edcfb5dd907a8	2026-09-07T16:59:04.4351049Z From https://github.com/Arnavsharma2/dynamo-diff
editor	Run actions/checkout@08c6903cd8c0fde910a37f88322edcfb5dd907a8	2026-09-07T16:59:04.4358534Z  * [new ref]         0fd1053530792a979ec397a1b7f91154b9d4f0d1 -> origin/codex/dynamo-diff
editor	Run actions/checkout@08c6903cd8c0fde910a37f88322edcfb5dd907a8	2026-09-07T16:59:04.4367223Z ##[endgroup]
editor	Run actions/checkout@08c6903cd8c0fde910a37f88322edcfb5dd907a8	2026-09-07T16:59:04.4369320Z ##[group]Determining the checkout info
editor	Run actions/checkout@08c6903cd8c0fde910a37f88322edcfb5dd907a8	2026-09-07T16:59:04.4371809Z ##[endgroup]
editor	Run actions/checkout@08c6903cd8c0fde910a37f88322edcfb5dd907a8	2026-09-07T16:59:04.4373715Z [command]/usr/bin/git sparse-checkout disable
editor	Run actions/checkout@08c6903cd8c0fde910a37f88322edcfb5dd907a8	2026-09-07T16:59:04.4431402Z [command]/usr/bin/git config --local --unset-all extensions.worktreeConfig
editor	Run actions/checkout@08c6903cd8c0fde910a37f88322edcfb5dd907a8	2026-09-07T16:59:04.4468650Z ##[group]Checking out the ref
editor	Run actions/checkout@08c6903cd8c0fde910a37f88322edcfb5dd907a8	2026-09-07T16:59:04.4473206Z [command]/usr/bin/git checkout --progress --force -B codex/dynamo-diff refs/remotes/origin/codex/dynamo-diff
editor	Run actions/checkout@08c6903cd8c0fde910a37f88322edcfb5dd907a8	2026-09-07T16:59:04.5466028Z Switched to a new branch 'codex/dynamo-diff'
editor	Run actions/checkout@08c6903cd8c0fde910a37f88322edcfb5dd907a8	2026-09-07T16:59:04.5481003Z branch 'codex/dynamo-diff' set up to track 'origin/codex/dynamo-diff'.
editor	Run actions/checkout@08c6903cd8c0fde910a37f88322edcfb5dd907a8	2026-09-07T16:59:04.5528805Z ##[endgroup]
editor	Run actions/checkout@08c6903cd8c0fde910a37f88322edcfb5dd907a8	2026-09-07T16:59:04.5589580Z [command]/usr/bin/git log -1 --format=%H
editor	Run actions/checkout@08c6903cd8c0fde910a37f88322edcfb5dd907a8	2026-09-07T16:59:04.5657920Z 0fd1053530792a979ec397a1b7f91154b9d4f0d1
editor	Run actions/setup-python@e797f83bcb11b83ae66e0230d6156d7c80228e7c	﻿2026-09-07T16:59:04.6111723Z ##[group]Run actions/setup-python@e797f83bcb11b83ae66e0230d6156d7c80228e7c
editor	Run actions/setup-python@e797f83bcb11b83ae66e0230d6156d7c80228e7c	2026-09-07T16:59:04.6112789Z with:
editor	Run actions/setup-python@e797f83bcb11b83ae66e0230d6156d7c80228e7c	2026-09-07T16:59:04.6113370Z   python-version: 3.13
editor	Run actions/setup-python@e797f83bcb11b83ae66e0230d6156d7c80228e7c	2026-09-07T16:59:04.6114002Z   check-latest: false
editor	Run actions/setup-python@e797f83bcb11b83ae66e0230d6156d7c80228e7c	2026-09-07T16:59:04.6118710Z   token: ***
editor	Run actions/setup-python@e797f83bcb11b83ae66e0230d6156d7c80228e7c	2026-09-07T16:59:04.6119337Z   update-environment: true
editor	Run actions/setup-python@e797f83bcb11b83ae66e0230d6156d7c80228e7c	2026-09-07T16:59:04.6120007Z   allow-prereleases: false
editor	Run actions/setup-python@e797f83bcb11b83ae66e0230d6156d7c80228e7c	2026-09-07T16:59:04.6120665Z   freethreaded: false
editor	Run actions/setup-python@e797f83bcb11b83ae66e0230d6156d7c80228e7c	2026-09-07T16:59:04.6121572Z ##[endgroup]
editor	Run actions/setup-python@e797f83bcb11b83ae66e0230d6156d7c80228e7c	2026-09-07T16:59:04.7649292Z ##[group]Installed versions
editor	Run actions/setup-python@e797f83bcb11b83ae66e0230d6156d7c80228e7c	2026-09-07T16:59:04.7758702Z (node:1971) [DEP0040] DeprecationWarning: The `punycode` module is deprecated. Please use a userland alternative instead.
editor	Run actions/setup-python@e797f83bcb11b83ae66e0230d6156d7c80228e7c	2026-09-07T16:59:04.7798314Z (Use `node --trace-deprecation ...` to show where the warning was created)
editor	Run actions/setup-python@e797f83bcb11b83ae66e0230d6156d7c80228e7c	2026-09-07T16:59:04.7802645Z Successfully set up CPython (3.13.15)
editor	Run actions/setup-python@e797f83bcb11b83ae66e0230d6156d7c80228e7c	2026-09-07T16:59:04.7805135Z ##[endgroup]
editor	Run actions/setup-node@a0853c24544627f65ddf259abe73b1d18a591444	﻿2026-09-07T16:59:04.8197661Z ##[group]Run actions/setup-node@a0853c24544627f65ddf259abe73b1d18a591444
editor	Run actions/setup-node@a0853c24544627f65ddf259abe73b1d18a591444	2026-09-07T16:59:04.8199408Z with:
editor	Run actions/setup-node@a0853c24544627f65ddf259abe73b1d18a591444	2026-09-07T16:59:04.8200368Z   node-version: 24
editor	Run actions/setup-node@a0853c24544627f65ddf259abe73b1d18a591444	2026-09-07T16:59:04.8201348Z   cache: npm
editor	Run actions/setup-node@a0853c24544627f65ddf259abe73b1d18a591444	2026-09-07T16:59:04.8202466Z   cache-dependency-path: extension/package-lock.json
editor	Run actions/setup-node@a0853c24544627f65ddf259abe73b1d18a591444	2026-09-07T16:59:04.8203840Z   always-auth: false
editor	Run actions/setup-node@a0853c24544627f65ddf259abe73b1d18a591444	2026-09-07T16:59:04.8204858Z   check-latest: false
editor	Run actions/setup-node@a0853c24544627f65ddf259abe73b1d18a591444	2026-09-07T16:59:04.8213865Z   token: ***
editor	Run actions/setup-node@a0853c24544627f65ddf259abe73b1d18a591444	2026-09-07T16:59:04.8214887Z   package-manager-cache: true
editor	Run actions/setup-node@a0853c24544627f65ddf259abe73b1d18a591444	2026-09-07T16:59:04.8215938Z env:
editor	Run actions/setup-node@a0853c24544627f65ddf259abe73b1d18a591444	2026-09-07T16:59:04.8217387Z   pythonLocation: /opt/hostedtoolcache/Python/3.13.15/x64
editor	Run actions/setup-node@a0853c24544627f65ddf259abe73b1d18a591444	2026-09-07T16:59:04.8219254Z   PKG_CONFIG_PATH: /opt/hostedtoolcache/Python/3.13.15/x64/lib/pkgconfig
editor	Run actions/setup-node@a0853c24544627f65ddf259abe73b1d18a591444	2026-09-07T16:59:04.8221820Z   Python_ROOT_DIR: /opt/hostedtoolcache/Python/3.13.15/x64
editor	Run actions/setup-node@a0853c24544627f65ddf259abe73b1d18a591444	2026-09-07T16:59:04.8223452Z   Python2_ROOT_DIR: /opt/hostedtoolcache/Python/3.13.15/x64
editor	Run actions/setup-node@a0853c24544627f65ddf259abe73b1d18a591444	2026-09-07T16:59:04.8225050Z   Python3_ROOT_DIR: /opt/hostedtoolcache/Python/3.13.15/x64
editor	Run actions/setup-node@a0853c24544627f65ddf259abe73b1d18a591444	2026-09-07T16:59:04.8226885Z   LD_LIBRARY_PATH: /opt/hostedtoolcache/Python/3.13.15/x64/lib
editor	Run actions/setup-node@a0853c24544627f65ddf259abe73b1d18a591444	2026-09-07T16:59:04.8228414Z ##[endgroup]
editor	Run actions/setup-node@a0853c24544627f65ddf259abe73b1d18a591444	2026-09-07T16:59:05.0117899Z Found in cache @ /opt/hostedtoolcache/node/24.20.0/x64
editor	Run actions/setup-node@a0853c24544627f65ddf259abe73b1d18a591444	2026-09-07T16:59:05.0120505Z (node:1981) [DEP0040] DeprecationWarning: The `punycode` module is deprecated. Please use a userland alternative instead.
editor	Run actions/setup-node@a0853c24544627f65ddf259abe73b1d18a591444	2026-09-07T16:59:05.0124009Z ##[group]Environment details
editor	Run actions/setup-node@a0853c24544627f65ddf259abe73b1d18a591444	2026-09-07T16:59:05.0133028Z (Use `node --trace-deprecation ...` to show where the warning was created)
editor	Run actions/setup-node@a0853c24544627f65ddf259abe73b1d18a591444	2026-09-07T16:59:05.5849043Z node: v24.20.0
editor	Run actions/setup-node@a0853c24544627f65ddf259abe73b1d18a591444	2026-09-07T16:59:05.5850110Z npm: 11.19.0
editor	Run actions/setup-node@a0853c24544627f65ddf259abe73b1d18a591444	2026-09-07T16:59:05.5850970Z yarn: 1.22.22
editor	Run actions/setup-node@a0853c24544627f65ddf259abe73b1d18a591444	2026-09-07T16:59:05.5852422Z ##[endgroup]
editor	Run actions/setup-node@a0853c24544627f65ddf259abe73b1d18a591444	2026-09-07T16:59:05.5882110Z [command]/opt/hostedtoolcache/node/24.20.0/x64/bin/npm config get cache
editor	Run actions/setup-node@a0853c24544627f65ddf259abe73b1d18a591444	2026-09-07T16:59:05.7678151Z /home/runner/.npm
editor	Run actions/setup-node@a0853c24544627f65ddf259abe73b1d18a591444	2026-09-07T16:59:06.0574029Z npm cache is not found
editor	Install the core into the test harness interpreter	﻿2026-09-07T16:59:06.0720326Z ##[group]Run python -m venv .venv
editor	Install the core into the test harness interpreter	2026-09-07T16:59:06.0720737Z ^[[36;1mpython -m venv .venv^[[0m
editor	Install the core into the test harness interpreter	2026-09-07T16:59:06.0721177Z ^[[36;1m.venv/bin/python -m pip install --require-hashes -r requirements-test.lock^[[0m
editor	Install the core into the test harness interpreter	2026-09-07T16:59:06.0721721Z ^[[36;1m.venv/bin/python -m pip install --no-deps --no-build-isolation .^[[0m
editor	Install the core into the test harness interpreter	2026-09-07T16:59:06.0826198Z shell: /usr/bin/bash -e {0}
editor	Install the core into the test harness interpreter	2026-09-07T16:59:06.0826503Z env:
editor	Install the core into the test harness interpreter	2026-09-07T16:59:06.0826986Z   pythonLocation: /opt/hostedtoolcache/Python/3.13.15/x64
editor	Install the core into the test harness interpreter	2026-09-07T16:59:06.0827453Z   PKG_CONFIG_PATH: /opt/hostedtoolcache/Python/3.13.15/x64/lib/pkgconfig
editor	Install the core into the test harness interpreter	2026-09-07T16:59:06.0827905Z   Python_ROOT_DIR: /opt/hostedtoolcache/Python/3.13.15/x64
editor	Install the core into the test harness interpreter	2026-09-07T16:59:06.0828310Z   Python2_ROOT_DIR: /opt/hostedtoolcache/Python/3.13.15/x64
editor	Install the core into the test harness interpreter	2026-09-07T16:59:06.0828695Z   Python3_ROOT_DIR: /opt/hostedtoolcache/Python/3.13.15/x64
editor	Install the core into the test harness interpreter	2026-09-07T16:59:06.0829074Z   LD_LIBRARY_PATH: /opt/hostedtoolcache/Python/3.13.15/x64/lib
editor	Install the core into the test harness interpreter	2026-09-07T16:59:06.0829391Z ##[endgroup]
editor	Install the core into the test harness interpreter	2026-09-07T16:59:11.0189585Z Collecting annotated-types==0.8.0 (from -r requirements-test.lock (line 3))
editor	Install the core into the test harness interpreter	2026-09-07T16:59:11.0865652Z   Downloading annotated_types-0.8.0-py3-none-any.whl (13 kB)
editor	Install the core into the test harness interpreter	2026-09-07T16:59:11.1134306Z Collecting anyio==4.15.1 (from -r requirements-test.lock (line 7))
editor	Install the core into the test harness interpreter	2026-09-07T16:59:11.1157182Z   Downloading anyio-4.15.1-py3-none-any.whl (132 kB)
editor	Install the core into the test harness interpreter	2026-09-07T16:59:11.1811922Z Collecting attrs==26.1.0 (from -r requirements-test.lock (line 15))
editor	Install the core into the test harness interpreter	2026-09-07T16:59:11.1833833Z   Downloading attrs-26.1.0-py3-none-any.whl (67 kB)
editor	Install the core into the test harness interpreter	2026-09-07T16:59:11.2073304Z Collecting build==1.6.0 (from -r requirements-test.lock (line 21))
editor	Install the core into the test harness interpreter	2026-09-07T16:59:11.2104708Z   Downloading build-1.6.0-py3-none-any.whl (31 kB)
editor	Install the core into the test harness interpreter	2026-09-07T16:59:11.4125220Z Collecting cffi==2.1.1 (from -r requirements-test.lock (line 25))
editor	Install the core into the test harness interpreter	2026-09-07T16:59:11.4150955Z   Downloading cffi-2.1.1-cp313-cp313-manylinux2014_x86_64.manylinux_2_17_x86_64.whl (221 kB)
editor	Install the core into the test harness interpreter	2026-09-07T16:59:11.4369758Z Collecting click==8.5.0 (from -r requirements-test.lock (line 127))
editor	Install the core into the test harness interpreter	2026-09-07T16:59:11.4417366Z   Downloading click-8.5.0-py3-none-any.whl (125 kB)
editor	Install the core into the test harness interpreter	2026-09-07T16:59:11.7007119Z Collecting cryptography==50.0.1 (from -r requirements-test.lock (line 131))
editor	Install the core into the test harness interpreter	2026-09-07T16:59:11.7041616Z   Downloading cryptography-50.0.1-cp311-abi3-manylinux_2_34_x86_64.whl (4.7 MB)
editor	Install the core into the test harness interpreter	2026-09-07T16:59:11.7328080Z      ━━━━━━━━━━━━━━━━━━━━━━━━━━━━━━━━━━━━━━━━ 4.7/4.7 MB 191.5 MB/s  0:00:00
editor	Install the core into the test harness interpreter	2026-09-07T16:59:11.7487451Z Collecting h11==0.16.0 (from -r requirements-test.lock (line 179))
editor	Install the core into the test harness interpreter	2026-09-07T16:59:11.7534220Z   Downloading h11-0.16.0-py3-none-any.whl (37 kB)
editor	Install the core into the test harness interpreter	2026-09-07T16:59:11.7672431Z Collecting httpcore2==2.12.0 (from -r requirements-test.lock (line 185))
editor	Install the core into the test harness interpreter	2026-09-07T16:59:11.7702298Z   Downloading httpcore2-2.12.0-py3-none-any.whl (83 kB)
editor	Install the core into the test harness interpreter	2026-09-07T16:59:11.7840449Z Collecting httpx2==2.12.0 (from -r requirements-test.lock (line 189))
editor	Install the core into the test harness interpreter	2026-09-07T16:59:11.7872024Z   Downloading httpx2-2.12.0-py3-none-any.whl (95 kB)
editor	Install the core into the test harness interpreter	2026-09-07T16:59:11.8037016Z Collecting idna==3.19 (from -r requirements-test.lock (line 193))
editor	Install the core into the test harness interpreter	2026-09-07T16:59:11.8065264Z   Downloading idna-3.19-py3-none-any.whl (68 kB)
editor	Install the core into the test harness interpreter	2026-09-07T16:59:11.8228053Z Collecting iniconfig==2.3.0 (from -r requirements-test.lock (line 199))
editor	Install the core into the test harness interpreter	2026-09-07T16:59:11.8254389Z   Downloading iniconfig-2.3.0-py3-none-any.whl (7.5 kB)
editor	Install the core into the test harness interpreter	2026-09-07T16:59:11.8689339Z Collecting jsonschema==4.26.0 (from -r requirements-test.lock (line 203))
editor	Install the core into the test harness interpreter	2026-09-07T16:59:11.8764017Z   Downloading jsonschema-4.26.0-py3-none-any.whl (90 kB)
editor	Install the core into the test harness interpreter	2026-09-07T16:59:11.8957668Z Collecting jsonschema-specifications==2025.9.1 (from -r requirements-test.lock (line 207))
editor	Install the core into the test harness interpreter	2026-09-07T16:59:11.8998528Z   Downloading jsonschema_specifications-2025.9.1-py3-none-any.whl (18 kB)
editor	Install the core into the test harness interpreter	2026-09-07T16:59:11.9370425Z Collecting mcp==2.1.1 (from -r requirements-test.lock (line 211))
editor	Install the core into the test harness interpreter	2026-09-07T16:59:11.9413283Z   Downloading mcp-2.1.1-py3-none-any.whl (357 kB)
editor	Install the core into the test harness interpreter	2026-09-07T16:59:11.9562067Z Collecting mcp-types==2.1.1 (from -r requirements-test.lock (line 215))
editor	Install the core into the test harness interpreter	2026-09-07T16:59:11.9594956Z   Downloading mcp_types-2.1.1-py3-none-any.whl (69 kB)
editor	Install the core into the test harness interpreter	2026-09-07T16:59:11.9789626Z Collecting opentelemetry-api==1.44.0 (from -r requirements-test.lock (line 219))
editor	Install the core into the test harness interpreter	2026-09-07T16:59:11.9821929Z   Downloading opentelemetry_api-1.44.0-py3-none-any.whl (60 kB)
editor	Install the core into the test harness interpreter	2026-09-07T16:59:11.9977050Z Collecting packaging==26.3 (from -r requirements-test.lock (line 223))
editor	Install the core into the test harness interpreter	2026-09-07T16:59:12.0007190Z   Downloading packaging-26.3-py3-none-any.whl (129 kB)
editor	Install the core into the test harness interpreter	2026-09-07T16:59:12.0146955Z Collecting pluggy==1.6.0 (from -r requirements-test.lock (line 229))
editor	Install the core into the test harness interpreter	2026-09-07T16:59:12.0177806Z   Downloading pluggy-1.6.0-py3-none-any.whl (20 kB)
editor	Install the core into the test harness interpreter	2026-09-07T16:59:12.0382022Z Collecting pycparser==3.0 (from -r requirements-test.lock (line 233))
editor	Install the core into the test harness interpreter	2026-09-07T16:59:12.0411178Z   Downloading pycparser-3.0-py3-none-any.whl (48 kB)
editor	Install the core into the test harness interpreter	2026-09-07T16:59:12.1394978Z Collecting pydantic==2.13.5 (from -r requirements-test.lock (line 237))
editor	Install the core into the test harness interpreter	2026-09-07T16:59:12.1432763Z   Downloading pydantic-2.13.5-py3-none-any.whl (472 kB)
editor	Install the core into the test harness interpreter	2026-09-07T16:59:12.7506528Z Collecting pydantic-core==2.46.5 (from -r requirements-test.lock (line 244))
editor	Install the core into the test harness interpreter	2026-09-07T16:59:12.7545176Z   Downloading pydantic_core-2.46.5-cp313-cp313-manylinux_2_17_x86_64.manylinux2014_x86_64.whl (2.1 MB)
editor	Install the core into the test harness interpreter	2026-09-07T16:59:12.7655387Z      ━━━━━━━━━━━━━━━━━━━━━━━━━━━━━━━━━━━━━━━━ 2.1/2.1 MB 214.5 MB/s  0:00:00
editor	Install the core into the test harness interpreter	2026-09-07T16:59:12.7824828Z Collecting pygments==2.21.0 (from -r requirements-test.lock (line 366))
editor	Install the core into the test harness interpreter	2026-09-07T16:59:12.7859489Z   Downloading pygments-2.21.0-py3-none-any.whl (1.3 MB)
editor	Install the core into the test harness interpreter	2026-09-07T16:59:12.7932111Z      ━━━━━━━━━━━━━━━━━━━━━━━━━━━━━━━━━━━━━━━━ 1.3/1.3 MB 199.7 MB/s  0:00:00
editor	Install the core into the test harness interpreter	2026-09-07T16:59:12.8087344Z Collecting pyjwt==2.13.0 (from -r requirements-test.lock (line 370))
editor	Install the core into the test harness interpreter	2026-09-07T16:59:12.8116220Z   Downloading pyjwt-2.13.0-py3-none-any.whl (31 kB)
editor	Install the core into the test harness interpreter	2026-09-07T16:59:12.8227106Z Collecting pyproject-hooks==1.2.0 (from -r requirements-test.lock (line 374))
editor	Install the core into the test harness interpreter	2026-09-07T16:59:12.8261178Z   Downloading pyproject_hooks-1.2.0-py3-none-any.whl (10 kB)
editor	Install the core into the test harness interpreter	2026-09-07T16:59:12.8500963Z Collecting pytest==9.1.1 (from -r requirements-test.lock (line 378))
editor	Install the core into the test harness interpreter	2026-09-07T16:59:12.8535035Z   Downloading pytest-9.1.1-py3-none-any.whl (386 kB)
editor	Install the core into the test harness interpreter	2026-09-07T16:59:12.8691946Z Collecting python-multipart==0.0.32 (from -r requirements-test.lock (line 382))
editor	Install the core into the test harness interpreter	2026-09-07T16:59:12.8720323Z   Downloading python_multipart-0.0.32-py3-none-any.whl (30 kB)
editor	Install the core into the test harness interpreter	2026-09-07T16:59:12.8912174Z Collecting referencing==0.37.0 (from -r requirements-test.lock (line 386))
editor	Install the core into the test harness interpreter	2026-09-07T16:59:12.8940373Z   Downloading referencing-0.37.0-py3-none-any.whl (26 kB)
editor	Install the core into the test harness interpreter	2026-09-07T16:59:13.1585460Z Collecting rpds-py==2026.6.3 (from -r requirements-test.lock (line 392))
editor	Install the core into the test harness interpreter	2026-09-07T16:59:13.1620621Z   Downloading rpds_py-2026.6.3-cp313-cp313-manylinux_2_17_x86_64.manylinux2014_x86_64.whl (365 kB)
editor	Install the core into the test harness interpreter	2026-09-07T16:59:13.2304829Z Collecting setuptools==84.0.0 (from -r requirements-test.lock (line 512))
editor	Install the core into the test harness interpreter	2026-09-07T16:59:13.2339376Z   Downloading setuptools-84.0.0-py3-none-any.whl (818 kB)
editor	Install the core into the test harness interpreter	2026-09-07T16:59:13.2412955Z      ━━━━━━━━━━━━━━━━━━━━━━━━━━━━━━━━━━━━━━━━ 818.2/818.2 kB 119.1 MB/s  0:00:00
editor	Install the core into the test harness interpreter	2026-09-07T16:59:13.2628968Z Collecting sse-starlette==3.4.11 (from -r requirements-test.lock (line 516))
editor	Install the core into the test harness interpreter	2026-09-07T16:59:13.2647312Z   Downloading sse_starlette-3.4.11-py3-none-any.whl (17 kB)
editor	Install the core into the test harness interpreter	2026-09-07T16:59:13.2898233Z Collecting starlette==1.6.0 (from -r requirements-test.lock (line 520))
editor	Install the core into the test harness interpreter	2026-09-07T16:59:13.2920737Z   Downloading starlette-1.6.0-py3-none-any.whl (75 kB)
editor	Install the core into the test harness interpreter	2026-09-07T16:59:13.3049131Z Collecting truststore==0.10.4 (from -r requirements-test.lock (line 526))
editor	Install the core into the test harness interpreter	2026-09-07T16:59:13.3087902Z   Downloading truststore-0.10.4-py3-none-any.whl (18 kB)
editor	Install the core into the test harness interpreter	2026-09-07T16:59:13.3387979Z Collecting typing-extensions==4.16.0 (from -r requirements-test.lock (line 532))
editor	Install the core into the test harness interpreter	2026-09-07T16:59:13.3427578Z   Downloading typing_extensions-4.16.0-py3-none-any.whl (45 kB)
editor	Install the core into the test harness interpreter	2026-09-07T16:59:13.3707939Z Collecting typing-inspection==0.4.4 (from -r requirements-test.lock (line 543))
editor	Install the core into the test harness interpreter	2026-09-07T16:59:13.3754898Z   Downloading typing_inspection-0.4.4-py3-none-any.whl (14 kB)
editor	Install the core into the test harness interpreter	2026-09-07T16:59:13.5935695Z Collecting uvicorn==0.52.4 (from -r requirements-test.lock (line 549))
editor	Install the core into the test harness interpreter	2026-09-07T16:59:13.5965711Z   Downloading uvicorn-0.52.4-py3-none-any.whl (79 kB)
editor	Install the core into the test harness interpreter	2026-09-07T16:59:13.7126370Z Installing collected packages: typing-extensions, truststore, setuptools, rpds-py, python-multipart, pyproject-hooks, pyjwt, pygments, pycparser, pluggy, packaging, iniconfig, idna, h11, click, attrs, annotated-types, uvicorn, typing-inspection, referencing, pytest, pydantic-core, opentelemetry-api, httpcore2, cffi, build, anyio, starlette, pydantic, jsonschema-specifications, httpx2, cryptography, sse-starlette, mcp-types, jsonschema, mcp
editor	Install the core into the test harness interpreter	2026-09-07T16:59:17.1921425Z 
editor	Install the core into the test harness interpreter	2026-09-07T16:59:17.1967467Z Successfully installed annotated-types-0.8.0 anyio-4.15.1 attrs-26.1.0 build-1.6.0 cffi-2.1.1 click-8.5.0 cryptography-50.0.1 h11-0.16.0 httpcore2-2.12.0 httpx2-2.12.0 idna-3.19 iniconfig-2.3.0 jsonschema-4.26.0 jsonschema-specifications-2025.9.1 mcp-2.1.1 mcp-types-2.1.1 opentelemetry-api-1.44.0 packaging-26.3 pluggy-1.6.0 pycparser-3.0 pydantic-2.13.5 pydantic-core-2.46.5 pygments-2.21.0 pyjwt-2.13.0 pyproject-hooks-1.2.0 pytest-9.1.1 python-multipart-0.0.32 referencing-0.37.0 rpds-py-2026.6.3 setuptools-84.0.0 sse-starlette-3.4.11 starlette-1.6.0 truststore-0.10.4 typing-extensions-4.16.0 typing-inspection-0.4.4 uvicorn-0.52.4
editor	Install the core into the test harness interpreter	2026-09-07T16:59:17.6669022Z Processing ./.
editor	Install the core into the test harness interpreter	2026-09-07T16:59:17.6683074Z   Preparing metadata (pyproject.toml): started
editor	Install the core into the test harness interpreter	2026-09-07T16:59:18.0747225Z   Preparing metadata (pyproject.toml): finished with status 'done'
editor	Install the core into the test harness interpreter	2026-09-07T16:59:18.0785505Z Building wheels for collected packages: dynamo-diff
editor	Install the core into the test harness interpreter	2026-09-07T16:59:18.0795112Z   Building wheel for dynamo-diff (pyproject.toml): started
editor	Install the core into the test harness interpreter	2026-09-07T16:59:18.3778246Z   Building wheel for dynamo-diff (pyproject.toml): finished with status 'done'
editor	Install the core into the test harness interpreter	2026-09-07T16:59:18.3783568Z   Created wheel for dynamo-diff: filename=dynamo_diff-0.1.0-py3-none-any.whl size=31456 sha256=ccacb482763c6358e23f4b6ae43591bc305d8b30a048130d377e97f52c19743a
editor	Install the core into the test harness interpreter	2026-09-07T16:59:18.3785902Z   Stored in directory: /tmp/pip-ephem-wheel-cache-hr7a1rt8/wheels/a4/fc/c8/7c32be5ecce127e9cf7c2af7c7ef267857d9c811fc482fcb7d
editor	Install the core into the test harness interpreter	2026-09-07T16:59:18.3827518Z Successfully built dynamo-diff
editor	Install the core into the test harness interpreter	2026-09-07T16:59:18.3926043Z Installing collected packages: dynamo-diff
editor	Install the core into the test harness interpreter	2026-09-07T16:59:18.4307179Z Successfully installed dynamo-diff-0.1.0
editor	Install pinned extension dependencies	﻿2026-09-07T16:59:18.4789839Z ##[group]Run npm ci
editor	Install pinned extension dependencies	2026-09-07T16:59:18.4790117Z ^[[36;1mnpm ci^[[0m
editor	Install pinned extension dependencies	2026-09-07T16:59:18.4828843Z shell: /usr/bin/bash -e {0}
editor	Install pinned extension dependencies	2026-09-07T16:59:18.4829103Z env:
editor	Install pinned extension dependencies	2026-09-07T16:59:18.4829376Z   pythonLocation: /opt/hostedtoolcache/Python/3.13.15/x64
editor	Install pinned extension dependencies	2026-09-07T16:59:18.4829839Z   PKG_CONFIG_PATH: /opt/hostedtoolcache/Python/3.13.15/x64/lib/pkgconfig
editor	Install pinned extension dependencies	2026-09-07T16:59:18.4830292Z   Python_ROOT_DIR: /opt/hostedtoolcache/Python/3.13.15/x64
editor	Install pinned extension dependencies	2026-09-07T16:59:18.4830684Z   Python2_ROOT_DIR: /opt/hostedtoolcache/Python/3.13.15/x64
editor	Install pinned extension dependencies	2026-09-07T16:59:18.4831067Z   Python3_ROOT_DIR: /opt/hostedtoolcache/Python/3.13.15/x64
editor	Install pinned extension dependencies	2026-09-07T16:59:18.4831445Z   LD_LIBRARY_PATH: /opt/hostedtoolcache/Python/3.13.15/x64/lib
editor	Install pinned extension dependencies	2026-09-07T16:59:18.4831766Z ##[endgroup]
editor	Install pinned extension dependencies	2026-09-07T16:59:21.6038841Z npm warn deprecated whatwg-encoding@3.1.1: Use @exodus/bytes instead for a more spec-conformant and faster implementation
editor	Install pinned extension dependencies	2026-09-07T16:59:22.2972478Z npm warn deprecated prebuild-install@7.1.3: No longer maintained. Please contact the author of the relevant native addon; alternatives are available.
editor	Install pinned extension dependencies	2026-09-07T16:59:26.2907106Z 
editor	Install pinned extension dependencies	2026-09-07T16:59:26.2908324Z added 319 packages, and audited 320 packages in 8s
editor	Install pinned extension dependencies	2026-09-07T16:59:26.2911101Z 
editor	Install pinned extension dependencies	2026-09-07T16:59:26.2911466Z 99 packages are looking for funding
editor	Install pinned extension dependencies	2026-09-07T16:59:26.2911989Z   run `npm fund` for details
editor	Install pinned extension dependencies	2026-09-07T16:59:26.2922566Z 
editor	Install pinned extension dependencies	2026-09-07T16:59:26.2923326Z found 0 vulnerabilities
editor	Install pinned extension dependencies	2026-09-07T16:59:26.2935865Z npm warn install-scripts 2 packages have install scripts not yet covered by allowScripts:
editor	Install pinned extension dependencies	2026-09-07T16:59:26.2937950Z npm warn install-scripts   @vscode/vsce-sign@2.1.0 (postinstall: node ./src/postinstall.js)
editor	Install pinned extension dependencies	2026-09-07T16:59:26.2940091Z npm warn install-scripts   keytar@7.9.0 (install: prebuild-install || npm run build)
editor	Install pinned extension dependencies	2026-09-07T16:59:26.2941427Z npm warn install-scripts
editor	Install pinned extension dependencies	2026-09-07T16:59:26.2945086Z npm warn install-scripts Run `npm install-scripts ls` to review, or `npm install-scripts approve <pkg>` to allow.
editor	Run actual VS Code integration	﻿2026-09-07T16:59:26.3571229Z ##[group]Run xvfb-run --auto-servernum npm test
editor	Run actual VS Code integration	2026-09-07T16:59:26.3571631Z ^[[36;1mxvfb-run --auto-servernum npm test^[[0m
editor	Run actual VS Code integration	2026-09-07T16:59:26.3608281Z shell: /usr/bin/bash -e {0}
editor	Run actual VS Code integration	2026-09-07T16:59:26.3608550Z env:
editor	Run actual VS Code integration	2026-09-07T16:59:26.3608820Z   pythonLocation: /opt/hostedtoolcache/Python/3.13.15/x64
editor	Run actual VS Code integration	2026-09-07T16:59:26.3609277Z   PKG_CONFIG_PATH: /opt/hostedtoolcache/Python/3.13.15/x64/lib/pkgconfig
editor	Run actual VS Code integration	2026-09-07T16:59:26.3609729Z   Python_ROOT_DIR: /opt/hostedtoolcache/Python/3.13.15/x64
editor	Run actual VS Code integration	2026-09-07T16:59:26.3610113Z   Python2_ROOT_DIR: /opt/hostedtoolcache/Python/3.13.15/x64
editor	Run actual VS Code integration	2026-09-07T16:59:26.3610492Z   Python3_ROOT_DIR: /opt/hostedtoolcache/Python/3.13.15/x64
editor	Run actual VS Code integration	2026-09-07T16:59:26.3610882Z   LD_LIBRARY_PATH: /opt/hostedtoolcache/Python/3.13.15/x64/lib
editor	Run actual VS Code integration	2026-09-07T16:59:26.3611368Z   DYNAMO_DIFF_TEST_RESULT: /home/runner/work/dynamo-diff/dynamo-diff/artifacts/ci-editor.json
editor	Run actual VS Code integration	2026-09-07T16:59:26.3611800Z ##[endgroup]
editor	Run actual VS Code integration	2026-09-07T16:59:26.8597216Z 
editor	Run actual VS Code integration	2026-09-07T16:59:26.8659478Z > dynamo-diff@0.1.0 test
editor	Run actual VS Code integration	2026-09-07T16:59:26.8660736Z > npm run compile && node out/test/runTest.js
editor	Run actual VS Code integration	2026-09-07T16:59:26.8661704Z 
editor	Run actual VS Code integration	2026-09-07T16:59:26.9915986Z 
editor	Run actual VS Code integration	2026-09-07T16:59:26.9916293Z > dynamo-diff@0.1.0 compile
editor	Run actual VS Code integration	2026-09-07T16:59:26.9917021Z > tsc -p ./
editor	Run actual VS Code integration	2026-09-07T16:59:26.9917242Z 
editor	Run actual VS Code integration	2026-09-07T16:59:27.3433701Z - Resolving version...
editor	Run actual VS Code integration	2026-09-07T16:59:27.4034347Z ✔ Validated version: 1.132.1
editor	Run actual VS Code integration	2026-09-07T16:59:27.4047544Z - Found at https://update.code.visualstudio.com/1.132.1/linux-x64/stable?released=true
editor	Run actual VS Code integration	2026-09-07T16:59:27.7538337Z ✔ Found at https://update.code.visualstudio.com/1.132.1/linux-x64/stable?released=true
editor	Run actual VS Code integration	2026-09-07T16:59:27.7561469Z - Downloading (334.02 MB)
editor	Run actual VS Code integration	2026-09-07T16:59:38.2403880Z ✔ Downloaded VS Code (07b4ff1883f94da91f6d698744fc7c3638b59720) into /home/runner/work/dynamo-diff/dynamo-diff/extension/.vscode-test/vscode-linux-x64-1.132.1
editor	Run actual VS Code integration	2026-09-07T16:59:43.7841978Z [2230:0907/165943.782118:ERROR:dbus/bus.cc:405] Failed to connect to the bus: Could not parse server address: Unknown address type (examples of valid types are "tcp" and on UNIX "unix")
editor	Run actual VS Code integration	2026-09-07T16:59:43.8097776Z [2230:0907/165943.808640:ERROR:dbus/object_proxy.cc:572] Failed to call method: org.freedesktop.DBus.NameHasOwner: object_path= /org/freedesktop/DBus: unknown error type: 
editor	Run actual VS Code integration	2026-09-07T16:59:43.8138552Z [2230:0907/165943.809436:ERROR:dbus/bus.cc:405] Failed to connect to the bus: Could not parse server address: Unknown address type (examples of valid types are "tcp" and on UNIX "unix")
editor	Run actual VS Code integration	2026-09-07T16:59:43.8178369Z [2230:0907/165943.815177:ERROR:dbus/object_proxy.cc:572] Failed to call method: org.freedesktop.DBus.NameHasOwner: object_path= /org/freedesktop/DBus: unknown error type: 
editor	Run actual VS Code integration	2026-09-07T16:59:43.9609604Z Warning: 'cached-data' is not in the list of known options, but still passed to Electron/Chromium.
editor	Run actual VS Code integration	2026-09-07T16:59:44.0859215Z ^[[90m[main 2026-09-07T16:59:44.085Z]^[[0m StorageMainService: creating application shared storage
editor	Run actual VS Code integration	2026-09-07T16:59:44.1937605Z [2230:0907/165944.192338:ERROR:dbus/bus.cc:405] Failed to connect to the bus: Could not parse server address: Unknown address type (examples of valid types are "tcp" and on UNIX "unix")
editor	Run actual VS Code integration	2026-09-07T16:59:44.1948442Z ^[[90m[main 2026-09-07T16:59:44.192Z]^[[0m [shared storage] Creating shared storage database at ':memory:' (wasCreated: true)
editor	Run actual VS Code integration	2026-09-07T16:59:44.1955328Z ^[[90m[main 2026-09-07T16:59:44.195Z]^[[0m [shared storage] Initializing fallback application storage (path: in-memory)
editor	Run actual VS Code integration	2026-09-07T16:59:44.2304315Z ^[[90m[main 2026-09-07T16:59:44.229Z]^[[0m [shared storage] Fallback application storage initialized with 3 items
editor	Run actual VS Code integration	2026-09-07T16:59:44.2312025Z ^[[90m[main 2026-09-07T16:59:44.230Z]^[[0m update#setState disabled
editor	Run actual VS Code integration	2026-09-07T16:59:44.2315871Z ^[[90m[main 2026-09-07T16:59:44.231Z]^[[0m update#ctor - updates are disabled by the environment
editor	Run actual VS Code integration	2026-09-07T16:59:44.2510648Z [2230:0907/165944.250636:ERROR:dbus/bus.cc:405] Failed to connect to the bus: Could not parse server address: Unknown address type (examples of valid types are "tcp" and on UNIX "unix")
editor	Run actual VS Code integration	2026-09-07T16:59:45.3809517Z workbench#open()
editor	Run actual VS Code integration	2026-09-07T16:59:45.9936852Z Started local extension host with pid 2453.
editor	Run actual VS Code integration	2026-09-07T16:59:46.0005148Z IExtensionHostStarter.start() took 105 ms.
editor	Run actual VS Code integration	2026-09-07T16:59:46.1898764Z Started initializing default profile extensions in extensions installation folder. file:///tmp/dynamo-diff-editor-G98YzA/extensions
editor	Run actual VS Code integration	2026-09-07T16:59:46.8263278Z Completed initializing default profile extensions in extensions installation folder. file:///tmp/dynamo-diff-editor-G98YzA/extensions
editor	Run actual VS Code integration	2026-09-07T16:59:46.9705236Z [AccountPolicyGate] apply: state=inactive, reason=undefined, isRestricted=false
editor	Run actual VS Code integration	2026-09-07T16:59:47.0028575Z Loading development extension at /home/runner/work/dynamo-diff/dynamo-diff/extension
editor	Run actual VS Code integration	2026-09-07T16:59:47.0082227Z filterEnabledExtensions: extension 'GitHub.copilot-chat' is disabled
editor	Run actual VS Code integration	2026-09-07T16:59:47.0598970Z [vscode.mermaid-markdown-features]: Extension 'vscode.mermaid-markdown-features' CANNOT use 'legacyToolReferenceFullNames' without the 'chatParticipantPrivate' API proposal enabled
editor	Run actual VS Code integration	2026-09-07T16:59:47.4237321Z NativeExtensionHostFactory._createLocalProcessExtensionHostDataProvider.scannedExtensions: TypeScriptTeam.jsts-chat-features,vscode.bat,vscode.clojure,vscode.coffeescript,vscode.configuration-editing,GitHub.copilot-chat,vscode.cpp,vscode.csharp,vscode.css,vscode.css-language-features,vscode.dart,vscode.debug-auto-launch,vscode.debug-server-ready,vscode.diff,vscode.docker,vscode.dotenv,vscode.emmet,vscode.extension-editing,vscode.fsharp,vscode.git,vscode.git-base,vscode.github,vscode.github-authentication,vscode.go,vscode.groovy,vscode.grunt,vscode.gulp,vscode.handlebars,vscode.hlsl,vscode.html,vscode.html-language-features,vscode.ini,vscode.ipynb,vscode.jake,vscode.java,vscode.javascript,vscode.json,vscode.json-language-features,vscode.julia,vscode.latex,vscode.less,vscode.log,vscode.lua,vscode.make,vscode.markdown,vscode.markdown-language-features,vscode.markdown-math,vscode.media-preview,vscode.merge-conflict,vscode.mermaid-markdown-features,vscode.microsoft-authentication,ms-vscode.js-debug,ms-vscode.js-debug-companion,ms-vscode.vscode-js-profile-table,vscode.builtin-notebook-renderers,vscode.npm,vscode.objective-c,vscode.perl,vscode.php,vscode.php-language-features,vscode.powershell,vscode.prompt,vscode.pug,vscode.python,vscode.r,vscode.razor,vscode.references-view,vscode.restructuredtext,vscode.ruby,vscode.rust,vscode.scss,vscode.search-result,vscode.shaderlab,vscode.shellscript,vscode.simple-browser,vscode.sql,vscode.swift,vscode.terminal-suggest,vscode.theme-abyss,vscode.theme-defaults,vscode.theme-kimbie-dark,vscode.theme-monokai,vscode.theme-monokai-dimmed,vscode.theme-quietlight,vscode.theme-red,vscode.vscode-theme-seti,vscode.theme-solarized-dark,vscode.theme-solarized-light,vscode.theme-tomorrow-night-blue,vscode.tunnel-forwarding,vscode.typescript,vscode.typescript-language-features,vscode.vb,vscode.xml,vscode.yaml,dynamo-diff.dynamo-diff
editor	Run actual VS Code integration	2026-09-07T16:59:47.4377741Z filterEnabledExtensions: extension 'GitHub.copilot-chat' is disabled
editor	Run actual VS Code integration	2026-09-07T16:59:47.4514926Z NativeExtensionHostFactory._createLocalProcessExtensionHostDataProvider.localExtensions: dynamo-diff.dynamo-diff,TypeScriptTeam.jsts-chat-features,vscode.bat,vscode.clojure,vscode.coffeescript,vscode.configuration-editing,vscode.cpp,vscode.csharp,vscode.css,vscode.css-language-features,vscode.dart,vscode.debug-auto-launch,vscode.debug-server-ready,vscode.diff,vscode.docker,vscode.dotenv,vscode.emmet,vscode.extension-editing,vscode.fsharp,vscode.git,vscode.git-base,vscode.github,vscode.github-authentication,vscode.go,vscode.groovy,vscode.grunt,vscode.gulp,vscode.handlebars,vscode.hlsl,vscode.html,vscode.html-language-features,vscode.ini,vscode.ipynb,vscode.jake,vscode.java,vscode.javascript,vscode.json,vscode.json-language-features,vscode.julia,vscode.latex,vscode.less,vscode.log,vscode.lua,vscode.make,vscode.markdown,vscode.markdown-language-features,vscode.markdown-math,vscode.media-preview,vscode.merge-conflict,vscode.mermaid-markdown-features,vscode.microsoft-authentication,ms-vscode.js-debug,ms-vscode.js-debug-companion,ms-vscode.vscode-js-profile-table,vscode.builtin-notebook-renderers,vscode.npm,vscode.objective-c,vscode.perl,vscode.php,vscode.php-language-features,vscode.powershell,vscode.prompt,vscode.pug,vscode.python,vscode.r,vscode.razor,vscode.references-view,vscode.restructuredtext,vscode.ruby,vscode.rust,vscode.scss,vscode.search-result,vscode.shaderlab,vscode.shellscript,vscode.simple-browser,vscode.sql,vscode.swift,vscode.terminal-suggest,vscode.theme-abyss,vscode.theme-defaults,vscode.theme-kimbie-dark,vscode.theme-monokai,vscode.theme-monokai-dimmed,vscode.theme-quietlight,vscode.theme-red,vscode.vscode-theme-seti,vscode.theme-solarized-dark,vscode.theme-solarized-light,vscode.theme-tomorrow-night-blue,vscode.tunnel-forwarding,vscode.typescript,vscode.typescript-language-features,vscode.vb,vscode.xml,vscode.yaml
editor	Run actual VS Code integration	2026-09-07T16:59:47.4960394Z NativeExtensionHostFactory._createLocalProcessExtensionHostDataProvider.myExtensions: dynamo-diff.dynamo-diff,TypeScriptTeam.jsts-chat-features,vscode.bat,vscode.clojure,vscode.coffeescript,vscode.configuration-editing,vscode.cpp,vscode.csharp,vscode.css,vscode.css-language-features,vscode.dart,vscode.debug-auto-launch,vscode.debug-server-ready,vscode.diff,vscode.docker,vscode.dotenv,vscode.emmet,vscode.extension-editing,vscode.fsharp,vscode.git,vscode.git-base,vscode.github,vscode.github-authentication,vscode.go,vscode.groovy,vscode.grunt,vscode.gulp,vscode.handlebars,vscode.hlsl,vscode.html,vscode.html-language-features,vscode.ini,vscode.ipynb,vscode.jake,vscode.java,vscode.javascript,vscode.json,vscode.json-language-features,vscode.julia,vscode.latex,vscode.less,vscode.log,vscode.lua,vscode.make,vscode.markdown,vscode.markdown-language-features,vscode.markdown-math,vscode.media-preview,vscode.merge-conflict,vscode.mermaid-markdown-features,vscode.microsoft-authentication,ms-vscode.js-debug,ms-vscode.js-debug-companion,ms-vscode.vscode-js-profile-table,vscode.builtin-notebook-renderers,vscode.npm,vscode.objective-c,vscode.perl,vscode.php,vscode.php-language-features,vscode.powershell,vscode.prompt,vscode.pug,vscode.python,vscode.r,vscode.razor,vscode.references-view,vscode.restructuredtext,vscode.ruby,vscode.rust,vscode.scss,vscode.search-result,vscode.shaderlab,vscode.shellscript,vscode.simple-browser,vscode.sql,vscode.swift,vscode.terminal-suggest,vscode.theme-abyss,vscode.theme-defaults,vscode.theme-kimbie-dark,vscode.theme-monokai,vscode.theme-monokai-dimmed,vscode.theme-quietlight,vscode.theme-red,vscode.vscode-theme-seti,vscode.theme-solarized-dark,vscode.theme-solarized-light,vscode.theme-tomorrow-night-blue,vscode.tunnel-forwarding,vscode.typescript,vscode.typescript-language-features,vscode.vb,vscode.xml,vscode.yaml
editor	Run actual VS Code integration	2026-09-07T16:59:49.2159932Z Settings Sync: Account status changed from uninitialized to unavailable
editor	Run actual VS Code integration	2026-09-07T16:59:51.9648902Z [AccountPolicyGate] apply: state=inactive, reason=undefined, isRestricted=false
editor	Run actual VS Code integration	2026-09-07T16:59:55.4811198Z Tool "renderMermaidDiagram" was not contributed.
editor	Run actual VS Code integration	2026-09-07T16:59:56.4017629Z {
editor	Run actual VS Code integration	2026-09-07T16:59:56.4035065Z   "vscode": "1.132.1",
editor	Run actual VS Code integration	2026-09-07T16:59:56.4047218Z   "platform": "linux",
editor	Run actual VS Code integration	2026-09-07T16:59:56.4081498Z   "installation": "development",
editor	Run actual VS Code integration	2026-09-07T16:59:56.4095836Z   "checks": [
editor	Run actual VS Code integration	2026-09-07T16:59:56.4118326Z     "activation",
editor	Run actual VS Code integration	2026-09-07T16:59:56.4137960Z     "import, duplicate import, store and workspace paths containing spaces",
editor	Run actual VS Code integration	2026-09-07T16:59:56.4180750Z     "CLI/editor full JSON parity and native results tree",
editor	Run actual VS Code integration	2026-09-07T16:59:56.4220000Z     "separate immutable baseline/candidate source, line navigation and read-only editing",
editor	Run actual VS Code integration	2026-09-07T16:59:56.4241408Z     "bounded evidence with artifact provenance and JSON report navigation",
editor	Run actual VS Code integration	2026-09-07T16:59:56.4273738Z     "captured views reuse the active editor group and the table selects its rendered preview",
editor	Run actual VS Code integration	2026-09-07T16:59:56.4297706Z     "baseline/candidate Markdown table with escaped untrusted labels",
editor	Run actual VS Code integration	2026-09-07T16:59:56.4311269Z     "actionable errors and last successful report preserved",
editor	Run actual VS Code integration	2026-09-07T16:59:56.4319951Z     "in-flight cancellation terminates the actual child process",
editor	Run actual VS Code integration	2026-09-07T16:59:56.4339612Z     "pre-cancelled operation"
editor	Run actual VS Code integration	2026-09-07T16:59:56.4353544Z   ],
editor	Run actual VS Code integration	2026-09-07T16:59:56.4368156Z   "passed": 10
editor	Run actual VS Code integration	2026-09-07T16:59:56.4387175Z }
editor	Run actual VS Code integration	2026-09-07T16:59:56.4409901Z Extension host test runner exit code: 0
editor	Run actual VS Code integration	2026-09-07T16:59:56.4628250Z ^[[90m[main 2026-09-07T16:59:56.458Z]^[[0m Extension host with pid 2453 exited with code: 0, signal: unknown.
editor	Run actual VS Code integration	2026-09-07T16:59:56.4655745Z Asking native host service to exit with code 0.
editor	Run actual VS Code integration	2026-09-07T16:59:56.7440985Z Exit code:   0
editor	Package the tested extension	﻿2026-09-07T16:59:56.8176881Z ##[group]Run npm run package
editor	Package the tested extension	2026-09-07T16:59:56.8177440Z ^[[36;1mnpm run package^[[0m
editor	Package the tested extension	2026-09-07T16:59:56.8255656Z shell: /usr/bin/bash -e {0}
editor	Package the tested extension	2026-09-07T16:59:56.8256072Z env:
editor	Package the tested extension	2026-09-07T16:59:56.8256497Z   pythonLocation: /opt/hostedtoolcache/Python/3.13.15/x64
editor	Package the tested extension	2026-09-07T16:59:56.8257420Z   PKG_CONFIG_PATH: /opt/hostedtoolcache/Python/3.13.15/x64/lib/pkgconfig
editor	Package the tested extension	2026-09-07T16:59:56.8258147Z   Python_ROOT_DIR: /opt/hostedtoolcache/Python/3.13.15/x64
editor	Package the tested extension	2026-09-07T16:59:56.8258795Z   Python2_ROOT_DIR: /opt/hostedtoolcache/Python/3.13.15/x64
editor	Package the tested extension	2026-09-07T16:59:56.8259452Z   Python3_ROOT_DIR: /opt/hostedtoolcache/Python/3.13.15/x64
editor	Package the tested extension	2026-09-07T16:59:56.8260103Z   LD_LIBRARY_PATH: /opt/hostedtoolcache/Python/3.13.15/x64/lib
editor	Package the tested extension	2026-09-07T16:59:56.8260647Z ##[endgroup]
editor	Package the tested extension	2026-09-07T16:59:57.0297183Z 
editor	Package the tested extension	2026-09-07T16:59:57.0307654Z > dynamo-diff@0.1.0 package
editor	Package the tested extension	2026-09-07T16:59:57.0359452Z > npm run compile && vsce package --no-dependencies --allow-missing-repository
editor	Package the tested extension	2026-09-07T16:59:57.0401636Z 
editor	Package the tested extension	2026-09-07T16:59:57.1867061Z 
editor	Package the tested extension	2026-09-07T16:59:57.1887472Z > dynamo-diff@0.1.0 compile
editor	Package the tested extension	2026-09-07T16:59:57.1907325Z > tsc -p ./
editor	Package the tested extension	2026-09-07T16:59:57.1937095Z 
editor	Package the tested extension	2026-09-07T16:59:59.2458054Z Files included in the VSIX:
editor	Package the tested extension	2026-09-07T16:59:59.2487311Z dynamo-diff-0.1.0.vsix
editor	Package the tested extension	2026-09-07T16:59:59.2517563Z ├─ [Content_Types].xml 
editor	Package the tested extension	2026-09-07T16:59:59.2537308Z ├─ extension.vsixmanifest 
editor	Package the tested extension	2026-09-07T16:59:59.2557217Z └─ extension/
editor	Package the tested extension	2026-09-07T16:59:59.2577256Z    ├─ LICENSE.txt [1.06 KB]
editor	Package the tested extension	2026-09-07T16:59:59.2617310Z    ├─ package.json [3.44 KB]
editor	Package the tested extension	2026-09-07T16:59:59.2637218Z    ├─ readme.md 
editor	Package the tested extension	2026-09-07T16:59:59.2667333Z    └─ out/
editor	Package the tested extension	2026-09-07T16:59:59.2687324Z       └─ extension.js [18.42 KB]
editor	Package the tested extension	2026-09-07T16:59:59.2697013Z 
editor	Package the tested extension	2026-09-07T16:59:59.4828305Z Packaged: /home/runner/work/dynamo-diff/dynamo-diff/extension/dynamo-diff-0.1.0.vsix (6 files, 9.49 KB)
editor	Verify the installed VSIX	﻿2026-09-07T16:59:59.5213318Z ##[group]Run xvfb-run --auto-servernum npm test
editor	Verify the installed VSIX	2026-09-07T16:59:59.5213932Z ^[[36;1mxvfb-run --auto-servernum npm test^[[0m
editor	Verify the installed VSIX	2026-09-07T16:59:59.5261747Z shell: /usr/bin/bash -e {0}
editor	Verify the installed VSIX	2026-09-07T16:59:59.5262142Z env:
editor	Verify the installed VSIX	2026-09-07T16:59:59.5262572Z   pythonLocation: /opt/hostedtoolcache/Python/3.13.15/x64
editor	Verify the installed VSIX	2026-09-07T16:59:59.5263306Z   PKG_CONFIG_PATH: /opt/hostedtoolcache/Python/3.13.15/x64/lib/pkgconfig
editor	Verify the installed VSIX	2026-09-07T16:59:59.5264037Z   Python_ROOT_DIR: /opt/hostedtoolcache/Python/3.13.15/x64
editor	Verify the installed VSIX	2026-09-07T16:59:59.5264683Z   Python2_ROOT_DIR: /opt/hostedtoolcache/Python/3.13.15/x64
editor	Verify the installed VSIX	2026-09-07T16:59:59.5265341Z   Python3_ROOT_DIR: /opt/hostedtoolcache/Python/3.13.15/x64
editor	Verify the installed VSIX	2026-09-07T16:59:59.5265993Z   LD_LIBRARY_PATH: /opt/hostedtoolcache/Python/3.13.15/x64/lib
editor	Verify the installed VSIX	2026-09-07T16:59:59.5267197Z   DYNAMO_DIFF_VSIX: /home/runner/work/dynamo-diff/dynamo-diff/extension/dynamo-diff-0.1.0.vsix
editor	Verify the installed VSIX	2026-09-07T16:59:59.5268329Z   DYNAMO_DIFF_TEST_RESULT: /home/runner/work/dynamo-diff/dynamo-diff/artifacts/ci-installed-editor.json
editor	Verify the installed VSIX	2026-09-07T16:59:59.5269197Z ##[endgroup]
editor	Verify the installed VSIX	2026-09-07T16:59:59.7277465Z 
editor	Verify the installed VSIX	2026-09-07T16:59:59.7298111Z > dynamo-diff@0.1.0 test
editor	Verify the installed VSIX	2026-09-07T16:59:59.7327433Z > npm run compile && node out/test/runTest.js
editor	Verify the installed VSIX	2026-09-07T16:59:59.7367133Z 
editor	Verify the installed VSIX	2026-09-07T16:59:59.9143998Z 
editor	Verify the installed VSIX	2026-09-07T16:59:59.9167352Z > dynamo-diff@0.1.0 compile
editor	Verify the installed VSIX	2026-09-07T16:59:59.9207182Z > tsc -p ./
editor	Verify the installed VSIX	2026-09-07T16:59:59.9237050Z 
editor	Verify the installed VSIX	2026-09-07T17:00:00.4388037Z - Resolving version...
editor	Verify the installed VSIX	2026-09-07T17:00:00.4401423Z ✔ Validated version: 1.132.1
editor	Verify the installed VSIX	2026-09-07T17:00:00.4422673Z ✔ Found existing install in /home/runner/work/dynamo-diff/dynamo-diff/extension/.vscode-test/vscode-linux-x64-1.132.1
editor	Verify the installed VSIX	2026-09-07T17:00:01.3758915Z Installing extensions...
editor	Verify the installed VSIX	2026-09-07T17:00:01.3778005Z Extension 'dynamo-diff-0.1.0.vsix' was successfully installed.
editor	Verify the installed VSIX	2026-09-07T17:00:01.3794186Z 
editor	Verify the installed VSIX	2026-09-07T17:00:01.8109965Z [2813:0907/170001.807564:ERROR:dbus/bus.cc:405] Failed to connect to the bus: Could not parse server address: Unknown address type (examples of valid types are "tcp" and on UNIX "unix")
editor	Verify the installed VSIX	2026-09-07T17:00:01.8427658Z [2813:0907/170001.835744:ERROR:dbus/object_proxy.cc:572] Failed to call method: org.freedesktop.DBus.NameHasOwner: object_path= /org/freedesktop/DBus: unknown error type: 
editor	Verify the installed VSIX	2026-09-07T17:00:01.8467616Z [2813:0907/170001.836715:ERROR:dbus/bus.cc:405] Failed to connect to the bus: Could not parse server address: Unknown address type (examples of valid types are "tcp" and on UNIX "unix")
editor	Verify the installed VSIX	2026-09-07T17:00:01.8509235Z [2813:0907/170001.845442:ERROR:dbus/object_proxy.cc:572] Failed to call method: org.freedesktop.DBus.NameHasOwner: object_path= /org/freedesktop/DBus: unknown error type: 
editor	Verify the installed VSIX	2026-09-07T17:00:02.0358174Z Warning: 'cached-data' is not in the list of known options, but still passed to Electron/Chromium.
editor	Verify the installed VSIX	2026-09-07T17:00:02.2241532Z ^[[90m[main 2026-09-07T17:00:02.223Z]^[[0m StorageMainService: creating application shared storage
editor	Verify the installed VSIX	2026-09-07T17:00:02.3891371Z [2813:0907/170002.386285:ERROR:dbus/bus.cc:405] Failed to connect to the bus: Could not parse server address: Unknown address type (examples of valid types are "tcp" and on UNIX "unix")
editor	Verify the installed VSIX	2026-09-07T17:00:02.3937083Z ^[[90m[main 2026-09-07T17:00:02.386Z]^[[0m [shared storage] Creating shared storage database at ':memory:' (wasCreated: true)
editor	Verify the installed VSIX	2026-09-07T17:00:02.3968196Z ^[[90m[main 2026-09-07T17:00:02.389Z]^[[0m [shared storage] Initializing fallback application storage (path: in-memory)
editor	Verify the installed VSIX	2026-09-07T17:00:02.4288903Z [2874:0907/170002.427543:ERROR:gpu/ipc/client/command_buffer_proxy_impl.cc:285] ContextResult::kTransientFailure: Failed to send GpuControl.CreateCommandBuffer.
editor	Verify the installed VSIX	2026-09-07T17:00:02.4366255Z ^[[90m[main 2026-09-07T17:00:02.435Z]^[[0m [shared storage] Fallback application storage initialized with 3 items
editor	Verify the installed VSIX	2026-09-07T17:00:02.4368201Z ^[[90m[main 2026-09-07T17:00:02.435Z]^[[0m update#setState disabled
editor	Verify the installed VSIX	2026-09-07T17:00:02.4393248Z ^[[90m[main 2026-09-07T17:00:02.436Z]^[[0m update#ctor - updates are disabled by the environment
editor	Verify the installed VSIX	2026-09-07T17:00:02.4524984Z [2813:0907/170002.451639:ERROR:dbus/bus.cc:405] Failed to connect to the bus: Could not parse server address: Unknown address type (examples of valid types are "tcp" and on UNIX "unix")
editor	Verify the installed VSIX	2026-09-07T17:00:03.8073801Z workbench#open()
editor	Verify the installed VSIX	2026-09-07T17:00:04.4927784Z Started local extension host with pid 3030.
editor	Verify the installed VSIX	2026-09-07T17:00:04.5017171Z IExtensionHostStarter.start() took 95 ms.
editor	Verify the installed VSIX	2026-09-07T17:00:05.4298834Z Loading development extension at /tmp/dynamo-diff-editor-QEUvkA/test-driver
editor	Verify the installed VSIX	2026-09-07T17:00:05.4401745Z filterEnabledExtensions: extension 'GitHub.copilot-chat' is disabled
editor	Verify the installed VSIX	2026-09-07T17:00:05.4681139Z [vscode.mermaid-markdown-features]: Extension 'vscode.mermaid-markdown-features' CANNOT use 'legacyToolReferenceFullNames' without the 'chatParticipantPrivate' API proposal enabled
editor	Verify the installed VSIX	2026-09-07T17:00:05.9709350Z [AccountPolicyGate] apply: state=inactive, reason=undefined, isRestricted=false
editor	Verify the installed VSIX	2026-09-07T17:00:06.1622598Z NativeExtensionHostFactory._createLocalProcessExtensionHostDataProvider.scannedExtensions: TypeScriptTeam.jsts-chat-features,vscode.bat,vscode.clojure,vscode.coffeescript,vscode.configuration-editing,GitHub.copilot-chat,vscode.cpp,vscode.csharp,vscode.css,vscode.css-language-features,vscode.dart,vscode.debug-auto-launch,vscode.debug-server-ready,vscode.diff,vscode.docker,vscode.dotenv,vscode.emmet,vscode.extension-editing,vscode.fsharp,vscode.git,vscode.git-base,vscode.github,vscode.github-authentication,vscode.go,vscode.groovy,vscode.grunt,vscode.gulp,vscode.handlebars,vscode.hlsl,vscode.html,vscode.html-language-features,vscode.ini,vscode.ipynb,vscode.jake,vscode.java,vscode.javascript,vscode.json,vscode.json-language-features,vscode.julia,vscode.latex,vscode.less,vscode.log,vscode.lua,vscode.make,vscode.markdown,vscode.markdown-language-features,vscode.markdown-math,vscode.media-preview,vscode.merge-conflict,vscode.mermaid-markdown-features,vscode.microsoft-authentication,ms-vscode.js-debug,ms-vscode.js-debug-companion,ms-vscode.vscode-js-profile-table,vscode.builtin-notebook-renderers,vscode.npm,vscode.objective-c,vscode.perl,vscode.php,vscode.php-language-features,vscode.powershell,vscode.prompt,vscode.pug,vscode.python,vscode.r,vscode.razor,vscode.references-view,vscode.restructuredtext,vscode.ruby,vscode.rust,vscode.scss,vscode.search-result,vscode.shaderlab,vscode.shellscript,vscode.simple-browser,vscode.sql,vscode.swift,vscode.terminal-suggest,vscode.theme-abyss,vscode.theme-defaults,vscode.theme-kimbie-dark,vscode.theme-monokai,vscode.theme-monokai-dimmed,vscode.theme-quietlight,vscode.theme-red,vscode.vscode-theme-seti,vscode.theme-solarized-dark,vscode.theme-solarized-light,vscode.theme-tomorrow-night-blue,vscode.tunnel-forwarding,vscode.typescript,vscode.typescript-language-features,vscode.vb,vscode.xml,vscode.yaml,dynamo-diff.dynamo-diff,test-driver.dynamo-diff-test-driver
editor	Verify the installed VSIX	2026-09-07T17:00:06.1824812Z filterEnabledExtensions: extension 'GitHub.copilot-chat' is disabled
editor	Verify the installed VSIX	2026-09-07T17:00:06.1961213Z NativeExtensionHostFactory._createLocalProcessExtensionHostDataProvider.localExtensions: test-driver.dynamo-diff-test-driver,TypeScriptTeam.jsts-chat-features,vscode.bat,vscode.clojure,vscode.coffeescript,vscode.configuration-editing,vscode.cpp,vscode.csharp,vscode.css,vscode.css-language-features,vscode.dart,vscode.debug-auto-launch,vscode.debug-server-ready,vscode.diff,vscode.docker,vscode.dotenv,vscode.emmet,vscode.extension-editing,vscode.fsharp,vscode.git,vscode.git-base,vscode.github,vscode.github-authentication,vscode.go,vscode.groovy,vscode.grunt,vscode.gulp,vscode.handlebars,vscode.hlsl,vscode.html,vscode.html-language-features,vscode.ini,vscode.ipynb,vscode.jake,vscode.java,vscode.javascript,vscode.json,vscode.json-language-features,vscode.julia,vscode.latex,vscode.less,vscode.log,vscode.lua,vscode.make,vscode.markdown,vscode.markdown-language-features,vscode.markdown-math,vscode.media-preview,vscode.merge-conflict,vscode.mermaid-markdown-features,vscode.microsoft-authentication,ms-vscode.js-debug,ms-vscode.js-debug-companion,ms-vscode.vscode-js-profile-table,vscode.builtin-notebook-renderers,vscode.npm,vscode.objective-c,vscode.perl,vscode.php,vscode.php-language-features,vscode.powershell,vscode.prompt,vscode.pug,vscode.python,vscode.r,vscode.razor,vscode.references-view,vscode.restructuredtext,vscode.ruby,vscode.rust,vscode.scss,vscode.search-result,vscode.shaderlab,vscode.shellscript,vscode.simple-browser,vscode.sql,vscode.swift,vscode.terminal-suggest,vscode.theme-abyss,vscode.theme-defaults,vscode.theme-kimbie-dark,vscode.theme-monokai,vscode.theme-monokai-dimmed,vscode.theme-quietlight,vscode.theme-red,vscode.vscode-theme-seti,vscode.theme-solarized-dark,vscode.theme-solarized-light,vscode.theme-tomorrow-night-blue,vscode.tunnel-forwarding,vscode.typescript,vscode.typescript-language-features,vscode.vb,vscode.xml,vscode.yaml,dynamo-diff.dynamo-diff
editor	Verify the installed VSIX	2026-09-07T17:00:06.2268043Z NativeExtensionHostFactory._createLocalProcessExtensionHostDataProvider.myExtensions: test-driver.dynamo-diff-test-driver,TypeScriptTeam.jsts-chat-features,vscode.bat,vscode.clojure,vscode.coffeescript,vscode.configuration-editing,vscode.cpp,vscode.csharp,vscode.css,vscode.css-language-features,vscode.dart,vscode.debug-auto-launch,vscode.debug-server-ready,vscode.diff,vscode.docker,vscode.dotenv,vscode.emmet,vscode.extension-editing,vscode.fsharp,vscode.git,vscode.git-base,vscode.github,vscode.github-authentication,vscode.go,vscode.groovy,vscode.grunt,vscode.gulp,vscode.handlebars,vscode.hlsl,vscode.html,vscode.html-language-features,vscode.ini,vscode.ipynb,vscode.jake,vscode.java,vscode.javascript,vscode.json,vscode.json-language-features,vscode.julia,vscode.latex,vscode.less,vscode.log,vscode.lua,vscode.make,vscode.markdown,vscode.markdown-language-features,vscode.markdown-math,vscode.media-preview,vscode.merge-conflict,vscode.mermaid-markdown-features,vscode.microsoft-authentication,ms-vscode.js-debug,ms-vscode.js-debug-companion,ms-vscode.vscode-js-profile-table,vscode.builtin-notebook-renderers,vscode.npm,vscode.objective-c,vscode.perl,vscode.php,vscode.php-language-features,vscode.powershell,vscode.prompt,vscode.pug,vscode.python,vscode.r,vscode.razor,vscode.references-view,vscode.restructuredtext,vscode.ruby,vscode.rust,vscode.scss,vscode.search-result,vscode.shaderlab,vscode.shellscript,vscode.simple-browser,vscode.sql,vscode.swift,vscode.terminal-suggest,vscode.theme-abyss,vscode.theme-defaults,vscode.theme-kimbie-dark,vscode.theme-monokai,vscode.theme-monokai-dimmed,vscode.theme-quietlight,vscode.theme-red,vscode.vscode-theme-seti,vscode.theme-solarized-dark,vscode.theme-solarized-light,vscode.theme-tomorrow-night-blue,vscode.tunnel-forwarding,vscode.typescript,vscode.typescript-language-features,vscode.vb,vscode.xml,vscode.yaml,dynamo-diff.dynamo-diff
editor	Verify the installed VSIX	2026-09-07T17:00:07.8087893Z Settings Sync: Account status changed from uninitialized to unavailable
editor	Verify the installed VSIX	2026-09-07T17:00:10.9852077Z [AccountPolicyGate] apply: state=inactive, reason=undefined, isRestricted=false
editor	Verify the installed VSIX	2026-09-07T17:00:12.4386489Z Tool "renderMermaidDiagram" was not contributed.
editor	Verify the installed VSIX	2026-09-07T17:00:13.2720874Z {
editor	Verify the installed VSIX	2026-09-07T17:00:13.2747883Z   "vscode": "1.132.1",
editor	Verify the installed VSIX	2026-09-07T17:00:13.2748688Z   "platform": "linux",
editor	Verify the installed VSIX	2026-09-07T17:00:13.2749566Z   "installation": "vsix",
editor	Verify the installed VSIX	2026-09-07T17:00:13.2750474Z   "vsix_sha256": "380111de1d0df462e6ff60d7389d17463fd627c6c4757de8bcff11f81cba5a7f",
editor	Verify the installed VSIX	2026-09-07T17:00:13.2761664Z   "checks": [
editor	Verify the installed VSIX	2026-09-07T17:00:13.2777830Z     "activation from the isolated VSIX install; installed JavaScript matches the build",
editor	Verify the installed VSIX	2026-09-07T17:00:13.2778808Z     "activation",
editor	Verify the installed VSIX	2026-09-07T17:00:13.2779625Z     "import, duplicate import, store and workspace paths containing spaces",
editor	Verify the installed VSIX	2026-09-07T17:00:13.2780628Z     "CLI/editor full JSON parity and native results tree",
editor	Verify the installed VSIX	2026-09-07T17:00:13.2781705Z     "separate immutable baseline/candidate source, line navigation and read-only editing",
editor	Verify the installed VSIX	2026-09-07T17:00:13.2782850Z     "bounded evidence with artifact provenance and JSON report navigation",
editor	Verify the installed VSIX	2026-09-07T17:00:13.2783985Z     "captured views reuse the active editor group and the table selects its rendered preview",
editor	Verify the installed VSIX	2026-09-07T17:00:13.2785110Z     "baseline/candidate Markdown table with escaped untrusted labels",
editor	Verify the installed VSIX	2026-09-07T17:00:13.2786048Z     "actionable errors and last successful report preserved",
editor	Verify the installed VSIX	2026-09-07T17:00:13.2790285Z     "in-flight cancellation terminates the actual child process",
editor	Verify the installed VSIX	2026-09-07T17:00:13.2791149Z     "pre-cancelled operation"
editor	Verify the installed VSIX	2026-09-07T17:00:13.2791780Z   ],
editor	Verify the installed VSIX	2026-09-07T17:00:13.2794121Z   "passed": 11
editor	Verify the installed VSIX	2026-09-07T17:00:13.2794663Z }
editor	Verify the installed VSIX	2026-09-07T17:00:13.2988956Z Extension host test runner exit code: 0
editor	Verify the installed VSIX	2026-09-07T17:00:13.3231268Z Asking native host service to exit with code 0.
editor	Verify the installed VSIX	2026-09-07T17:00:13.3350871Z ^[[90m[main 2026-09-07T17:00:13.334Z]^[[0m Extension host with pid 3030 exited with code: 0, signal: unknown.
editor	Verify the installed VSIX	2026-09-07T17:00:13.4631006Z Exit code:   0
editor	Post Run actions/setup-node@a0853c24544627f65ddf259abe73b1d18a591444	﻿2026-09-07T17:00:13.5293325Z Post job cleanup.
editor	Post Run actions/setup-node@a0853c24544627f65ddf259abe73b1d18a591444	2026-09-07T17:00:13.6604971Z (node:3258) [DEP0040] DeprecationWarning: The `punycode` module is deprecated. Please use a userland alternative instead.
editor	Post Run actions/setup-node@a0853c24544627f65ddf259abe73b1d18a591444	2026-09-07T17:00:13.6607122Z (Use `node --trace-deprecation ...` to show where the warning was created)
editor	Post Run actions/setup-node@a0853c24544627f65ddf259abe73b1d18a591444	2026-09-07T17:00:13.6932154Z [command]/usr/bin/tar --posix -cf cache.tzst --exclude cache.tzst -P -C /home/runner/work/dynamo-diff/dynamo-diff --files-from manifest.txt --use-compress-program zstdmt
editor	Post Run actions/setup-node@a0853c24544627f65ddf259abe73b1d18a591444	2026-09-07T17:00:14.1886236Z (node:3258) [DEP0169] DeprecationWarning: `url.parse()` behavior is not standardized and prone to errors that have security implications. Use the WHATWG URL API instead. CVEs are not issued for `url.parse()` vulnerabilities.
editor	Post Run actions/setup-node@a0853c24544627f65ddf259abe73b1d18a591444	2026-09-07T17:00:15.1801560Z Sent 19726336 of 30938337 (63.8%), 18.8 MBs/sec
editor	Post Run actions/setup-node@a0853c24544627f65ddf259abe73b1d18a591444	2026-09-07T17:00:15.5321013Z Sent 30938337 of 30938337 (100.0%), 21.8 MBs/sec
editor	Post Run actions/setup-node@a0853c24544627f65ddf259abe73b1d18a591444	2026-09-07T17:00:15.7862451Z Cache saved with the key: node-cache-Linux-x64-npm-e3d3394ff76976dac33bb8f9ba89a383048fcedbd8b38afd23fe8059fa41d134
editor	Post Run actions/setup-python@e797f83bcb11b83ae66e0230d6156d7c80228e7c	﻿2026-09-07T17:00:15.8013215Z Post job cleanup.
editor	Post Run actions/setup-python@e797f83bcb11b83ae66e0230d6156d7c80228e7c	2026-09-07T17:00:15.9322975Z (node:3279) [DEP0040] DeprecationWarning: The `punycode` module is deprecated. Please use a userland alternative instead.
editor	Post Run actions/setup-python@e797f83bcb11b83ae66e0230d6156d7c80228e7c	2026-09-07T17:00:15.9324782Z (Use `node --trace-deprecation ...` to show where the warning was created)
editor	Post Run actions/checkout@08c6903cd8c0fde910a37f88322edcfb5dd907a8	﻿2026-09-07T17:00:15.9561608Z Post job cleanup.
editor	Post Run actions/checkout@08c6903cd8c0fde910a37f88322edcfb5dd907a8	2026-09-07T17:00:16.0685491Z [command]/usr/bin/git version
editor	Post Run actions/checkout@08c6903cd8c0fde910a37f88322edcfb5dd907a8	2026-09-07T17:00:16.0745734Z git version 2.55.0
editor	Post Run actions/checkout@08c6903cd8c0fde910a37f88322edcfb5dd907a8	2026-09-07T17:00:16.0805202Z Temporarily overriding HOME='/home/runner/work/_temp/2a5edb3e-8608-49a9-a671-b5f5c206117b' before making global git config changes
editor	Post Run actions/checkout@08c6903cd8c0fde910a37f88322edcfb5dd907a8	2026-09-07T17:00:16.0824332Z Adding repository directory to the temporary git global config as a safe directory
editor	Post Run actions/checkout@08c6903cd8c0fde910a37f88322edcfb5dd907a8	2026-09-07T17:00:16.0825926Z [command]/usr/bin/git config --global --add safe.directory /home/runner/work/dynamo-diff/dynamo-diff
editor	Post Run actions/checkout@08c6903cd8c0fde910a37f88322edcfb5dd907a8	2026-09-07T17:00:16.0879745Z [command]/usr/bin/git config --local --name-only --get-regexp core\.sshCommand
editor	Post Run actions/checkout@08c6903cd8c0fde910a37f88322edcfb5dd907a8	2026-09-07T17:00:16.0954427Z [command]/usr/bin/git submodule foreach --recursive sh -c "git config --local --name-only --get-regexp 'core\.sshCommand' && git config --local --unset-all 'core.sshCommand' || :"
editor	Post Run actions/checkout@08c6903cd8c0fde910a37f88322edcfb5dd907a8	2026-09-07T17:00:16.1268681Z [command]/usr/bin/git config --local --name-only --get-regexp http\.https\:\/\/github\.com\/\.extraheader
editor	Post Run actions/checkout@08c6903cd8c0fde910a37f88322edcfb5dd907a8	2026-09-07T17:00:16.1347990Z http.https://github.com/.extraheader
editor	Post Run actions/checkout@08c6903cd8c0fde910a37f88322edcfb5dd907a8	2026-09-07T17:00:16.1398243Z [command]/usr/bin/git config --local --unset-all http.https://github.com/.extraheader
editor	Post Run actions/checkout@08c6903cd8c0fde910a37f88322edcfb5dd907a8	2026-09-07T17:00:16.1481128Z [command]/usr/bin/git submodule foreach --recursive sh -c "git config --local --name-only --get-regexp 'http\.https\:\/\/github\.com\/\.extraheader' && git config --local --unset-all 'http.https://github.com/.extraheader' || :"
editor	Complete job	﻿2026-09-07T17:00:16.2440231Z Cleaning up orphan processes
