editor	Set up job	﻿2026-09-07T17:18:46.1850397Z Current runner version: '2.337.0'
editor	Set up job	2026-09-07T17:18:46.1905796Z ##[group]Runner Image Provisioner
editor	Set up job	2026-09-07T17:18:46.1906938Z Hosted Compute Agent
editor	Set up job	2026-09-07T17:18:46.1907790Z Version: 20260828.587
editor	Set up job	2026-09-07T17:18:46.1908602Z Commit: abac92662cab4cc7352de4f9f9d2e2419aad9c29
editor	Set up job	2026-09-07T17:18:46.1909547Z Build Date: 2026-08-28T16:44:25Z
editor	Set up job	2026-09-07T17:18:46.1910597Z Worker ID: {4ba93b52-52f8-4031-bcac-45d7d4f425bb}
editor	Set up job	2026-09-07T17:18:46.1931954Z Azure Region: centralus
editor	Set up job	2026-09-07T17:18:46.1933040Z ##[endgroup]
editor	Set up job	2026-09-07T17:18:46.1934836Z ##[group]Operating System
editor	Set up job	2026-09-07T17:18:46.1935633Z Ubuntu
editor	Set up job	2026-09-07T17:18:46.1936414Z 24.04.4
editor	Set up job	2026-09-07T17:18:46.1937101Z LTS
editor	Set up job	2026-09-07T17:18:46.1937774Z ##[endgroup]
editor	Set up job	2026-09-07T17:18:46.1938486Z ##[group]Runner Image
editor	Set up job	2026-09-07T17:18:46.1939250Z Image: ubuntu-24.04
editor	Set up job	2026-09-07T17:18:46.1940498Z Version: 20260831.293.1
editor	Set up job	2026-09-07T17:18:46.1942122Z Included Software: https://github.com/actions/runner-images/blob/ubuntu24/20260831.293/images/ubuntu/Ubuntu2404-Readme.md
editor	Set up job	2026-09-07T17:18:46.1944447Z Image Release: https://github.com/actions/runner-images/releases/tag/ubuntu24%2F20260831.293
editor	Set up job	2026-09-07T17:18:46.1945608Z ##[endgroup]
editor	Set up job	2026-09-07T17:18:46.1947161Z ##[group]GITHUB_TOKEN Permissions
editor	Set up job	2026-09-07T17:18:46.1950139Z Contents: read
editor	Set up job	2026-09-07T17:18:46.1951011Z Metadata: read
editor	Set up job	2026-09-07T17:18:46.1972315Z ##[endgroup]
editor	Set up job	2026-09-07T17:18:46.1975038Z Secret source: Actions
editor	Set up job	2026-09-07T17:18:46.1976810Z Prepare workflow directory
editor	Set up job	2026-09-07T17:18:46.2434451Z Prepare all required actions
editor	Set up job	2026-09-07T17:18:46.2503413Z Getting action download info
editor	Set up job	2026-09-07T17:18:46.4943827Z Download action repository 'actions/checkout@08c6903cd8c0fde910a37f88322edcfb5dd907a8' (SHA:08c6903cd8c0fde910a37f88322edcfb5dd907a8)
editor	Set up job	2026-09-07T17:18:47.2328834Z Download action repository 'actions/setup-python@e797f83bcb11b83ae66e0230d6156d7c80228e7c' (SHA:e797f83bcb11b83ae66e0230d6156d7c80228e7c)
editor	Set up job	2026-09-07T17:18:47.5469599Z Download action repository 'actions/setup-node@a0853c24544627f65ddf259abe73b1d18a591444' (SHA:a0853c24544627f65ddf259abe73b1d18a591444)
editor	Set up job	2026-09-07T17:18:47.9946057Z Complete job name: editor
editor	Run actions/checkout@08c6903cd8c0fde910a37f88322edcfb5dd907a8	﻿2026-09-07T17:18:48.0662142Z ##[group]Run actions/checkout@08c6903cd8c0fde910a37f88322edcfb5dd907a8
editor	Run actions/checkout@08c6903cd8c0fde910a37f88322edcfb5dd907a8	2026-09-07T17:18:48.0663514Z with:
editor	Run actions/checkout@08c6903cd8c0fde910a37f88322edcfb5dd907a8	2026-09-07T17:18:48.0664196Z   repository: Arnavsharma2/dynamo-diff
editor	Run actions/checkout@08c6903cd8c0fde910a37f88322edcfb5dd907a8	2026-09-07T17:18:48.0671742Z   token: ***
editor	Run actions/checkout@08c6903cd8c0fde910a37f88322edcfb5dd907a8	2026-09-07T17:18:48.0672489Z   ssh-strict: true
editor	Run actions/checkout@08c6903cd8c0fde910a37f88322edcfb5dd907a8	2026-09-07T17:18:48.0673102Z   ssh-user: git
editor	Run actions/checkout@08c6903cd8c0fde910a37f88322edcfb5dd907a8	2026-09-07T17:18:48.0673681Z   persist-credentials: true
editor	Run actions/checkout@08c6903cd8c0fde910a37f88322edcfb5dd907a8	2026-09-07T17:18:48.0674393Z   clean: true
editor	Run actions/checkout@08c6903cd8c0fde910a37f88322edcfb5dd907a8	2026-09-07T17:18:48.0674988Z   sparse-checkout-cone-mode: true
editor	Run actions/checkout@08c6903cd8c0fde910a37f88322edcfb5dd907a8	2026-09-07T17:18:48.0675749Z   fetch-depth: 1
editor	Run actions/checkout@08c6903cd8c0fde910a37f88322edcfb5dd907a8	2026-09-07T17:18:48.0676355Z   fetch-tags: false
editor	Run actions/checkout@08c6903cd8c0fde910a37f88322edcfb5dd907a8	2026-09-07T17:18:48.0676960Z   show-progress: true
editor	Run actions/checkout@08c6903cd8c0fde910a37f88322edcfb5dd907a8	2026-09-07T17:18:48.0677593Z   lfs: false
editor	Run actions/checkout@08c6903cd8c0fde910a37f88322edcfb5dd907a8	2026-09-07T17:18:48.0678173Z   submodules: false
editor	Run actions/checkout@08c6903cd8c0fde910a37f88322edcfb5dd907a8	2026-09-07T17:18:48.0678780Z   set-safe-directory: true
editor	Run actions/checkout@08c6903cd8c0fde910a37f88322edcfb5dd907a8	2026-09-07T17:18:48.0679678Z ##[endgroup]
editor	Run actions/checkout@08c6903cd8c0fde910a37f88322edcfb5dd907a8	2026-09-07T17:18:48.1858238Z Syncing repository: Arnavsharma2/dynamo-diff
editor	Run actions/checkout@08c6903cd8c0fde910a37f88322edcfb5dd907a8	2026-09-07T17:18:48.3028067Z ##[group]Getting Git version info
editor	Run actions/checkout@08c6903cd8c0fde910a37f88322edcfb5dd907a8	2026-09-07T17:18:48.3053384Z Working directory is '/home/runner/work/dynamo-diff/dynamo-diff'
editor	Run actions/checkout@08c6903cd8c0fde910a37f88322edcfb5dd907a8	2026-09-07T17:18:48.3057243Z [command]/usr/bin/git version
editor	Run actions/checkout@08c6903cd8c0fde910a37f88322edcfb5dd907a8	2026-09-07T17:18:48.3060272Z git version 2.55.0
editor	Run actions/checkout@08c6903cd8c0fde910a37f88322edcfb5dd907a8	2026-09-07T17:18:48.3064639Z ##[endgroup]
editor	Run actions/checkout@08c6903cd8c0fde910a37f88322edcfb5dd907a8	2026-09-07T17:18:48.3075083Z Temporarily overriding HOME='/home/runner/work/_temp/3f8ecfce-5f4a-4347-ba8d-84ae50645d4b' before making global git config changes
editor	Run actions/checkout@08c6903cd8c0fde910a37f88322edcfb5dd907a8	2026-09-07T17:18:48.3079345Z Adding repository directory to the temporary git global config as a safe directory
editor	Run actions/checkout@08c6903cd8c0fde910a37f88322edcfb5dd907a8	2026-09-07T17:18:48.3082493Z [command]/usr/bin/git config --global --add safe.directory /home/runner/work/dynamo-diff/dynamo-diff
editor	Run actions/checkout@08c6903cd8c0fde910a37f88322edcfb5dd907a8	2026-09-07T17:18:48.3087470Z Deleting the contents of '/home/runner/work/dynamo-diff/dynamo-diff'
editor	Run actions/checkout@08c6903cd8c0fde910a37f88322edcfb5dd907a8	2026-09-07T17:18:48.3090495Z ##[group]Initializing the repository
editor	Run actions/checkout@08c6903cd8c0fde910a37f88322edcfb5dd907a8	2026-09-07T17:18:48.3092538Z [command]/usr/bin/git init /home/runner/work/dynamo-diff/dynamo-diff
editor	Run actions/checkout@08c6903cd8c0fde910a37f88322edcfb5dd907a8	2026-09-07T17:18:48.3095325Z hint: Using 'master' as the name for the initial branch. This default branch name
editor	Run actions/checkout@08c6903cd8c0fde910a37f88322edcfb5dd907a8	2026-09-07T17:18:48.3098980Z hint: will change to "main" in Git 3.0. To configure the initial branch name
editor	Run actions/checkout@08c6903cd8c0fde910a37f88322edcfb5dd907a8	2026-09-07T17:18:48.3102028Z hint: to use in all of your new repositories, which will suppress this warning,
editor	Run actions/checkout@08c6903cd8c0fde910a37f88322edcfb5dd907a8	2026-09-07T17:18:48.3104075Z hint: call:
editor	Run actions/checkout@08c6903cd8c0fde910a37f88322edcfb5dd907a8	2026-09-07T17:18:48.3104963Z hint:
editor	Run actions/checkout@08c6903cd8c0fde910a37f88322edcfb5dd907a8	2026-09-07T17:18:48.3106241Z hint: 	git config --global init.defaultBranch <name>
editor	Run actions/checkout@08c6903cd8c0fde910a37f88322edcfb5dd907a8	2026-09-07T17:18:48.3107754Z hint:
editor	Run actions/checkout@08c6903cd8c0fde910a37f88322edcfb5dd907a8	2026-09-07T17:18:48.3109212Z hint: Names commonly chosen instead of 'master' are 'main', 'trunk' and
editor	Run actions/checkout@08c6903cd8c0fde910a37f88322edcfb5dd907a8	2026-09-07T17:18:48.3111747Z hint: 'development'. The just-created branch can be renamed via this command:
editor	Run actions/checkout@08c6903cd8c0fde910a37f88322edcfb5dd907a8	2026-09-07T17:18:48.3113784Z hint:
editor	Run actions/checkout@08c6903cd8c0fde910a37f88322edcfb5dd907a8	2026-09-07T17:18:48.3114718Z hint: 	git branch -m <name>
editor	Run actions/checkout@08c6903cd8c0fde910a37f88322edcfb5dd907a8	2026-09-07T17:18:48.3115794Z hint:
editor	Run actions/checkout@08c6903cd8c0fde910a37f88322edcfb5dd907a8	2026-09-07T17:18:48.3117499Z hint: Disable this message with "git config set advice.defaultBranchName false"
editor	Run actions/checkout@08c6903cd8c0fde910a37f88322edcfb5dd907a8	2026-09-07T17:18:48.3120311Z Initialized empty Git repository in /home/runner/work/dynamo-diff/dynamo-diff/.git/
editor	Run actions/checkout@08c6903cd8c0fde910a37f88322edcfb5dd907a8	2026-09-07T17:18:48.3124769Z [command]/usr/bin/git remote add origin https://github.com/Arnavsharma2/dynamo-diff
editor	Run actions/checkout@08c6903cd8c0fde910a37f88322edcfb5dd907a8	2026-09-07T17:18:48.3128458Z ##[endgroup]
editor	Run actions/checkout@08c6903cd8c0fde910a37f88322edcfb5dd907a8	2026-09-07T17:18:48.3129937Z ##[group]Disabling automatic garbage collection
editor	Run actions/checkout@08c6903cd8c0fde910a37f88322edcfb5dd907a8	2026-09-07T17:18:48.3132010Z [command]/usr/bin/git config --local gc.auto 0
editor	Run actions/checkout@08c6903cd8c0fde910a37f88322edcfb5dd907a8	2026-09-07T17:18:48.3135042Z ##[endgroup]
editor	Run actions/checkout@08c6903cd8c0fde910a37f88322edcfb5dd907a8	2026-09-07T17:18:48.3136365Z ##[group]Setting up auth
editor	Run actions/checkout@08c6903cd8c0fde910a37f88322edcfb5dd907a8	2026-09-07T17:18:48.3138027Z [command]/usr/bin/git config --local --name-only --get-regexp core\.sshCommand
editor	Run actions/checkout@08c6903cd8c0fde910a37f88322edcfb5dd907a8	2026-09-07T17:18:48.3143249Z [command]/usr/bin/git submodule foreach --recursive sh -c "git config --local --name-only --get-regexp 'core\.sshCommand' && git config --local --unset-all 'core.sshCommand' || :"
editor	Run actions/checkout@08c6903cd8c0fde910a37f88322edcfb5dd907a8	2026-09-07T17:18:48.4874644Z [command]/usr/bin/git config --local --name-only --get-regexp http\.https\:\/\/github\.com\/\.extraheader
editor	Run actions/checkout@08c6903cd8c0fde910a37f88322edcfb5dd907a8	2026-09-07T17:18:48.4892685Z [command]/usr/bin/git submodule foreach --recursive sh -c "git config --local --name-only --get-regexp 'http\.https\:\/\/github\.com\/\.extraheader' && git config --local --unset-all 'http.https://github.com/.extraheader' || :"
editor	Run actions/checkout@08c6903cd8c0fde910a37f88322edcfb5dd907a8	2026-09-07T17:18:48.5083003Z [command]/usr/bin/git config --local http.https://github.com/.extraheader AUTHORIZATION: basic ***
editor	Run actions/checkout@08c6903cd8c0fde910a37f88322edcfb5dd907a8	2026-09-07T17:18:48.5116985Z ##[endgroup]
editor	Run actions/checkout@08c6903cd8c0fde910a37f88322edcfb5dd907a8	2026-09-07T17:18:48.5119191Z ##[group]Fetching the repository
editor	Run actions/checkout@08c6903cd8c0fde910a37f88322edcfb5dd907a8	2026-09-07T17:18:48.5128853Z [command]/usr/bin/git -c protocol.version=2 fetch --no-tags --prune --no-recurse-submodules --depth=1 origin +813b7f8407175c14ffb666eb4c0af1aa541a03d5:refs/remotes/origin/codex/dynamo-diff
editor	Run actions/checkout@08c6903cd8c0fde910a37f88322edcfb5dd907a8	2026-09-07T17:18:49.4493774Z From https://github.com/Arnavsharma2/dynamo-diff
editor	Run actions/checkout@08c6903cd8c0fde910a37f88322edcfb5dd907a8	2026-09-07T17:18:49.4507805Z  * [new ref]         813b7f8407175c14ffb666eb4c0af1aa541a03d5 -> origin/codex/dynamo-diff
editor	Run actions/checkout@08c6903cd8c0fde910a37f88322edcfb5dd907a8	2026-09-07T17:18:49.4557956Z ##[endgroup]
editor	Run actions/checkout@08c6903cd8c0fde910a37f88322edcfb5dd907a8	2026-09-07T17:18:49.4560673Z ##[group]Determining the checkout info
editor	Run actions/checkout@08c6903cd8c0fde910a37f88322edcfb5dd907a8	2026-09-07T17:18:49.4563606Z ##[endgroup]
editor	Run actions/checkout@08c6903cd8c0fde910a37f88322edcfb5dd907a8	2026-09-07T17:18:49.4584346Z [command]/usr/bin/git sparse-checkout disable
editor	Run actions/checkout@08c6903cd8c0fde910a37f88322edcfb5dd907a8	2026-09-07T17:18:49.4589927Z [command]/usr/bin/git config --local --unset-all extensions.worktreeConfig
editor	Run actions/checkout@08c6903cd8c0fde910a37f88322edcfb5dd907a8	2026-09-07T17:18:49.4639450Z ##[group]Checking out the ref
editor	Run actions/checkout@08c6903cd8c0fde910a37f88322edcfb5dd907a8	2026-09-07T17:18:49.4663139Z [command]/usr/bin/git checkout --progress --force -B codex/dynamo-diff refs/remotes/origin/codex/dynamo-diff
editor	Run actions/checkout@08c6903cd8c0fde910a37f88322edcfb5dd907a8	2026-09-07T17:18:49.5464573Z Switched to a new branch 'codex/dynamo-diff'
editor	Run actions/checkout@08c6903cd8c0fde910a37f88322edcfb5dd907a8	2026-09-07T17:18:49.5483180Z branch 'codex/dynamo-diff' set up to track 'origin/codex/dynamo-diff'.
editor	Run actions/checkout@08c6903cd8c0fde910a37f88322edcfb5dd907a8	2026-09-07T17:18:49.5513652Z ##[endgroup]
editor	Run actions/checkout@08c6903cd8c0fde910a37f88322edcfb5dd907a8	2026-09-07T17:18:49.5584171Z [command]/usr/bin/git log -1 --format=%H
editor	Run actions/checkout@08c6903cd8c0fde910a37f88322edcfb5dd907a8	2026-09-07T17:18:49.5586344Z 813b7f8407175c14ffb666eb4c0af1aa541a03d5
editor	Run actions/setup-python@e797f83bcb11b83ae66e0230d6156d7c80228e7c	﻿2026-09-07T17:18:49.5927620Z ##[group]Run actions/setup-python@e797f83bcb11b83ae66e0230d6156d7c80228e7c
editor	Run actions/setup-python@e797f83bcb11b83ae66e0230d6156d7c80228e7c	2026-09-07T17:18:49.5928709Z with:
editor	Run actions/setup-python@e797f83bcb11b83ae66e0230d6156d7c80228e7c	2026-09-07T17:18:49.5929575Z   python-version: 3.13
editor	Run actions/setup-python@e797f83bcb11b83ae66e0230d6156d7c80228e7c	2026-09-07T17:18:49.5930432Z   check-latest: false
editor	Run actions/setup-python@e797f83bcb11b83ae66e0230d6156d7c80228e7c	2026-09-07T17:18:49.5934047Z   token: ***
editor	Run actions/setup-python@e797f83bcb11b83ae66e0230d6156d7c80228e7c	2026-09-07T17:18:49.5934910Z   update-environment: true
editor	Run actions/setup-python@e797f83bcb11b83ae66e0230d6156d7c80228e7c	2026-09-07T17:18:49.5935812Z   allow-prereleases: false
editor	Run actions/setup-python@e797f83bcb11b83ae66e0230d6156d7c80228e7c	2026-09-07T17:18:49.5936691Z   freethreaded: false
editor	Run actions/setup-python@e797f83bcb11b83ae66e0230d6156d7c80228e7c	2026-09-07T17:18:49.5937709Z ##[endgroup]
editor	Run actions/setup-python@e797f83bcb11b83ae66e0230d6156d7c80228e7c	2026-09-07T17:18:49.7252609Z ##[group]Installed versions
editor	Run actions/setup-python@e797f83bcb11b83ae66e0230d6156d7c80228e7c	2026-09-07T17:18:49.7498760Z (node:1949) [DEP0040] DeprecationWarning: The `punycode` module is deprecated. Please use a userland alternative instead.
editor	Run actions/setup-python@e797f83bcb11b83ae66e0230d6156d7c80228e7c	2026-09-07T17:18:49.7502389Z (Use `node --trace-deprecation ...` to show where the warning was created)
editor	Run actions/setup-python@e797f83bcb11b83ae66e0230d6156d7c80228e7c	2026-09-07T17:18:49.7504478Z Successfully set up CPython (3.13.15)
editor	Run actions/setup-python@e797f83bcb11b83ae66e0230d6156d7c80228e7c	2026-09-07T17:18:49.7506752Z ##[endgroup]
editor	Run actions/setup-node@a0853c24544627f65ddf259abe73b1d18a591444	﻿2026-09-07T17:18:49.7843647Z ##[group]Run actions/setup-node@a0853c24544627f65ddf259abe73b1d18a591444
editor	Run actions/setup-node@a0853c24544627f65ddf259abe73b1d18a591444	2026-09-07T17:18:49.7845064Z with:
editor	Run actions/setup-node@a0853c24544627f65ddf259abe73b1d18a591444	2026-09-07T17:18:49.7846132Z   node-version: 24
editor	Run actions/setup-node@a0853c24544627f65ddf259abe73b1d18a591444	2026-09-07T17:18:49.7847217Z   cache: npm
editor	Run actions/setup-node@a0853c24544627f65ddf259abe73b1d18a591444	2026-09-07T17:18:49.7848495Z   cache-dependency-path: extension/package-lock.json
editor	Run actions/setup-node@a0853c24544627f65ddf259abe73b1d18a591444	2026-09-07T17:18:49.7850215Z   always-auth: false
editor	Run actions/setup-node@a0853c24544627f65ddf259abe73b1d18a591444	2026-09-07T17:18:49.7862165Z   check-latest: false
editor	Run actions/setup-node@a0853c24544627f65ddf259abe73b1d18a591444	2026-09-07T17:18:49.7866206Z   token: ***
editor	Run actions/setup-node@a0853c24544627f65ddf259abe73b1d18a591444	2026-09-07T17:18:49.7867195Z   package-manager-cache: true
editor	Run actions/setup-node@a0853c24544627f65ddf259abe73b1d18a591444	2026-09-07T17:18:49.7868060Z env:
editor	Run actions/setup-node@a0853c24544627f65ddf259abe73b1d18a591444	2026-09-07T17:18:49.7869104Z   pythonLocation: /opt/hostedtoolcache/Python/3.13.15/x64
editor	Run actions/setup-node@a0853c24544627f65ddf259abe73b1d18a591444	2026-09-07T17:18:49.7870315Z   PKG_CONFIG_PATH: /opt/hostedtoolcache/Python/3.13.15/x64/lib/pkgconfig
editor	Run actions/setup-node@a0853c24544627f65ddf259abe73b1d18a591444	2026-09-07T17:18:49.7871717Z   Python_ROOT_DIR: /opt/hostedtoolcache/Python/3.13.15/x64
editor	Run actions/setup-node@a0853c24544627f65ddf259abe73b1d18a591444	2026-09-07T17:18:49.7873489Z   Python2_ROOT_DIR: /opt/hostedtoolcache/Python/3.13.15/x64
editor	Run actions/setup-node@a0853c24544627f65ddf259abe73b1d18a591444	2026-09-07T17:18:49.7875245Z   Python3_ROOT_DIR: /opt/hostedtoolcache/Python/3.13.15/x64
editor	Run actions/setup-node@a0853c24544627f65ddf259abe73b1d18a591444	2026-09-07T17:18:49.7877001Z   LD_LIBRARY_PATH: /opt/hostedtoolcache/Python/3.13.15/x64/lib
editor	Run actions/setup-node@a0853c24544627f65ddf259abe73b1d18a591444	2026-09-07T17:18:49.7878752Z ##[endgroup]
editor	Run actions/setup-node@a0853c24544627f65ddf259abe73b1d18a591444	2026-09-07T17:18:50.1604061Z Found in cache @ /opt/hostedtoolcache/node/24.20.0/x64
editor	Run actions/setup-node@a0853c24544627f65ddf259abe73b1d18a591444	2026-09-07T17:18:50.1605618Z (node:1957) [DEP0040] DeprecationWarning: The `punycode` module is deprecated. Please use a userland alternative instead.
editor	Run actions/setup-node@a0853c24544627f65ddf259abe73b1d18a591444	2026-09-07T17:18:50.1607129Z (Use `node --trace-deprecation ...` to show where the warning was created)
editor	Run actions/setup-node@a0853c24544627f65ddf259abe73b1d18a591444	2026-09-07T17:18:50.1614257Z ##[group]Environment details
editor	Run actions/setup-node@a0853c24544627f65ddf259abe73b1d18a591444	2026-09-07T17:18:50.9332859Z node: v24.20.0
editor	Run actions/setup-node@a0853c24544627f65ddf259abe73b1d18a591444	2026-09-07T17:18:50.9333787Z npm: 11.19.0
editor	Run actions/setup-node@a0853c24544627f65ddf259abe73b1d18a591444	2026-09-07T17:18:50.9347821Z yarn: 1.22.22
editor	Run actions/setup-node@a0853c24544627f65ddf259abe73b1d18a591444	2026-09-07T17:18:50.9393348Z ##[endgroup]
editor	Run actions/setup-node@a0853c24544627f65ddf259abe73b1d18a591444	2026-09-07T17:18:50.9412412Z [command]/opt/hostedtoolcache/node/24.20.0/x64/bin/npm config get cache
editor	Run actions/setup-node@a0853c24544627f65ddf259abe73b1d18a591444	2026-09-07T17:18:51.3132593Z /home/runner/.npm
editor	Run actions/setup-node@a0853c24544627f65ddf259abe73b1d18a591444	2026-09-07T17:18:51.4996943Z Cache hit for: node-cache-Linux-x64-npm-e3d3394ff76976dac33bb8f9ba89a383048fcedbd8b38afd23fe8059fa41d134
editor	Run actions/setup-node@a0853c24544627f65ddf259abe73b1d18a591444	2026-09-07T17:18:51.5104385Z (node:1957) [DEP0169] DeprecationWarning: `url.parse()` behavior is not standardized and prone to errors that have security implications. Use the WHATWG URL API instead. CVEs are not issued for `url.parse()` vulnerabilities.
editor	Run actions/setup-node@a0853c24544627f65ddf259abe73b1d18a591444	2026-09-07T17:18:52.3689364Z Received 30938337 of 30938337 (100.0%), 42.1 MBs/sec
editor	Run actions/setup-node@a0853c24544627f65ddf259abe73b1d18a591444	2026-09-07T17:18:52.3690730Z Cache Size: ~30 MB (30938337 B)
editor	Run actions/setup-node@a0853c24544627f65ddf259abe73b1d18a591444	2026-09-07T17:18:52.3808517Z [command]/usr/bin/tar -xf /home/runner/work/_temp/f0cc9dc5-780c-401f-885c-49afc7a233f5/cache.tzst -P -C /home/runner/work/dynamo-diff/dynamo-diff --use-compress-program unzstd
editor	Run actions/setup-node@a0853c24544627f65ddf259abe73b1d18a591444	2026-09-07T17:18:52.4410779Z Cache restored successfully
editor	Run actions/setup-node@a0853c24544627f65ddf259abe73b1d18a591444	2026-09-07T17:18:52.4428770Z Cache restored from key: node-cache-Linux-x64-npm-e3d3394ff76976dac33bb8f9ba89a383048fcedbd8b38afd23fe8059fa41d134
editor	Install the core into the test harness interpreter	﻿2026-09-07T17:18:52.4568739Z ##[group]Run python -m venv .venv
editor	Install the core into the test harness interpreter	2026-09-07T17:18:52.4569243Z ^[[36;1mpython -m venv .venv^[[0m
editor	Install the core into the test harness interpreter	2026-09-07T17:18:52.4569866Z ^[[36;1m.venv/bin/python -m pip install --require-hashes -r requirements-test.lock^[[0m
editor	Install the core into the test harness interpreter	2026-09-07T17:18:52.4570501Z ^[[36;1m.venv/bin/python -m pip install --no-deps --no-build-isolation .^[[0m
editor	Install the core into the test harness interpreter	2026-09-07T17:18:52.4605486Z shell: /usr/bin/bash -e {0}
editor	Install the core into the test harness interpreter	2026-09-07T17:18:52.4605946Z env:
editor	Install the core into the test harness interpreter	2026-09-07T17:18:52.4606315Z   pythonLocation: /opt/hostedtoolcache/Python/3.13.15/x64
editor	Install the core into the test harness interpreter	2026-09-07T17:18:52.4606827Z   PKG_CONFIG_PATH: /opt/hostedtoolcache/Python/3.13.15/x64/lib/pkgconfig
editor	Install the core into the test harness interpreter	2026-09-07T17:18:52.4607375Z   Python_ROOT_DIR: /opt/hostedtoolcache/Python/3.13.15/x64
editor	Install the core into the test harness interpreter	2026-09-07T17:18:52.4607811Z   Python2_ROOT_DIR: /opt/hostedtoolcache/Python/3.13.15/x64
editor	Install the core into the test harness interpreter	2026-09-07T17:18:52.4608238Z   Python3_ROOT_DIR: /opt/hostedtoolcache/Python/3.13.15/x64
editor	Install the core into the test harness interpreter	2026-09-07T17:18:52.4608887Z   LD_LIBRARY_PATH: /opt/hostedtoolcache/Python/3.13.15/x64/lib
editor	Install the core into the test harness interpreter	2026-09-07T17:18:52.4609299Z ##[endgroup]
editor	Install the core into the test harness interpreter	2026-09-07T17:18:55.9766999Z Collecting annotated-types==0.8.0 (from -r requirements-test.lock (line 3))
editor	Install the core into the test harness interpreter	2026-09-07T17:18:56.0873633Z   Downloading annotated_types-0.8.0-py3-none-any.whl (13 kB)
editor	Install the core into the test harness interpreter	2026-09-07T17:18:56.1242763Z Collecting anyio==4.15.1 (from -r requirements-test.lock (line 7))
editor	Install the core into the test harness interpreter	2026-09-07T17:18:56.1398300Z   Downloading anyio-4.15.1-py3-none-any.whl (132 kB)
editor	Install the core into the test harness interpreter	2026-09-07T17:18:56.2333741Z Collecting attrs==26.1.0 (from -r requirements-test.lock (line 15))
editor	Install the core into the test harness interpreter	2026-09-07T17:18:56.2512692Z   Downloading attrs-26.1.0-py3-none-any.whl (67 kB)
editor	Install the core into the test harness interpreter	2026-09-07T17:18:56.2926181Z Collecting build==1.6.0 (from -r requirements-test.lock (line 21))
editor	Install the core into the test harness interpreter	2026-09-07T17:18:56.3139405Z   Downloading build-1.6.0-py3-none-any.whl (31 kB)
editor	Install the core into the test harness interpreter	2026-09-07T17:18:56.4416595Z Collecting cffi==2.1.1 (from -r requirements-test.lock (line 25))
editor	Install the core into the test harness interpreter	2026-09-07T17:18:56.4580347Z   Downloading cffi-2.1.1-cp313-cp313-manylinux2014_x86_64.manylinux_2_17_x86_64.whl (221 kB)
editor	Install the core into the test harness interpreter	2026-09-07T17:18:56.5021419Z Collecting click==8.5.0 (from -r requirements-test.lock (line 127))
editor	Install the core into the test harness interpreter	2026-09-07T17:18:56.5187220Z   Downloading click-8.5.0-py3-none-any.whl (125 kB)
editor	Install the core into the test harness interpreter	2026-09-07T17:18:56.6792458Z Collecting cryptography==50.0.1 (from -r requirements-test.lock (line 131))
editor	Install the core into the test harness interpreter	2026-09-07T17:18:56.6953537Z   Downloading cryptography-50.0.1-cp311-abi3-manylinux_2_34_x86_64.whl (4.7 MB)
editor	Install the core into the test harness interpreter	2026-09-07T17:18:56.8471459Z      ━━━━━━━━━━━━━━━━━━━━━━━━━━━━━━━━━━━━━━━━ 4.7/4.7 MB 30.5 MB/s  0:00:00
editor	Install the core into the test harness interpreter	2026-09-07T17:18:56.8732403Z Collecting h11==0.16.0 (from -r requirements-test.lock (line 179))
editor	Install the core into the test harness interpreter	2026-09-07T17:18:56.8891387Z   Downloading h11-0.16.0-py3-none-any.whl (37 kB)
editor	Install the core into the test harness interpreter	2026-09-07T17:18:56.9194549Z Collecting httpcore2==2.12.0 (from -r requirements-test.lock (line 185))
editor	Install the core into the test harness interpreter	2026-09-07T17:18:56.9350158Z   Downloading httpcore2-2.12.0-py3-none-any.whl (83 kB)
editor	Install the core into the test harness interpreter	2026-09-07T17:18:56.9752802Z Collecting httpx2==2.12.0 (from -r requirements-test.lock (line 189))
editor	Install the core into the test harness interpreter	2026-09-07T17:18:56.9911803Z   Downloading httpx2-2.12.0-py3-none-any.whl (95 kB)
editor	Install the core into the test harness interpreter	2026-09-07T17:18:57.0182905Z Collecting idna==3.19 (from -r requirements-test.lock (line 193))
editor	Install the core into the test harness interpreter	2026-09-07T17:18:57.0335154Z   Downloading idna-3.19-py3-none-any.whl (68 kB)
editor	Install the core into the test harness interpreter	2026-09-07T17:18:57.1070547Z Collecting iniconfig==2.3.0 (from -r requirements-test.lock (line 199))
editor	Install the core into the test harness interpreter	2026-09-07T17:18:57.1220464Z   Downloading iniconfig-2.3.0-py3-none-any.whl (7.5 kB)
editor	Install the core into the test harness interpreter	2026-09-07T17:18:57.1517347Z Collecting jsonschema==4.26.0 (from -r requirements-test.lock (line 203))
editor	Install the core into the test harness interpreter	2026-09-07T17:18:57.1675693Z   Downloading jsonschema-4.26.0-py3-none-any.whl (90 kB)
editor	Install the core into the test harness interpreter	2026-09-07T17:18:57.1942999Z Collecting jsonschema-specifications==2025.9.1 (from -r requirements-test.lock (line 207))
editor	Install the core into the test harness interpreter	2026-09-07T17:18:57.2097681Z   Downloading jsonschema_specifications-2025.9.1-py3-none-any.whl (18 kB)
editor	Install the core into the test harness interpreter	2026-09-07T17:18:57.2382026Z Collecting mcp==2.1.1 (from -r requirements-test.lock (line 211))
editor	Install the core into the test harness interpreter	2026-09-07T17:18:57.2552794Z   Downloading mcp-2.1.1-py3-none-any.whl (357 kB)
editor	Install the core into the test harness interpreter	2026-09-07T17:18:57.2874803Z Collecting mcp-types==2.1.1 (from -r requirements-test.lock (line 215))
editor	Install the core into the test harness interpreter	2026-09-07T17:18:57.3035425Z   Downloading mcp_types-2.1.1-py3-none-any.whl (69 kB)
editor	Install the core into the test harness interpreter	2026-09-07T17:18:57.3852942Z Collecting opentelemetry-api==1.44.0 (from -r requirements-test.lock (line 219))
editor	Install the core into the test harness interpreter	2026-09-07T17:18:57.4012564Z   Downloading opentelemetry_api-1.44.0-py3-none-any.whl (60 kB)
editor	Install the core into the test harness interpreter	2026-09-07T17:18:57.4280141Z Collecting packaging==26.3 (from -r requirements-test.lock (line 223))
editor	Install the core into the test harness interpreter	2026-09-07T17:18:57.4442872Z   Downloading packaging-26.3-py3-none-any.whl (129 kB)
editor	Install the core into the test harness interpreter	2026-09-07T17:18:57.4694948Z Collecting pluggy==1.6.0 (from -r requirements-test.lock (line 229))
editor	Install the core into the test harness interpreter	2026-09-07T17:18:57.4857491Z   Downloading pluggy-1.6.0-py3-none-any.whl (20 kB)
editor	Install the core into the test harness interpreter	2026-09-07T17:18:57.5094756Z Collecting pycparser==3.0 (from -r requirements-test.lock (line 233))
editor	Install the core into the test harness interpreter	2026-09-07T17:18:57.5249141Z   Downloading pycparser-3.0-py3-none-any.whl (48 kB)
editor	Install the core into the test harness interpreter	2026-09-07T17:18:57.6131957Z Collecting pydantic==2.13.5 (from -r requirements-test.lock (line 237))
editor	Install the core into the test harness interpreter	2026-09-07T17:18:57.6296284Z   Downloading pydantic-2.13.5-py3-none-any.whl (472 kB)
editor	Install the core into the test harness interpreter	2026-09-07T17:18:58.1374976Z Collecting pydantic-core==2.46.5 (from -r requirements-test.lock (line 244))
editor	Install the core into the test harness interpreter	2026-09-07T17:18:58.1530663Z   Downloading pydantic_core-2.46.5-cp313-cp313-manylinux_2_17_x86_64.manylinux2014_x86_64.whl (2.1 MB)
editor	Install the core into the test harness interpreter	2026-09-07T17:18:58.1827462Z      ━━━━━━━━━━━━━━━━━━━━━━━━━━━━━━━━━━━━━━━━ 2.1/2.1 MB 67.2 MB/s  0:00:00
editor	Install the core into the test harness interpreter	2026-09-07T17:18:58.2114662Z Collecting pygments==2.21.0 (from -r requirements-test.lock (line 366))
editor	Install the core into the test harness interpreter	2026-09-07T17:18:58.2280396Z   Downloading pygments-2.21.0-py3-none-any.whl (1.3 MB)
editor	Install the core into the test harness interpreter	2026-09-07T17:18:58.2465478Z      ━━━━━━━━━━━━━━━━━━━━━━━━━━━━━━━━━━━━━━━━ 1.3/1.3 MB 60.4 MB/s  0:00:00
editor	Install the core into the test harness interpreter	2026-09-07T17:18:58.2762757Z Collecting pyjwt==2.13.0 (from -r requirements-test.lock (line 370))
editor	Install the core into the test harness interpreter	2026-09-07T17:18:58.2925813Z   Downloading pyjwt-2.13.0-py3-none-any.whl (31 kB)
editor	Install the core into the test harness interpreter	2026-09-07T17:18:58.3147668Z Collecting pyproject-hooks==1.2.0 (from -r requirements-test.lock (line 374))
editor	Install the core into the test harness interpreter	2026-09-07T17:18:58.3325823Z   Downloading pyproject_hooks-1.2.0-py3-none-any.whl (10 kB)
editor	Install the core into the test harness interpreter	2026-09-07T17:18:58.3661819Z Collecting pytest==9.1.1 (from -r requirements-test.lock (line 378))
editor	Install the core into the test harness interpreter	2026-09-07T17:18:58.3825846Z   Downloading pytest-9.1.1-py3-none-any.whl (386 kB)
editor	Install the core into the test harness interpreter	2026-09-07T17:18:58.4857493Z Collecting python-multipart==0.0.32 (from -r requirements-test.lock (line 382))
editor	Install the core into the test harness interpreter	2026-09-07T17:18:58.5017016Z   Downloading python_multipart-0.0.32-py3-none-any.whl (30 kB)
editor	Install the core into the test harness interpreter	2026-09-07T17:18:58.5552358Z Collecting referencing==0.37.0 (from -r requirements-test.lock (line 386))
editor	Install the core into the test harness interpreter	2026-09-07T17:18:58.5720817Z   Downloading referencing-0.37.0-py3-none-any.whl (26 kB)
editor	Install the core into the test harness interpreter	2026-09-07T17:18:58.8046549Z Collecting rpds-py==2026.6.3 (from -r requirements-test.lock (line 392))
editor	Install the core into the test harness interpreter	2026-09-07T17:18:58.8206625Z   Downloading rpds_py-2026.6.3-cp313-cp313-manylinux_2_17_x86_64.manylinux2014_x86_64.whl (365 kB)
editor	Install the core into the test harness interpreter	2026-09-07T17:18:58.8919116Z Collecting setuptools==84.0.0 (from -r requirements-test.lock (line 512))
editor	Install the core into the test harness interpreter	2026-09-07T17:18:58.9085116Z   Downloading setuptools-84.0.0-py3-none-any.whl (818 kB)
editor	Install the core into the test harness interpreter	2026-09-07T17:18:58.9219726Z      ━━━━━━━━━━━━━━━━━━━━━━━━━━━━━━━━━━━━━━━━ 818.2/818.2 kB 49.7 MB/s  0:00:00
editor	Install the core into the test harness interpreter	2026-09-07T17:18:58.9521800Z Collecting sse-starlette==3.4.11 (from -r requirements-test.lock (line 516))
editor	Install the core into the test harness interpreter	2026-09-07T17:18:58.9678869Z   Downloading sse_starlette-3.4.11-py3-none-any.whl (17 kB)
editor	Install the core into the test harness interpreter	2026-09-07T17:18:59.0611371Z Collecting starlette==1.6.0 (from -r requirements-test.lock (line 520))
editor	Install the core into the test harness interpreter	2026-09-07T17:18:59.0772598Z   Downloading starlette-1.6.0-py3-none-any.whl (75 kB)
editor	Install the core into the test harness interpreter	2026-09-07T17:18:59.1027052Z Collecting truststore==0.10.4 (from -r requirements-test.lock (line 526))
editor	Install the core into the test harness interpreter	2026-09-07T17:18:59.1184058Z   Downloading truststore-0.10.4-py3-none-any.whl (18 kB)
editor	Install the core into the test harness interpreter	2026-09-07T17:18:59.1448845Z Collecting typing-extensions==4.16.0 (from -r requirements-test.lock (line 532))
editor	Install the core into the test harness interpreter	2026-09-07T17:18:59.1621857Z   Downloading typing_extensions-4.16.0-py3-none-any.whl (45 kB)
editor	Install the core into the test harness interpreter	2026-09-07T17:18:59.1871218Z Collecting typing-inspection==0.4.4 (from -r requirements-test.lock (line 543))
editor	Install the core into the test harness interpreter	2026-09-07T17:18:59.2022589Z   Downloading typing_inspection-0.4.4-py3-none-any.whl (14 kB)
editor	Install the core into the test harness interpreter	2026-09-07T17:18:59.2324753Z Collecting uvicorn==0.52.4 (from -r requirements-test.lock (line 549))
editor	Install the core into the test harness interpreter	2026-09-07T17:18:59.2484176Z   Downloading uvicorn-0.52.4-py3-none-any.whl (79 kB)
editor	Install the core into the test harness interpreter	2026-09-07T17:18:59.3644817Z Installing collected packages: typing-extensions, truststore, setuptools, rpds-py, python-multipart, pyproject-hooks, pyjwt, pygments, pycparser, pluggy, packaging, iniconfig, idna, h11, click, attrs, annotated-types, uvicorn, typing-inspection, referencing, pytest, pydantic-core, opentelemetry-api, httpcore2, cffi, build, anyio, starlette, pydantic, jsonschema-specifications, httpx2, cryptography, sse-starlette, mcp-types, jsonschema, mcp
editor	Install the core into the test harness interpreter	2026-09-07T17:19:02.7047668Z 
editor	Install the core into the test harness interpreter	2026-09-07T17:19:02.7082496Z Successfully installed annotated-types-0.8.0 anyio-4.15.1 attrs-26.1.0 build-1.6.0 cffi-2.1.1 click-8.5.0 cryptography-50.0.1 h11-0.16.0 httpcore2-2.12.0 httpx2-2.12.0 idna-3.19 iniconfig-2.3.0 jsonschema-4.26.0 jsonschema-specifications-2025.9.1 mcp-2.1.1 mcp-types-2.1.1 opentelemetry-api-1.44.0 packaging-26.3 pluggy-1.6.0 pycparser-3.0 pydantic-2.13.5 pydantic-core-2.46.5 pygments-2.21.0 pyjwt-2.13.0 pyproject-hooks-1.2.0 pytest-9.1.1 python-multipart-0.0.32 referencing-0.37.0 rpds-py-2026.6.3 setuptools-84.0.0 sse-starlette-3.4.11 starlette-1.6.0 truststore-0.10.4 typing-extensions-4.16.0 typing-inspection-0.4.4 uvicorn-0.52.4
editor	Install the core into the test harness interpreter	2026-09-07T17:19:03.1163080Z Processing ./.
editor	Install the core into the test harness interpreter	2026-09-07T17:19:03.1169502Z   Preparing metadata (pyproject.toml): started
editor	Install the core into the test harness interpreter	2026-09-07T17:19:03.3713291Z   Preparing metadata (pyproject.toml): finished with status 'done'
editor	Install the core into the test harness interpreter	2026-09-07T17:19:03.3743255Z Building wheels for collected packages: dynamo-diff
editor	Install the core into the test harness interpreter	2026-09-07T17:19:03.3749950Z   Building wheel for dynamo-diff (pyproject.toml): started
editor	Install the core into the test harness interpreter	2026-09-07T17:19:03.6133166Z   Building wheel for dynamo-diff (pyproject.toml): finished with status 'done'
editor	Install the core into the test harness interpreter	2026-09-07T17:19:03.6134929Z   Created wheel for dynamo-diff: filename=dynamo_diff-0.1.0-py3-none-any.whl size=31644 sha256=c5042c20ba3e26595e15cbe3c513eba636748292c76710ea83b7adafd1907aaf
editor	Install the core into the test harness interpreter	2026-09-07T17:19:03.6136038Z   Stored in directory: /tmp/pip-ephem-wheel-cache-jpe2rjo6/wheels/a4/fc/c8/7c32be5ecce127e9cf7c2af7c7ef267857d9c811fc482fcb7d
editor	Install the core into the test harness interpreter	2026-09-07T17:19:03.6152524Z Successfully built dynamo-diff
editor	Install the core into the test harness interpreter	2026-09-07T17:19:03.6250033Z Installing collected packages: dynamo-diff
editor	Install the core into the test harness interpreter	2026-09-07T17:19:03.7618832Z Successfully installed dynamo-diff-0.1.0
editor	Install pinned extension dependencies	﻿2026-09-07T17:19:03.8155519Z ##[group]Run npm ci
editor	Install pinned extension dependencies	2026-09-07T17:19:03.8155870Z ^[[36;1mnpm ci^[[0m
editor	Install pinned extension dependencies	2026-09-07T17:19:03.8179391Z shell: /usr/bin/bash -e {0}
editor	Install pinned extension dependencies	2026-09-07T17:19:03.8179795Z env:
editor	Install pinned extension dependencies	2026-09-07T17:19:03.8180161Z   pythonLocation: /opt/hostedtoolcache/Python/3.13.15/x64
editor	Install pinned extension dependencies	2026-09-07T17:19:03.8180650Z   PKG_CONFIG_PATH: /opt/hostedtoolcache/Python/3.13.15/x64/lib/pkgconfig
editor	Install pinned extension dependencies	2026-09-07T17:19:03.8181134Z   Python_ROOT_DIR: /opt/hostedtoolcache/Python/3.13.15/x64
editor	Install pinned extension dependencies	2026-09-07T17:19:03.8181738Z   Python2_ROOT_DIR: /opt/hostedtoolcache/Python/3.13.15/x64
editor	Install pinned extension dependencies	2026-09-07T17:19:03.8182235Z   Python3_ROOT_DIR: /opt/hostedtoolcache/Python/3.13.15/x64
editor	Install pinned extension dependencies	2026-09-07T17:19:03.8182654Z   LD_LIBRARY_PATH: /opt/hostedtoolcache/Python/3.13.15/x64/lib
editor	Install pinned extension dependencies	2026-09-07T17:19:03.8183016Z ##[endgroup]
editor	Install pinned extension dependencies	2026-09-07T17:19:05.6635531Z npm warn deprecated whatwg-encoding@3.1.1: Use @exodus/bytes instead for a more spec-conformant and faster implementation
editor	Install pinned extension dependencies	2026-09-07T17:19:05.6937937Z npm warn deprecated prebuild-install@7.1.3: No longer maintained. Please contact the author of the relevant native addon; alternatives are available.
editor	Install pinned extension dependencies	2026-09-07T17:19:07.6062638Z 
editor	Install pinned extension dependencies	2026-09-07T17:19:07.6064985Z added 319 packages, and audited 320 packages in 4s
editor	Install pinned extension dependencies	2026-09-07T17:19:07.6065795Z 
editor	Install pinned extension dependencies	2026-09-07T17:19:07.6066296Z 99 packages are looking for funding
editor	Install pinned extension dependencies	2026-09-07T17:19:07.6067081Z   run `npm fund` for details
editor	Install pinned extension dependencies	2026-09-07T17:19:07.6075435Z 
editor	Install pinned extension dependencies	2026-09-07T17:19:07.6079375Z found 0 vulnerabilities
editor	Install pinned extension dependencies	2026-09-07T17:19:07.6089425Z npm warn install-scripts 2 packages have install scripts not yet covered by allowScripts:
editor	Install pinned extension dependencies	2026-09-07T17:19:07.6090914Z npm warn install-scripts   @vscode/vsce-sign@2.1.0 (postinstall: node ./src/postinstall.js)
editor	Install pinned extension dependencies	2026-09-07T17:19:07.6092674Z npm warn install-scripts   keytar@7.9.0 (install: prebuild-install || npm run build)
editor	Install pinned extension dependencies	2026-09-07T17:19:07.6093604Z npm warn install-scripts
editor	Install pinned extension dependencies	2026-09-07T17:19:07.6094813Z npm warn install-scripts Run `npm install-scripts ls` to review, or `npm install-scripts approve <pkg>` to allow.
editor	Run actual VS Code integration	﻿2026-09-07T17:19:07.6457249Z ##[group]Run xvfb-run --auto-servernum npm test
editor	Run actual VS Code integration	2026-09-07T17:19:07.6457733Z ^[[36;1mxvfb-run --auto-servernum npm test^[[0m
editor	Run actual VS Code integration	2026-09-07T17:19:07.6480370Z shell: /usr/bin/bash -e {0}
editor	Run actual VS Code integration	2026-09-07T17:19:07.6480757Z env:
editor	Run actual VS Code integration	2026-09-07T17:19:07.6481089Z   pythonLocation: /opt/hostedtoolcache/Python/3.13.15/x64
editor	Run actual VS Code integration	2026-09-07T17:19:07.6481830Z   PKG_CONFIG_PATH: /opt/hostedtoolcache/Python/3.13.15/x64/lib/pkgconfig
editor	Run actual VS Code integration	2026-09-07T17:19:07.6482315Z   Python_ROOT_DIR: /opt/hostedtoolcache/Python/3.13.15/x64
editor	Run actual VS Code integration	2026-09-07T17:19:07.6482796Z   Python2_ROOT_DIR: /opt/hostedtoolcache/Python/3.13.15/x64
editor	Run actual VS Code integration	2026-09-07T17:19:07.6483366Z   Python3_ROOT_DIR: /opt/hostedtoolcache/Python/3.13.15/x64
editor	Run actual VS Code integration	2026-09-07T17:19:07.6483787Z   LD_LIBRARY_PATH: /opt/hostedtoolcache/Python/3.13.15/x64/lib
editor	Run actual VS Code integration	2026-09-07T17:19:07.6484411Z   DYNAMO_DIFF_TEST_RESULT: /home/runner/work/dynamo-diff/dynamo-diff/artifacts/ci-editor.json
editor	Run actual VS Code integration	2026-09-07T17:19:07.6484879Z ##[endgroup]
editor	Run actual VS Code integration	2026-09-07T17:19:08.6653538Z 
editor	Run actual VS Code integration	2026-09-07T17:19:08.6654693Z > dynamo-diff@0.1.0 test
editor	Run actual VS Code integration	2026-09-07T17:19:08.6655926Z > npm run compile && node out/test/runTest.js
editor	Run actual VS Code integration	2026-09-07T17:19:08.6656765Z 
editor	Run actual VS Code integration	2026-09-07T17:19:08.7568473Z 
editor	Run actual VS Code integration	2026-09-07T17:19:08.7569619Z > dynamo-diff@0.1.0 compile
editor	Run actual VS Code integration	2026-09-07T17:19:08.7570373Z > tsc -p ./
editor	Run actual VS Code integration	2026-09-07T17:19:08.7571873Z 
editor	Run actual VS Code integration	2026-09-07T17:19:09.0552894Z - Resolving version...
editor	Run actual VS Code integration	2026-09-07T17:19:09.1599212Z ✔ Validated version: 1.132.1
editor	Run actual VS Code integration	2026-09-07T17:19:09.1612858Z - Found at https://update.code.visualstudio.com/1.132.1/linux-x64/stable?released=true
editor	Run actual VS Code integration	2026-09-07T17:19:09.3596053Z ✔ Found at https://update.code.visualstudio.com/1.132.1/linux-x64/stable?released=true
editor	Run actual VS Code integration	2026-09-07T17:19:09.3623164Z - Downloading (334.02 MB)
editor	Run actual VS Code integration	2026-09-07T17:19:18.1344079Z ✔ Downloaded VS Code (07b4ff1883f94da91f6d698744fc7c3638b59720) into /home/runner/work/dynamo-diff/dynamo-diff/extension/.vscode-test/vscode-linux-x64-1.132.1
editor	Run actual VS Code integration	2026-09-07T17:19:24.5397473Z [2182:0907/171924.537300:ERROR:dbus/bus.cc:405] Failed to connect to the bus: Could not parse server address: Unknown address type (examples of valid types are "tcp" and on UNIX "unix")
editor	Run actual VS Code integration	2026-09-07T17:19:24.5655519Z [2182:0907/171924.563100:ERROR:dbus/object_proxy.cc:572] Failed to call method: org.freedesktop.DBus.NameHasOwner: object_path= /org/freedesktop/DBus: unknown error type: 
editor	Run actual VS Code integration	2026-09-07T17:19:24.5658078Z [2182:0907/171924.563189:ERROR:dbus/bus.cc:405] Failed to connect to the bus: Could not parse server address: Unknown address type (examples of valid types are "tcp" and on UNIX "unix")
editor	Run actual VS Code integration	2026-09-07T17:19:24.5723275Z [2182:0907/171924.570410:ERROR:dbus/object_proxy.cc:572] Failed to call method: org.freedesktop.DBus.NameHasOwner: object_path= /org/freedesktop/DBus: unknown error type: 
editor	Run actual VS Code integration	2026-09-07T17:19:24.6552978Z Warning: 'cached-data' is not in the list of known options, but still passed to Electron/Chromium.
editor	Run actual VS Code integration	2026-09-07T17:19:24.8903133Z ^[[90m[main 2026-09-07T17:19:24.889Z]^[[0m StorageMainService: creating application shared storage
editor	Run actual VS Code integration	2026-09-07T17:19:25.0093649Z [2182:0907/171925.007074:ERROR:dbus/bus.cc:405] Failed to connect to the bus: Could not parse server address: Unknown address type (examples of valid types are "tcp" and on UNIX "unix")
editor	Run actual VS Code integration	2026-09-07T17:19:25.0458807Z ^[[90m[main 2026-09-07T17:19:25.043Z]^[[0m [shared storage] Creating shared storage database at ':memory:' (wasCreated: true)
editor	Run actual VS Code integration	2026-09-07T17:19:25.0483138Z ^[[90m[main 2026-09-07T17:19:25.047Z]^[[0m [shared storage] Initializing fallback application storage (path: in-memory)
editor	Run actual VS Code integration	2026-09-07T17:19:25.2230315Z ^[[90m[main 2026-09-07T17:19:25.220Z]^[[0m [shared storage] Fallback application storage initialized with 3 items
editor	Run actual VS Code integration	2026-09-07T17:19:25.2241154Z ^[[90m[main 2026-09-07T17:19:25.221Z]^[[0m update#setState disabled
editor	Run actual VS Code integration	2026-09-07T17:19:25.2317974Z ^[[90m[main 2026-09-07T17:19:25.221Z]^[[0m update#ctor - updates are disabled by the environment
editor	Run actual VS Code integration	2026-09-07T17:19:25.2349727Z [2182:0907/171925.233327:ERROR:dbus/bus.cc:405] Failed to connect to the bus: Could not parse server address: Unknown address type (examples of valid types are "tcp" and on UNIX "unix")
editor	Run actual VS Code integration	2026-09-07T17:19:26.5276618Z workbench#open()
editor	Run actual VS Code integration	2026-09-07T17:19:27.0193123Z [AccountPolicyGate] apply: state=inactive, reason=undefined, isRestricted=false
editor	Run actual VS Code integration	2026-09-07T17:19:27.1006272Z Started local extension host with pid 2389.
editor	Run actual VS Code integration	2026-09-07T17:19:27.1032546Z IExtensionHostStarter.start() took 98 ms.
editor	Run actual VS Code integration	2026-09-07T17:19:27.4107698Z Started initializing default profile extensions in extensions installation folder. file:///tmp/dynamo-diff-editor-uqEekd/extensions
editor	Run actual VS Code integration	2026-09-07T17:19:27.9520054Z Completed initializing default profile extensions in extensions installation folder. file:///tmp/dynamo-diff-editor-uqEekd/extensions
editor	Run actual VS Code integration	2026-09-07T17:19:28.1765240Z Loading development extension at /home/runner/work/dynamo-diff/dynamo-diff/extension
editor	Run actual VS Code integration	2026-09-07T17:19:28.1766772Z filterEnabledExtensions: extension 'GitHub.copilot-chat' is disabled
editor	Run actual VS Code integration	2026-09-07T17:19:28.1975107Z [vscode.mermaid-markdown-features]: Extension 'vscode.mermaid-markdown-features' CANNOT use 'legacyToolReferenceFullNames' without the 'chatParticipantPrivate' API proposal enabled
editor	Run actual VS Code integration	2026-09-07T17:19:28.6936729Z Settings Sync: Account status changed from uninitialized to unavailable
editor	Run actual VS Code integration	2026-09-07T17:19:28.7172047Z NativeExtensionHostFactory._createLocalProcessExtensionHostDataProvider.scannedExtensions: TypeScriptTeam.jsts-chat-features,vscode.bat,vscode.clojure,vscode.coffeescript,vscode.configuration-editing,GitHub.copilot-chat,vscode.cpp,vscode.csharp,vscode.css,vscode.css-language-features,vscode.dart,vscode.debug-auto-launch,vscode.debug-server-ready,vscode.diff,vscode.docker,vscode.dotenv,vscode.emmet,vscode.extension-editing,vscode.fsharp,vscode.git,vscode.git-base,vscode.github,vscode.github-authentication,vscode.go,vscode.groovy,vscode.grunt,vscode.gulp,vscode.handlebars,vscode.hlsl,vscode.html,vscode.html-language-features,vscode.ini,vscode.ipynb,vscode.jake,vscode.java,vscode.javascript,vscode.json,vscode.json-language-features,vscode.julia,vscode.latex,vscode.less,vscode.log,vscode.lua,vscode.make,vscode.markdown,vscode.markdown-language-features,vscode.markdown-math,vscode.media-preview,vscode.merge-conflict,vscode.mermaid-markdown-features,vscode.microsoft-authentication,ms-vscode.js-debug,ms-vscode.js-debug-companion,ms-vscode.vscode-js-profile-table,vscode.builtin-notebook-renderers,vscode.npm,vscode.objective-c,vscode.perl,vscode.php,vscode.php-language-features,vscode.powershell,vscode.prompt,vscode.pug,vscode.python,vscode.r,vscode.razor,vscode.references-view,vscode.restructuredtext,vscode.ruby,vscode.rust,vscode.scss,vscode.search-result,vscode.shaderlab,vscode.shellscript,vscode.simple-browser,vscode.sql,vscode.swift,vscode.terminal-suggest,vscode.theme-abyss,vscode.theme-defaults,vscode.theme-kimbie-dark,vscode.theme-monokai,vscode.theme-monokai-dimmed,vscode.theme-quietlight,vscode.theme-red,vscode.vscode-theme-seti,vscode.theme-solarized-dark,vscode.theme-solarized-light,vscode.theme-tomorrow-night-blue,vscode.tunnel-forwarding,vscode.typescript,vscode.typescript-language-features,vscode.vb,vscode.xml,vscode.yaml,dynamo-diff.dynamo-diff
editor	Run actual VS Code integration	2026-09-07T17:19:28.7385762Z filterEnabledExtensions: extension 'GitHub.copilot-chat' is disabled
editor	Run actual VS Code integration	2026-09-07T17:19:28.7639414Z NativeExtensionHostFactory._createLocalProcessExtensionHostDataProvider.localExtensions: dynamo-diff.dynamo-diff,TypeScriptTeam.jsts-chat-features,vscode.bat,vscode.clojure,vscode.coffeescript,vscode.configuration-editing,vscode.cpp,vscode.csharp,vscode.css,vscode.css-language-features,vscode.dart,vscode.debug-auto-launch,vscode.debug-server-ready,vscode.diff,vscode.docker,vscode.dotenv,vscode.emmet,vscode.extension-editing,vscode.fsharp,vscode.git,vscode.git-base,vscode.github,vscode.github-authentication,vscode.go,vscode.groovy,vscode.grunt,vscode.gulp,vscode.handlebars,vscode.hlsl,vscode.html,vscode.html-language-features,vscode.ini,vscode.ipynb,vscode.jake,vscode.java,vscode.javascript,vscode.json,vscode.json-language-features,vscode.julia,vscode.latex,vscode.less,vscode.log,vscode.lua,vscode.make,vscode.markdown,vscode.markdown-language-features,vscode.markdown-math,vscode.media-preview,vscode.merge-conflict,vscode.mermaid-markdown-features,vscode.microsoft-authentication,ms-vscode.js-debug,ms-vscode.js-debug-companion,ms-vscode.vscode-js-profile-table,vscode.builtin-notebook-renderers,vscode.npm,vscode.objective-c,vscode.perl,vscode.php,vscode.php-language-features,vscode.powershell,vscode.prompt,vscode.pug,vscode.python,vscode.r,vscode.razor,vscode.references-view,vscode.restructuredtext,vscode.ruby,vscode.rust,vscode.scss,vscode.search-result,vscode.shaderlab,vscode.shellscript,vscode.simple-browser,vscode.sql,vscode.swift,vscode.terminal-suggest,vscode.theme-abyss,vscode.theme-defaults,vscode.theme-kimbie-dark,vscode.theme-monokai,vscode.theme-monokai-dimmed,vscode.theme-quietlight,vscode.theme-red,vscode.vscode-theme-seti,vscode.theme-solarized-dark,vscode.theme-solarized-light,vscode.theme-tomorrow-night-blue,vscode.tunnel-forwarding,vscode.typescript,vscode.typescript-language-features,vscode.vb,vscode.xml,vscode.yaml
editor	Run actual VS Code integration	2026-09-07T17:19:28.7989244Z NativeExtensionHostFactory._createLocalProcessExtensionHostDataProvider.myExtensions: dynamo-diff.dynamo-diff,TypeScriptTeam.jsts-chat-features,vscode.bat,vscode.clojure,vscode.coffeescript,vscode.configuration-editing,vscode.cpp,vscode.csharp,vscode.css,vscode.css-language-features,vscode.dart,vscode.debug-auto-launch,vscode.debug-server-ready,vscode.diff,vscode.docker,vscode.dotenv,vscode.emmet,vscode.extension-editing,vscode.fsharp,vscode.git,vscode.git-base,vscode.github,vscode.github-authentication,vscode.go,vscode.groovy,vscode.grunt,vscode.gulp,vscode.handlebars,vscode.hlsl,vscode.html,vscode.html-language-features,vscode.ini,vscode.ipynb,vscode.jake,vscode.java,vscode.javascript,vscode.json,vscode.json-language-features,vscode.julia,vscode.latex,vscode.less,vscode.log,vscode.lua,vscode.make,vscode.markdown,vscode.markdown-language-features,vscode.markdown-math,vscode.media-preview,vscode.merge-conflict,vscode.mermaid-markdown-features,vscode.microsoft-authentication,ms-vscode.js-debug,ms-vscode.js-debug-companion,ms-vscode.vscode-js-profile-table,vscode.builtin-notebook-renderers,vscode.npm,vscode.objective-c,vscode.perl,vscode.php,vscode.php-language-features,vscode.powershell,vscode.prompt,vscode.pug,vscode.python,vscode.r,vscode.razor,vscode.references-view,vscode.restructuredtext,vscode.ruby,vscode.rust,vscode.scss,vscode.search-result,vscode.shaderlab,vscode.shellscript,vscode.simple-browser,vscode.sql,vscode.swift,vscode.terminal-suggest,vscode.theme-abyss,vscode.theme-defaults,vscode.theme-kimbie-dark,vscode.theme-monokai,vscode.theme-monokai-dimmed,vscode.theme-quietlight,vscode.theme-red,vscode.vscode-theme-seti,vscode.theme-solarized-dark,vscode.theme-solarized-light,vscode.theme-tomorrow-night-blue,vscode.tunnel-forwarding,vscode.typescript,vscode.typescript-language-features,vscode.vb,vscode.xml,vscode.yaml
editor	Run actual VS Code integration	2026-09-07T17:19:31.8835283Z [AccountPolicyGate] apply: state=inactive, reason=undefined, isRestricted=false
editor	Run actual VS Code integration	2026-09-07T17:19:34.7226706Z Tool "renderMermaidDiagram" was not contributed.
editor	Run actual VS Code integration	2026-09-07T17:19:35.6407653Z {
editor	Run actual VS Code integration	2026-09-07T17:19:35.6485177Z   "vscode": "1.132.1",
editor	Run actual VS Code integration	2026-09-07T17:19:35.6547966Z   "platform": "linux",
editor	Run actual VS Code integration	2026-09-07T17:19:35.6595922Z   "installation": "development",
editor	Run actual VS Code integration	2026-09-07T17:19:35.6634298Z   "checks": [
editor	Run actual VS Code integration	2026-09-07T17:19:35.6671966Z     "activation",
editor	Run actual VS Code integration	2026-09-07T17:19:35.6723983Z     "import, duplicate import, store and workspace paths containing spaces",
editor	Run actual VS Code integration	2026-09-07T17:19:35.6798995Z     "CLI/editor full JSON parity and native results tree",
editor	Run actual VS Code integration	2026-09-07T17:19:35.6822487Z     "separate immutable baseline/candidate source, line navigation and read-only editing",
editor	Run actual VS Code integration	2026-09-07T17:19:35.6844930Z     "bounded evidence with artifact provenance and JSON report navigation",
editor	Run actual VS Code integration	2026-09-07T17:19:35.6912483Z     "captured views reuse the active editor group and the table selects its rendered preview",
editor	Run actual VS Code integration	2026-09-07T17:19:35.6946223Z     "baseline/candidate Markdown table with escaped untrusted labels",
editor	Run actual VS Code integration	2026-09-07T17:19:35.6947332Z     "actionable errors and last successful report preserved",
editor	Run actual VS Code integration	2026-09-07T17:19:35.6980256Z     "in-flight cancellation terminates the actual child process",
editor	Run actual VS Code integration	2026-09-07T17:19:35.7055626Z     "pre-cancelled operation"
editor	Run actual VS Code integration	2026-09-07T17:19:35.7118092Z   ],
editor	Run actual VS Code integration	2026-09-07T17:19:35.7172682Z   "passed": 10
editor	Run actual VS Code integration	2026-09-07T17:19:35.7204191Z }
editor	Run actual VS Code integration	2026-09-07T17:19:35.7343131Z Extension host test runner exit code: 0
editor	Run actual VS Code integration	2026-09-07T17:19:35.7421608Z ^[[90m[main 2026-09-07T17:19:35.690Z]^[[0m Extension host with pid 2389 exited with code: 0, signal: unknown.
editor	Run actual VS Code integration	2026-09-07T17:19:35.7502348Z Asking native host service to exit with code 0.
editor	Run actual VS Code integration	2026-09-07T17:19:36.1745406Z Exit code:   0
editor	Package the tested extension	﻿2026-09-07T17:19:36.2222024Z ##[group]Run npm run package
editor	Package the tested extension	2026-09-07T17:19:36.2222980Z ^[[36;1mnpm run package^[[0m
editor	Package the tested extension	2026-09-07T17:19:36.2274991Z shell: /usr/bin/bash -e {0}
editor	Package the tested extension	2026-09-07T17:19:36.2275488Z env:
editor	Package the tested extension	2026-09-07T17:19:36.2276053Z   pythonLocation: /opt/hostedtoolcache/Python/3.13.15/x64
editor	Package the tested extension	2026-09-07T17:19:36.2276817Z   PKG_CONFIG_PATH: /opt/hostedtoolcache/Python/3.13.15/x64/lib/pkgconfig
editor	Package the tested extension	2026-09-07T17:19:36.2277518Z   Python_ROOT_DIR: /opt/hostedtoolcache/Python/3.13.15/x64
editor	Package the tested extension	2026-09-07T17:19:36.2278213Z   Python2_ROOT_DIR: /opt/hostedtoolcache/Python/3.13.15/x64
editor	Package the tested extension	2026-09-07T17:19:36.2278899Z   Python3_ROOT_DIR: /opt/hostedtoolcache/Python/3.13.15/x64
editor	Package the tested extension	2026-09-07T17:19:36.2279576Z   LD_LIBRARY_PATH: /opt/hostedtoolcache/Python/3.13.15/x64/lib
editor	Package the tested extension	2026-09-07T17:19:36.2280172Z ##[endgroup]
editor	Package the tested extension	2026-09-07T17:19:36.3898473Z 
editor	Package the tested extension	2026-09-07T17:19:36.3899056Z > dynamo-diff@0.1.0 package
editor	Package the tested extension	2026-09-07T17:19:36.3900736Z > npm run compile && vsce package --no-dependencies --allow-missing-repository
editor	Package the tested extension	2026-09-07T17:19:36.3995970Z 
editor	Package the tested extension	2026-09-07T17:19:36.5279533Z 
editor	Package the tested extension	2026-09-07T17:19:36.5280747Z > dynamo-diff@0.1.0 compile
editor	Package the tested extension	2026-09-07T17:19:36.5397416Z > tsc -p ./
editor	Package the tested extension	2026-09-07T17:19:36.5398087Z 
editor	Package the tested extension	2026-09-07T17:19:38.2222935Z Files included in the VSIX:
editor	Package the tested extension	2026-09-07T17:19:38.2252430Z dynamo-diff-0.1.0.vsix
editor	Package the tested extension	2026-09-07T17:19:38.2253770Z ├─ [Content_Types].xml 
editor	Package the tested extension	2026-09-07T17:19:38.2272397Z ├─ extension.vsixmanifest 
editor	Package the tested extension	2026-09-07T17:19:38.2288448Z └─ extension/
editor	Package the tested extension	2026-09-07T17:19:38.2312337Z    ├─ LICENSE.txt [1.06 KB]
editor	Package the tested extension	2026-09-07T17:19:38.2313190Z    ├─ package.json [3.44 KB]
editor	Package the tested extension	2026-09-07T17:19:38.2332429Z    ├─ readme.md 
editor	Package the tested extension	2026-09-07T17:19:38.2342039Z    └─ out/
editor	Package the tested extension	2026-09-07T17:19:38.2362331Z       └─ extension.js [18.42 KB]
editor	Package the tested extension	2026-09-07T17:19:38.2381766Z 
editor	Package the tested extension	2026-09-07T17:19:38.4318601Z Packaged: /home/runner/work/dynamo-diff/dynamo-diff/extension/dynamo-diff-0.1.0.vsix (6 files, 9.49 KB)
editor	Verify the installed VSIX	﻿2026-09-07T17:19:38.4656389Z ##[group]Run xvfb-run --auto-servernum npm test
editor	Verify the installed VSIX	2026-09-07T17:19:38.4657433Z ^[[36;1mxvfb-run --auto-servernum npm test^[[0m
editor	Verify the installed VSIX	2026-09-07T17:19:38.4688270Z shell: /usr/bin/bash -e {0}
editor	Verify the installed VSIX	2026-09-07T17:19:38.4688876Z env:
editor	Verify the installed VSIX	2026-09-07T17:19:38.4689393Z   pythonLocation: /opt/hostedtoolcache/Python/3.13.15/x64
editor	Verify the installed VSIX	2026-09-07T17:19:38.4690171Z   PKG_CONFIG_PATH: /opt/hostedtoolcache/Python/3.13.15/x64/lib/pkgconfig
editor	Verify the installed VSIX	2026-09-07T17:19:38.4691033Z   Python_ROOT_DIR: /opt/hostedtoolcache/Python/3.13.15/x64
editor	Verify the installed VSIX	2026-09-07T17:19:38.4712469Z   Python2_ROOT_DIR: /opt/hostedtoolcache/Python/3.13.15/x64
editor	Verify the installed VSIX	2026-09-07T17:19:38.4713213Z   Python3_ROOT_DIR: /opt/hostedtoolcache/Python/3.13.15/x64
editor	Verify the installed VSIX	2026-09-07T17:19:38.4713884Z   LD_LIBRARY_PATH: /opt/hostedtoolcache/Python/3.13.15/x64/lib
editor	Verify the installed VSIX	2026-09-07T17:19:38.4714771Z   DYNAMO_DIFF_VSIX: /home/runner/work/dynamo-diff/dynamo-diff/extension/dynamo-diff-0.1.0.vsix
editor	Verify the installed VSIX	2026-09-07T17:19:38.4715841Z   DYNAMO_DIFF_TEST_RESULT: /home/runner/work/dynamo-diff/dynamo-diff/artifacts/ci-installed-editor.json
editor	Verify the installed VSIX	2026-09-07T17:19:38.4716773Z ##[endgroup]
editor	Verify the installed VSIX	2026-09-07T17:19:38.6741967Z 
editor	Verify the installed VSIX	2026-09-07T17:19:38.6772505Z > dynamo-diff@0.1.0 test
editor	Verify the installed VSIX	2026-09-07T17:19:38.6787332Z > npm run compile && node out/test/runTest.js
editor	Verify the installed VSIX	2026-09-07T17:19:38.6811953Z 
editor	Verify the installed VSIX	2026-09-07T17:19:38.8077087Z 
editor	Verify the installed VSIX	2026-09-07T17:19:38.8092885Z > dynamo-diff@0.1.0 compile
editor	Verify the installed VSIX	2026-09-07T17:19:38.8112680Z > tsc -p ./
editor	Verify the installed VSIX	2026-09-07T17:19:38.8131751Z 
editor	Verify the installed VSIX	2026-09-07T17:19:39.1892531Z - Resolving version...
editor	Verify the installed VSIX	2026-09-07T17:19:39.1912660Z ✔ Validated version: 1.132.1
editor	Verify the installed VSIX	2026-09-07T17:19:39.1917717Z ✔ Found existing install in /home/runner/work/dynamo-diff/dynamo-diff/extension/.vscode-test/vscode-linux-x64-1.132.1
editor	Verify the installed VSIX	2026-09-07T17:19:40.1353213Z Installing extensions...
editor	Verify the installed VSIX	2026-09-07T17:19:40.1356738Z Extension 'dynamo-diff-0.1.0.vsix' was successfully installed.
editor	Verify the installed VSIX	2026-09-07T17:19:40.1381773Z 
editor	Verify the installed VSIX	2026-09-07T17:19:40.4948297Z [2761:0907/171940.493190:ERROR:dbus/bus.cc:405] Failed to connect to the bus: Could not parse server address: Unknown address type (examples of valid types are "tcp" and on UNIX "unix")
editor	Verify the installed VSIX	2026-09-07T17:19:40.5204080Z [2761:0907/171940.515826:ERROR:dbus/object_proxy.cc:572] Failed to call method: org.freedesktop.DBus.NameHasOwner: object_path= /org/freedesktop/DBus: unknown error type: 
editor	Verify the installed VSIX	2026-09-07T17:19:40.5233603Z [2761:0907/171940.515932:ERROR:dbus/bus.cc:405] Failed to connect to the bus: Could not parse server address: Unknown address type (examples of valid types are "tcp" and on UNIX "unix")
editor	Verify the installed VSIX	2026-09-07T17:19:40.5275697Z [2761:0907/171940.526508:ERROR:dbus/object_proxy.cc:572] Failed to call method: org.freedesktop.DBus.NameHasOwner: object_path= /org/freedesktop/DBus: unknown error type: 
editor	Verify the installed VSIX	2026-09-07T17:19:40.6228814Z Warning: 'cached-data' is not in the list of known options, but still passed to Electron/Chromium.
editor	Verify the installed VSIX	2026-09-07T17:19:40.8134292Z ^[[90m[main 2026-09-07T17:19:40.810Z]^[[0m StorageMainService: creating application shared storage
editor	Verify the installed VSIX	2026-09-07T17:19:40.9620588Z [2761:0907/171940.960332:ERROR:dbus/bus.cc:405] Failed to connect to the bus: Could not parse server address: Unknown address type (examples of valid types are "tcp" and on UNIX "unix")
editor	Verify the installed VSIX	2026-09-07T17:19:40.9646379Z ^[[90m[main 2026-09-07T17:19:40.960Z]^[[0m [shared storage] Creating shared storage database at ':memory:' (wasCreated: true)
editor	Verify the installed VSIX	2026-09-07T17:19:40.9673220Z ^[[90m[main 2026-09-07T17:19:40.963Z]^[[0m [shared storage] Initializing fallback application storage (path: in-memory)
editor	Verify the installed VSIX	2026-09-07T17:19:41.0133799Z ^[[90m[main 2026-09-07T17:19:41.009Z]^[[0m [shared storage] Fallback application storage initialized with 3 items
editor	Verify the installed VSIX	2026-09-07T17:19:41.0173138Z ^[[90m[main 2026-09-07T17:19:41.011Z]^[[0m update#setState disabled
editor	Verify the installed VSIX	2026-09-07T17:19:41.0194728Z ^[[90m[main 2026-09-07T17:19:41.011Z]^[[0m update#ctor - updates are disabled by the environment
editor	Verify the installed VSIX	2026-09-07T17:19:41.0267189Z [2761:0907/171941.025328:ERROR:dbus/bus.cc:405] Failed to connect to the bus: Could not parse server address: Unknown address type (examples of valid types are "tcp" and on UNIX "unix")
editor	Verify the installed VSIX	2026-09-07T17:19:42.3235560Z workbench#open()
editor	Verify the installed VSIX	2026-09-07T17:19:42.9502497Z Started local extension host with pid 2984.
editor	Verify the installed VSIX	2026-09-07T17:19:42.9591957Z IExtensionHostStarter.start() took 108 ms.
editor	Verify the installed VSIX	2026-09-07T17:19:43.7219050Z Loading development extension at /tmp/dynamo-diff-editor-N3tD3R/test-driver
editor	Verify the installed VSIX	2026-09-07T17:19:43.7302758Z filterEnabledExtensions: extension 'GitHub.copilot-chat' is disabled
editor	Verify the installed VSIX	2026-09-07T17:19:43.7433424Z [vscode.mermaid-markdown-features]: Extension 'vscode.mermaid-markdown-features' CANNOT use 'legacyToolReferenceFullNames' without the 'chatParticipantPrivate' API proposal enabled
editor	Verify the installed VSIX	2026-09-07T17:19:44.1712934Z [AccountPolicyGate] apply: state=inactive, reason=undefined, isRestricted=false
editor	Verify the installed VSIX	2026-09-07T17:19:44.4948995Z NativeExtensionHostFactory._createLocalProcessExtensionHostDataProvider.scannedExtensions: TypeScriptTeam.jsts-chat-features,vscode.bat,vscode.clojure,vscode.coffeescript,vscode.configuration-editing,GitHub.copilot-chat,vscode.cpp,vscode.csharp,vscode.css,vscode.css-language-features,vscode.dart,vscode.debug-auto-launch,vscode.debug-server-ready,vscode.diff,vscode.docker,vscode.dotenv,vscode.emmet,vscode.extension-editing,vscode.fsharp,vscode.git,vscode.git-base,vscode.github,vscode.github-authentication,vscode.go,vscode.groovy,vscode.grunt,vscode.gulp,vscode.handlebars,vscode.hlsl,vscode.html,vscode.html-language-features,vscode.ini,vscode.ipynb,vscode.jake,vscode.java,vscode.javascript,vscode.json,vscode.json-language-features,vscode.julia,vscode.latex,vscode.less,vscode.log,vscode.lua,vscode.make,vscode.markdown,vscode.markdown-language-features,vscode.markdown-math,vscode.media-preview,vscode.merge-conflict,vscode.mermaid-markdown-features,vscode.microsoft-authentication,ms-vscode.js-debug,ms-vscode.js-debug-companion,ms-vscode.vscode-js-profile-table,vscode.builtin-notebook-renderers,vscode.npm,vscode.objective-c,vscode.perl,vscode.php,vscode.php-language-features,vscode.powershell,vscode.prompt,vscode.pug,vscode.python,vscode.r,vscode.razor,vscode.references-view,vscode.restructuredtext,vscode.ruby,vscode.rust,vscode.scss,vscode.search-result,vscode.shaderlab,vscode.shellscript,vscode.simple-browser,vscode.sql,vscode.swift,vscode.terminal-suggest,vscode.theme-abyss,vscode.theme-defaults,vscode.theme-kimbie-dark,vscode.theme-monokai,vscode.theme-monokai-dimmed,vscode.theme-quietlight,vscode.theme-red,vscode.vscode-theme-seti,vscode.theme-solarized-dark,vscode.theme-solarized-light,vscode.theme-tomorrow-night-blue,vscode.tunnel-forwarding,vscode.typescript,vscode.typescript-language-features,vscode.vb,vscode.xml,vscode.yaml,dynamo-diff.dynamo-diff,test-driver.dynamo-diff-test-driver
editor	Verify the installed VSIX	2026-09-07T17:19:44.5093890Z filterEnabledExtensions: extension 'GitHub.copilot-chat' is disabled
editor	Verify the installed VSIX	2026-09-07T17:19:44.5237587Z NativeExtensionHostFactory._createLocalProcessExtensionHostDataProvider.localExtensions: test-driver.dynamo-diff-test-driver,TypeScriptTeam.jsts-chat-features,vscode.bat,vscode.clojure,vscode.coffeescript,vscode.configuration-editing,vscode.cpp,vscode.csharp,vscode.css,vscode.css-language-features,vscode.dart,vscode.debug-auto-launch,vscode.debug-server-ready,vscode.diff,vscode.docker,vscode.dotenv,vscode.emmet,vscode.extension-editing,vscode.fsharp,vscode.git,vscode.git-base,vscode.github,vscode.github-authentication,vscode.go,vscode.groovy,vscode.grunt,vscode.gulp,vscode.handlebars,vscode.hlsl,vscode.html,vscode.html-language-features,vscode.ini,vscode.ipynb,vscode.jake,vscode.java,vscode.javascript,vscode.json,vscode.json-language-features,vscode.julia,vscode.latex,vscode.less,vscode.log,vscode.lua,vscode.make,vscode.markdown,vscode.markdown-language-features,vscode.markdown-math,vscode.media-preview,vscode.merge-conflict,vscode.mermaid-markdown-features,vscode.microsoft-authentication,ms-vscode.js-debug,ms-vscode.js-debug-companion,ms-vscode.vscode-js-profile-table,vscode.builtin-notebook-renderers,vscode.npm,vscode.objective-c,vscode.perl,vscode.php,vscode.php-language-features,vscode.powershell,vscode.prompt,vscode.pug,vscode.python,vscode.r,vscode.razor,vscode.references-view,vscode.restructuredtext,vscode.ruby,vscode.rust,vscode.scss,vscode.search-result,vscode.shaderlab,vscode.shellscript,vscode.simple-browser,vscode.sql,vscode.swift,vscode.terminal-suggest,vscode.theme-abyss,vscode.theme-defaults,vscode.theme-kimbie-dark,vscode.theme-monokai,vscode.theme-monokai-dimmed,vscode.theme-quietlight,vscode.theme-red,vscode.vscode-theme-seti,vscode.theme-solarized-dark,vscode.theme-solarized-light,vscode.theme-tomorrow-night-blue,vscode.tunnel-forwarding,vscode.typescript,vscode.typescript-language-features,vscode.vb,vscode.xml,vscode.yaml,dynamo-diff.dynamo-diff
editor	Verify the installed VSIX	2026-09-07T17:19:44.5556039Z NativeExtensionHostFactory._createLocalProcessExtensionHostDataProvider.myExtensions: test-driver.dynamo-diff-test-driver,TypeScriptTeam.jsts-chat-features,vscode.bat,vscode.clojure,vscode.coffeescript,vscode.configuration-editing,vscode.cpp,vscode.csharp,vscode.css,vscode.css-language-features,vscode.dart,vscode.debug-auto-launch,vscode.debug-server-ready,vscode.diff,vscode.docker,vscode.dotenv,vscode.emmet,vscode.extension-editing,vscode.fsharp,vscode.git,vscode.git-base,vscode.github,vscode.github-authentication,vscode.go,vscode.groovy,vscode.grunt,vscode.gulp,vscode.handlebars,vscode.hlsl,vscode.html,vscode.html-language-features,vscode.ini,vscode.ipynb,vscode.jake,vscode.java,vscode.javascript,vscode.json,vscode.json-language-features,vscode.julia,vscode.latex,vscode.less,vscode.log,vscode.lua,vscode.make,vscode.markdown,vscode.markdown-language-features,vscode.markdown-math,vscode.media-preview,vscode.merge-conflict,vscode.mermaid-markdown-features,vscode.microsoft-authentication,ms-vscode.js-debug,ms-vscode.js-debug-companion,ms-vscode.vscode-js-profile-table,vscode.builtin-notebook-renderers,vscode.npm,vscode.objective-c,vscode.perl,vscode.php,vscode.php-language-features,vscode.powershell,vscode.prompt,vscode.pug,vscode.python,vscode.r,vscode.razor,vscode.references-view,vscode.restructuredtext,vscode.ruby,vscode.rust,vscode.scss,vscode.search-result,vscode.shaderlab,vscode.shellscript,vscode.simple-browser,vscode.sql,vscode.swift,vscode.terminal-suggest,vscode.theme-abyss,vscode.theme-defaults,vscode.theme-kimbie-dark,vscode.theme-monokai,vscode.theme-monokai-dimmed,vscode.theme-quietlight,vscode.theme-red,vscode.vscode-theme-seti,vscode.theme-solarized-dark,vscode.theme-solarized-light,vscode.theme-tomorrow-night-blue,vscode.tunnel-forwarding,vscode.typescript,vscode.typescript-language-features,vscode.vb,vscode.xml,vscode.yaml,dynamo-diff.dynamo-diff
editor	Verify the installed VSIX	2026-09-07T17:19:44.9574907Z Settings Sync: Account status changed from uninitialized to unavailable
editor	Verify the installed VSIX	2026-09-07T17:19:49.1622958Z [AccountPolicyGate] apply: state=inactive, reason=undefined, isRestricted=false
editor	Verify the installed VSIX	2026-09-07T17:19:49.7009959Z Tool "renderMermaidDiagram" was not contributed.
editor	Verify the installed VSIX	2026-09-07T17:19:50.5623168Z {
editor	Verify the installed VSIX	2026-09-07T17:19:50.5629141Z   "vscode": "1.132.1",
editor	Verify the installed VSIX	2026-09-07T17:19:50.5629872Z   "platform": "linux",
editor	Verify the installed VSIX	2026-09-07T17:19:50.5630522Z   "installation": "vsix",
editor	Verify the installed VSIX	2026-09-07T17:19:50.5633631Z   "vsix_sha256": "1717312c8f2d1c5f24298bc3c1ebdcd96ad89ef03fb8b581e599e6992e97e669",
editor	Verify the installed VSIX	2026-09-07T17:19:50.5634634Z   "checks": [
editor	Verify the installed VSIX	2026-09-07T17:19:50.5635635Z     "activation from the isolated VSIX install; installed JavaScript matches the build",
editor	Verify the installed VSIX	2026-09-07T17:19:50.5636443Z     "activation",
editor	Verify the installed VSIX	2026-09-07T17:19:50.5637247Z     "import, duplicate import, store and workspace paths containing spaces",
editor	Verify the installed VSIX	2026-09-07T17:19:50.5638221Z     "CLI/editor full JSON parity and native results tree",
editor	Verify the installed VSIX	2026-09-07T17:19:50.5639225Z     "separate immutable baseline/candidate source, line navigation and read-only editing",
editor	Verify the installed VSIX	2026-09-07T17:19:50.5640348Z     "bounded evidence with artifact provenance and JSON report navigation",
editor	Verify the installed VSIX	2026-09-07T17:19:50.5641547Z     "captured views reuse the active editor group and the table selects its rendered preview",
editor	Verify the installed VSIX	2026-09-07T17:19:50.5642647Z     "baseline/candidate Markdown table with escaped untrusted labels",
editor	Verify the installed VSIX	2026-09-07T17:19:50.5643568Z     "actionable errors and last successful report preserved",
editor	Verify the installed VSIX	2026-09-07T17:19:50.5644433Z     "in-flight cancellation terminates the actual child process",
editor	Verify the installed VSIX	2026-09-07T17:19:50.5645188Z     "pre-cancelled operation"
editor	Verify the installed VSIX	2026-09-07T17:19:50.5645996Z   ],
editor	Verify the installed VSIX	2026-09-07T17:19:50.5646506Z   "passed": 11
editor	Verify the installed VSIX	2026-09-07T17:19:50.5647027Z }
editor	Verify the installed VSIX	2026-09-07T17:19:50.5647564Z Extension host test runner exit code: 0
editor	Verify the installed VSIX	2026-09-07T17:19:50.5813476Z ^[[90m[main 2026-09-07T17:19:50.578Z]^[[0m Extension host with pid 2984 exited with code: 0, signal: unknown.
editor	Verify the installed VSIX	2026-09-07T17:19:50.5862755Z Asking native host service to exit with code 0.
editor	Verify the installed VSIX	2026-09-07T17:19:50.7017267Z Exit code:   0
editor	Post Run actions/setup-node@a0853c24544627f65ddf259abe73b1d18a591444	﻿2026-09-07T17:19:50.7426208Z Post job cleanup.
editor	Post Run actions/setup-node@a0853c24544627f65ddf259abe73b1d18a591444	2026-09-07T17:19:50.8614327Z (node:3207) [DEP0040] DeprecationWarning: The `punycode` module is deprecated. Please use a userland alternative instead.
editor	Post Run actions/setup-node@a0853c24544627f65ddf259abe73b1d18a591444	2026-09-07T17:19:50.8615923Z (Use `node --trace-deprecation ...` to show where the warning was created)
editor	Post Run actions/setup-node@a0853c24544627f65ddf259abe73b1d18a591444	2026-09-07T17:19:50.8617996Z Cache hit occurred on the primary key node-cache-Linux-x64-npm-e3d3394ff76976dac33bb8f9ba89a383048fcedbd8b38afd23fe8059fa41d134, not saving cache.
editor	Post Run actions/setup-python@e797f83bcb11b83ae66e0230d6156d7c80228e7c	﻿2026-09-07T17:19:50.8727543Z Post job cleanup.
editor	Post Run actions/setup-python@e797f83bcb11b83ae66e0230d6156d7c80228e7c	2026-09-07T17:19:51.0191963Z (node:3215) [DEP0040] DeprecationWarning: The `punycode` module is deprecated. Please use a userland alternative instead.
editor	Post Run actions/setup-python@e797f83bcb11b83ae66e0230d6156d7c80228e7c	2026-09-07T17:19:51.0203567Z (Use `node --trace-deprecation ...` to show where the warning was created)
editor	Post Run actions/checkout@08c6903cd8c0fde910a37f88322edcfb5dd907a8	﻿2026-09-07T17:19:51.0498319Z Post job cleanup.
editor	Post Run actions/checkout@08c6903cd8c0fde910a37f88322edcfb5dd907a8	2026-09-07T17:19:51.1472764Z [command]/usr/bin/git version
editor	Post Run actions/checkout@08c6903cd8c0fde910a37f88322edcfb5dd907a8	2026-09-07T17:19:51.1522897Z git version 2.55.0
editor	Post Run actions/checkout@08c6903cd8c0fde910a37f88322edcfb5dd907a8	2026-09-07T17:19:51.1592639Z Temporarily overriding HOME='/home/runner/work/_temp/75140e98-13b3-4b44-bbb7-2a2be18913c9' before making global git config changes
editor	Post Run actions/checkout@08c6903cd8c0fde910a37f88322edcfb5dd907a8	2026-09-07T17:19:51.1594113Z Adding repository directory to the temporary git global config as a safe directory
editor	Post Run actions/checkout@08c6903cd8c0fde910a37f88322edcfb5dd907a8	2026-09-07T17:19:51.1595482Z [command]/usr/bin/git config --global --add safe.directory /home/runner/work/dynamo-diff/dynamo-diff
editor	Post Run actions/checkout@08c6903cd8c0fde910a37f88322edcfb5dd907a8	2026-09-07T17:19:51.1649087Z [command]/usr/bin/git config --local --name-only --get-regexp core\.sshCommand
editor	Post Run actions/checkout@08c6903cd8c0fde910a37f88322edcfb5dd907a8	2026-09-07T17:19:51.1703276Z [command]/usr/bin/git submodule foreach --recursive sh -c "git config --local --name-only --get-regexp 'core\.sshCommand' && git config --local --unset-all 'core.sshCommand' || :"
editor	Post Run actions/checkout@08c6903cd8c0fde910a37f88322edcfb5dd907a8	2026-09-07T17:19:51.1975839Z [command]/usr/bin/git config --local --name-only --get-regexp http\.https\:\/\/github\.com\/\.extraheader
editor	Post Run actions/checkout@08c6903cd8c0fde910a37f88322edcfb5dd907a8	2026-09-07T17:19:51.2015861Z http.https://github.com/.extraheader
editor	Post Run actions/checkout@08c6903cd8c0fde910a37f88322edcfb5dd907a8	2026-09-07T17:19:51.2041919Z [command]/usr/bin/git config --local --unset-all http.https://github.com/.extraheader
editor	Post Run actions/checkout@08c6903cd8c0fde910a37f88322edcfb5dd907a8	2026-09-07T17:19:51.2083790Z [command]/usr/bin/git submodule foreach --recursive sh -c "git config --local --name-only --get-regexp 'http\.https\:\/\/github\.com\/\.extraheader' && git config --local --unset-all 'http.https://github.com/.extraheader' || :"
editor	Complete job	﻿2026-09-07T17:19:51.2542362Z Cleaning up orphan processes
editor	Complete job	2026-09-07T17:19:51.2885713Z Terminate orphan process: pid (3175) (code)
core (macos-latest)	Set up job	﻿2026-09-07T17:18:50.4409850Z Current runner version: '2.337.0'
core (macos-latest)	Set up job	2026-09-07T17:18:50.4428200Z ##[group]Runner Image Provisioner
core (macos-latest)	Set up job	2026-09-07T17:18:50.4428880Z Hosted Compute Agent
core (macos-latest)	Set up job	2026-09-07T17:18:50.4429250Z Version: 20260828.587
core (macos-latest)	Set up job	2026-09-07T17:18:50.4429660Z Commit: abac92662cab4cc7352de4f9f9d2e2419aad9c29
core (macos-latest)	Set up job	2026-09-07T17:18:50.4430130Z Build Date: 2026-08-28T16:44:25Z
core (macos-latest)	Set up job	2026-09-07T17:18:50.4430660Z Worker ID: {77c71029-4d52-4570-989b-b53bca766c88}
core (macos-latest)	Set up job	2026-09-07T17:18:50.4431120Z Azure Region: westus
core (macos-latest)	Set up job	2026-09-07T17:18:50.4431480Z ##[endgroup]
core (macos-latest)	Set up job	2026-09-07T17:18:50.4432420Z ##[group]Operating System
core (macos-latest)	Set up job	2026-09-07T17:18:50.4432840Z macOS
core (macos-latest)	Set up job	2026-09-07T17:18:50.4433170Z 26.6.2
core (macos-latest)	Set up job	2026-09-07T17:18:50.4433490Z 25G83
core (macos-latest)	Set up job	2026-09-07T17:18:50.4433830Z ##[endgroup]
core (macos-latest)	Set up job	2026-09-07T17:18:50.4434270Z ##[group]Runner Image
core (macos-latest)	Set up job	2026-09-07T17:18:50.4434650Z Image: macos-26-arm64
core (macos-latest)	Set up job	2026-09-07T17:18:50.4435020Z Version: 20260831.0337.3
core (macos-latest)	Set up job	2026-09-07T17:18:50.4435760Z Included Software: https://github.com/actions/runner-images/blob/macos-26-arm64/20260831.0337/images/macos/macos-26-arm64-Readme.md
core (macos-latest)	Set up job	2026-09-07T17:18:50.4436910Z Image Release: https://github.com/actions/runner-images/releases/tag/macos-26-arm64%2F20260831.0337
core (macos-latest)	Set up job	2026-09-07T17:18:50.4437590Z ##[endgroup]
core (macos-latest)	Set up job	2026-09-07T17:18:50.4438330Z ##[group]GITHUB_TOKEN Permissions
core (macos-latest)	Set up job	2026-09-07T17:18:50.4439480Z Contents: read
core (macos-latest)	Set up job	2026-09-07T17:18:50.4439850Z Metadata: read
core (macos-latest)	Set up job	2026-09-07T17:18:50.4440230Z ##[endgroup]
core (macos-latest)	Set up job	2026-09-07T17:18:50.4441600Z Secret source: Actions
core (macos-latest)	Set up job	2026-09-07T17:18:50.4442260Z Prepare workflow directory
core (macos-latest)	Set up job	2026-09-07T17:18:50.4719100Z Prepare all required actions
core (macos-latest)	Set up job	2026-09-07T17:18:50.4806990Z Getting action download info
core (macos-latest)	Set up job	2026-09-07T17:18:50.7486880Z Download action repository 'actions/checkout@08c6903cd8c0fde910a37f88322edcfb5dd907a8' (SHA:08c6903cd8c0fde910a37f88322edcfb5dd907a8)
core (macos-latest)	Set up job	2026-09-07T17:18:51.0365660Z Download action repository 'actions/setup-python@e797f83bcb11b83ae66e0230d6156d7c80228e7c' (SHA:e797f83bcb11b83ae66e0230d6156d7c80228e7c)
core (macos-latest)	Set up job	2026-09-07T17:18:51.2247180Z Complete job name: core (macos-latest)
core (macos-latest)	Run actions/checkout@08c6903cd8c0fde910a37f88322edcfb5dd907a8	﻿2026-09-07T17:18:51.2765590Z ##[group]Run actions/checkout@08c6903cd8c0fde910a37f88322edcfb5dd907a8
core (macos-latest)	Run actions/checkout@08c6903cd8c0fde910a37f88322edcfb5dd907a8	2026-09-07T17:18:51.2766360Z with:
core (macos-latest)	Run actions/checkout@08c6903cd8c0fde910a37f88322edcfb5dd907a8	2026-09-07T17:18:51.2766940Z   repository: Arnavsharma2/dynamo-diff
core (macos-latest)	Run actions/checkout@08c6903cd8c0fde910a37f88322edcfb5dd907a8	2026-09-07T17:18:51.2769850Z   token: ***
core (macos-latest)	Run actions/checkout@08c6903cd8c0fde910a37f88322edcfb5dd907a8	2026-09-07T17:18:51.2770240Z   ssh-strict: true
core (macos-latest)	Run actions/checkout@08c6903cd8c0fde910a37f88322edcfb5dd907a8	2026-09-07T17:18:51.2770640Z   ssh-user: git
core (macos-latest)	Run actions/checkout@08c6903cd8c0fde910a37f88322edcfb5dd907a8	2026-09-07T17:18:51.2771010Z   persist-credentials: true
core (macos-latest)	Run actions/checkout@08c6903cd8c0fde910a37f88322edcfb5dd907a8	2026-09-07T17:18:51.2771420Z   clean: true
core (macos-latest)	Run actions/checkout@08c6903cd8c0fde910a37f88322edcfb5dd907a8	2026-09-07T17:18:51.2771800Z   sparse-checkout-cone-mode: true
core (macos-latest)	Run actions/checkout@08c6903cd8c0fde910a37f88322edcfb5dd907a8	2026-09-07T17:18:51.2772200Z   fetch-depth: 1
core (macos-latest)	Run actions/checkout@08c6903cd8c0fde910a37f88322edcfb5dd907a8	2026-09-07T17:18:51.2772610Z   fetch-tags: false
core (macos-latest)	Run actions/checkout@08c6903cd8c0fde910a37f88322edcfb5dd907a8	2026-09-07T17:18:51.2772970Z   show-progress: true
core (macos-latest)	Run actions/checkout@08c6903cd8c0fde910a37f88322edcfb5dd907a8	2026-09-07T17:18:51.2773390Z   lfs: false
core (macos-latest)	Run actions/checkout@08c6903cd8c0fde910a37f88322edcfb5dd907a8	2026-09-07T17:18:51.2773720Z   submodules: false
core (macos-latest)	Run actions/checkout@08c6903cd8c0fde910a37f88322edcfb5dd907a8	2026-09-07T17:18:51.2774070Z   set-safe-directory: true
core (macos-latest)	Run actions/checkout@08c6903cd8c0fde910a37f88322edcfb5dd907a8	2026-09-07T17:18:51.2774630Z ##[endgroup]
core (macos-latest)	Run actions/checkout@08c6903cd8c0fde910a37f88322edcfb5dd907a8	2026-09-07T17:18:51.7576600Z Syncing repository: Arnavsharma2/dynamo-diff
core (macos-latest)	Run actions/checkout@08c6903cd8c0fde910a37f88322edcfb5dd907a8	2026-09-07T17:18:51.7578670Z ##[group]Getting Git version info
core (macos-latest)	Run actions/checkout@08c6903cd8c0fde910a37f88322edcfb5dd907a8	2026-09-07T17:18:51.7579390Z Working directory is '/Users/runner/work/dynamo-diff/dynamo-diff'
core (macos-latest)	Run actions/checkout@08c6903cd8c0fde910a37f88322edcfb5dd907a8	2026-09-07T17:18:51.7580700Z [command]/opt/homebrew/bin/git version
core (macos-latest)	Run actions/checkout@08c6903cd8c0fde910a37f88322edcfb5dd907a8	2026-09-07T17:18:51.7950830Z git version 2.55.0
core (macos-latest)	Run actions/checkout@08c6903cd8c0fde910a37f88322edcfb5dd907a8	2026-09-07T17:18:51.7973550Z ##[endgroup]
core (macos-latest)	Run actions/checkout@08c6903cd8c0fde910a37f88322edcfb5dd907a8	2026-09-07T17:18:51.7997350Z Copying '/Users/runner/.gitconfig' to '/Users/runner/work/_temp/11825873-4722-450e-ae0c-e05b8c3072db/.gitconfig'
core (macos-latest)	Run actions/checkout@08c6903cd8c0fde910a37f88322edcfb5dd907a8	2026-09-07T17:18:51.8001260Z Temporarily overriding HOME='/Users/runner/work/_temp/11825873-4722-450e-ae0c-e05b8c3072db' before making global git config changes
core (macos-latest)	Run actions/checkout@08c6903cd8c0fde910a37f88322edcfb5dd907a8	2026-09-07T17:18:51.8003370Z Adding repository directory to the temporary git global config as a safe directory
core (macos-latest)	Run actions/checkout@08c6903cd8c0fde910a37f88322edcfb5dd907a8	2026-09-07T17:18:51.8004460Z [command]/opt/homebrew/bin/git config --global --add safe.directory /Users/runner/work/dynamo-diff/dynamo-diff
core (macos-latest)	Run actions/checkout@08c6903cd8c0fde910a37f88322edcfb5dd907a8	2026-09-07T17:18:51.8137070Z Deleting the contents of '/Users/runner/work/dynamo-diff/dynamo-diff'
core (macos-latest)	Run actions/checkout@08c6903cd8c0fde910a37f88322edcfb5dd907a8	2026-09-07T17:18:51.8141010Z ##[group]Initializing the repository
core (macos-latest)	Run actions/checkout@08c6903cd8c0fde910a37f88322edcfb5dd907a8	2026-09-07T17:18:51.8144150Z [command]/opt/homebrew/bin/git init /Users/runner/work/dynamo-diff/dynamo-diff
core (macos-latest)	Run actions/checkout@08c6903cd8c0fde910a37f88322edcfb5dd907a8	2026-09-07T17:18:51.8438040Z hint: Using 'master' as the name for the initial branch. This default branch name
core (macos-latest)	Run actions/checkout@08c6903cd8c0fde910a37f88322edcfb5dd907a8	2026-09-07T17:18:51.8439390Z hint: will change to "main" in Git 3.0. To configure the initial branch name
core (macos-latest)	Run actions/checkout@08c6903cd8c0fde910a37f88322edcfb5dd907a8	2026-09-07T17:18:51.8440660Z hint: to use in all of your new repositories, which will suppress this warning,
core (macos-latest)	Run actions/checkout@08c6903cd8c0fde910a37f88322edcfb5dd907a8	2026-09-07T17:18:51.8441400Z hint: call:
core (macos-latest)	Run actions/checkout@08c6903cd8c0fde910a37f88322edcfb5dd907a8	2026-09-07T17:18:51.8442190Z hint:
core (macos-latest)	Run actions/checkout@08c6903cd8c0fde910a37f88322edcfb5dd907a8	2026-09-07T17:18:51.8442720Z hint: 	git config --global init.defaultBranch <name>
core (macos-latest)	Run actions/checkout@08c6903cd8c0fde910a37f88322edcfb5dd907a8	2026-09-07T17:18:51.8443310Z hint:
core (macos-latest)	Run actions/checkout@08c6903cd8c0fde910a37f88322edcfb5dd907a8	2026-09-07T17:18:51.8443980Z hint: Names commonly chosen instead of 'master' are 'main', 'trunk' and
core (macos-latest)	Run actions/checkout@08c6903cd8c0fde910a37f88322edcfb5dd907a8	2026-09-07T17:18:51.8444750Z hint: 'development'. The just-created branch can be renamed via this command:
core (macos-latest)	Run actions/checkout@08c6903cd8c0fde910a37f88322edcfb5dd907a8	2026-09-07T17:18:51.8445750Z hint:
core (macos-latest)	Run actions/checkout@08c6903cd8c0fde910a37f88322edcfb5dd907a8	2026-09-07T17:18:51.8446330Z hint: 	git branch -m <name>
core (macos-latest)	Run actions/checkout@08c6903cd8c0fde910a37f88322edcfb5dd907a8	2026-09-07T17:18:51.8446980Z hint:
core (macos-latest)	Run actions/checkout@08c6903cd8c0fde910a37f88322edcfb5dd907a8	2026-09-07T17:18:51.8447770Z hint: Disable this message with "git config set advice.defaultBranchName false"
core (macos-latest)	Run actions/checkout@08c6903cd8c0fde910a37f88322edcfb5dd907a8	2026-09-07T17:18:51.8448660Z Initialized empty Git repository in /Users/runner/work/dynamo-diff/dynamo-diff/.git/
core (macos-latest)	Run actions/checkout@08c6903cd8c0fde910a37f88322edcfb5dd907a8	2026-09-07T17:18:51.8453200Z [command]/opt/homebrew/bin/git remote add origin https://github.com/Arnavsharma2/dynamo-diff
core (macos-latest)	Run actions/checkout@08c6903cd8c0fde910a37f88322edcfb5dd907a8	2026-09-07T17:18:51.8558260Z ##[endgroup]
core (macos-latest)	Run actions/checkout@08c6903cd8c0fde910a37f88322edcfb5dd907a8	2026-09-07T17:18:51.8559290Z ##[group]Disabling automatic garbage collection
core (macos-latest)	Run actions/checkout@08c6903cd8c0fde910a37f88322edcfb5dd907a8	2026-09-07T17:18:51.8561490Z [command]/opt/homebrew/bin/git config --local gc.auto 0
core (macos-latest)	Run actions/checkout@08c6903cd8c0fde910a37f88322edcfb5dd907a8	2026-09-07T17:18:51.8639690Z ##[endgroup]
core (macos-latest)	Run actions/checkout@08c6903cd8c0fde910a37f88322edcfb5dd907a8	2026-09-07T17:18:51.8642170Z ##[group]Setting up auth
core (macos-latest)	Run actions/checkout@08c6903cd8c0fde910a37f88322edcfb5dd907a8	2026-09-07T17:18:51.8648890Z [command]/opt/homebrew/bin/git config --local --name-only --get-regexp core\.sshCommand
core (macos-latest)	Run actions/checkout@08c6903cd8c0fde910a37f88322edcfb5dd907a8	2026-09-07T17:18:51.8729650Z [command]/opt/homebrew/bin/git submodule foreach --recursive sh -c "git config --local --name-only --get-regexp 'core\.sshCommand' && git config --local --unset-all 'core.sshCommand' || :"
core (macos-latest)	Run actions/checkout@08c6903cd8c0fde910a37f88322edcfb5dd907a8	2026-09-07T17:18:51.9967410Z [command]/opt/homebrew/bin/git config --local --name-only --get-regexp http\.https\:\/\/github\.com\/\.extraheader
core (macos-latest)	Run actions/checkout@08c6903cd8c0fde910a37f88322edcfb5dd907a8	2026-09-07T17:18:52.0044230Z [command]/opt/homebrew/bin/git submodule foreach --recursive sh -c "git config --local --name-only --get-regexp 'http\.https\:\/\/github\.com\/\.extraheader' && git config --local --unset-all 'http.https://github.com/.extraheader' || :"
core (macos-latest)	Run actions/checkout@08c6903cd8c0fde910a37f88322edcfb5dd907a8	2026-09-07T17:18:52.1029860Z [command]/opt/homebrew/bin/git config --local http.https://github.com/.extraheader AUTHORIZATION: basic ***
core (macos-latest)	Run actions/checkout@08c6903cd8c0fde910a37f88322edcfb5dd907a8	2026-09-07T17:18:52.1112800Z ##[endgroup]
core (macos-latest)	Run actions/checkout@08c6903cd8c0fde910a37f88322edcfb5dd907a8	2026-09-07T17:18:52.1113600Z ##[group]Fetching the repository
core (macos-latest)	Run actions/checkout@08c6903cd8c0fde910a37f88322edcfb5dd907a8	2026-09-07T17:18:52.1122120Z [command]/opt/homebrew/bin/git -c protocol.version=2 fetch --no-tags --prune --no-recurse-submodules --depth=1 origin +813b7f8407175c14ffb666eb4c0af1aa541a03d5:refs/remotes/origin/codex/dynamo-diff
core (macos-latest)	Run actions/checkout@08c6903cd8c0fde910a37f88322edcfb5dd907a8	2026-09-07T17:18:52.8009100Z From https://github.com/Arnavsharma2/dynamo-diff
core (macos-latest)	Run actions/checkout@08c6903cd8c0fde910a37f88322edcfb5dd907a8	2026-09-07T17:18:52.8010370Z  * [new ref]         813b7f8407175c14ffb666eb4c0af1aa541a03d5 -> origin/codex/dynamo-diff
core (macos-latest)	Run actions/checkout@08c6903cd8c0fde910a37f88322edcfb5dd907a8	2026-09-07T17:18:52.8013390Z ##[endgroup]
core (macos-latest)	Run actions/checkout@08c6903cd8c0fde910a37f88322edcfb5dd907a8	2026-09-07T17:18:52.8014230Z ##[group]Determining the checkout info
core (macos-latest)	Run actions/checkout@08c6903cd8c0fde910a37f88322edcfb5dd907a8	2026-09-07T17:18:52.8016110Z ##[endgroup]
core (macos-latest)	Run actions/checkout@08c6903cd8c0fde910a37f88322edcfb5dd907a8	2026-09-07T17:18:52.8024020Z [command]/opt/homebrew/bin/git sparse-checkout disable
core (macos-latest)	Run actions/checkout@08c6903cd8c0fde910a37f88322edcfb5dd907a8	2026-09-07T17:18:52.8112990Z [command]/opt/homebrew/bin/git config --local --unset-all extensions.worktreeConfig
core (macos-latest)	Run actions/checkout@08c6903cd8c0fde910a37f88322edcfb5dd907a8	2026-09-07T17:18:52.8186360Z ##[group]Checking out the ref
core (macos-latest)	Run actions/checkout@08c6903cd8c0fde910a37f88322edcfb5dd907a8	2026-09-07T17:18:52.8189950Z [command]/opt/homebrew/bin/git checkout --progress --force -B codex/dynamo-diff refs/remotes/origin/codex/dynamo-diff
core (macos-latest)	Run actions/checkout@08c6903cd8c0fde910a37f88322edcfb5dd907a8	2026-09-07T17:18:52.9783010Z Switched to a new branch 'codex/dynamo-diff'
core (macos-latest)	Run actions/checkout@08c6903cd8c0fde910a37f88322edcfb5dd907a8	2026-09-07T17:18:52.9794990Z branch 'codex/dynamo-diff' set up to track 'origin/codex/dynamo-diff'.
core (macos-latest)	Run actions/checkout@08c6903cd8c0fde910a37f88322edcfb5dd907a8	2026-09-07T17:18:52.9801400Z ##[endgroup]
core (macos-latest)	Run actions/checkout@08c6903cd8c0fde910a37f88322edcfb5dd907a8	2026-09-07T17:18:52.9927730Z [command]/opt/homebrew/bin/git log -1 --format=%H
core (macos-latest)	Run actions/checkout@08c6903cd8c0fde910a37f88322edcfb5dd907a8	2026-09-07T17:18:53.0000010Z 813b7f8407175c14ffb666eb4c0af1aa541a03d5
core (macos-latest)	Run actions/setup-python@e797f83bcb11b83ae66e0230d6156d7c80228e7c	﻿2026-09-07T17:18:53.0424280Z ##[group]Run actions/setup-python@e797f83bcb11b83ae66e0230d6156d7c80228e7c
core (macos-latest)	Run actions/setup-python@e797f83bcb11b83ae66e0230d6156d7c80228e7c	2026-09-07T17:18:53.0425600Z with:
core (macos-latest)	Run actions/setup-python@e797f83bcb11b83ae66e0230d6156d7c80228e7c	2026-09-07T17:18:53.0426230Z   python-version: 3.13
core (macos-latest)	Run actions/setup-python@e797f83bcb11b83ae66e0230d6156d7c80228e7c	2026-09-07T17:18:53.0426950Z   check-latest: false
core (macos-latest)	Run actions/setup-python@e797f83bcb11b83ae66e0230d6156d7c80228e7c	2026-09-07T17:18:53.0434080Z   token: ***
core (macos-latest)	Run actions/setup-python@e797f83bcb11b83ae66e0230d6156d7c80228e7c	2026-09-07T17:18:53.0435340Z   update-environment: true
core (macos-latest)	Run actions/setup-python@e797f83bcb11b83ae66e0230d6156d7c80228e7c	2026-09-07T17:18:53.0436110Z   allow-prereleases: false
core (macos-latest)	Run actions/setup-python@e797f83bcb11b83ae66e0230d6156d7c80228e7c	2026-09-07T17:18:53.0436860Z   freethreaded: false
core (macos-latest)	Run actions/setup-python@e797f83bcb11b83ae66e0230d6156d7c80228e7c	2026-09-07T17:18:53.0437540Z ##[endgroup]
core (macos-latest)	Run actions/setup-python@e797f83bcb11b83ae66e0230d6156d7c80228e7c	2026-09-07T17:18:53.1723120Z ##[group]Installed versions
core (macos-latest)	Run actions/setup-python@e797f83bcb11b83ae66e0230d6156d7c80228e7c	2026-09-07T17:18:53.1800250Z (node:1229) [DEP0040] DeprecationWarning: The `punycode` module is deprecated. Please use a userland alternative instead.
core (macos-latest)	Run actions/setup-python@e797f83bcb11b83ae66e0230d6156d7c80228e7c	2026-09-07T17:18:53.1802720Z (Use `node --trace-deprecation ...` to show where the warning was created)
core (macos-latest)	Run actions/setup-python@e797f83bcb11b83ae66e0230d6156d7c80228e7c	2026-09-07T17:18:53.1804000Z Successfully set up CPython (3.13.15)
core (macos-latest)	Run actions/setup-python@e797f83bcb11b83ae66e0230d6156d7c80228e7c	2026-09-07T17:18:53.1805390Z ##[endgroup]
core (macos-latest)	Install pinned build and test tools without ML runtimes	﻿2026-09-07T17:18:53.1966210Z ##[group]Run python -m pip install --require-hashes -r requirements-test.lock
core (macos-latest)	Install pinned build and test tools without ML runtimes	2026-09-07T17:18:53.1968130Z ^[[36;1mpython -m pip install --require-hashes -r requirements-test.lock^[[0m
core (macos-latest)	Install pinned build and test tools without ML runtimes	2026-09-07T17:18:53.2055700Z shell: /bin/bash -e {0}
core (macos-latest)	Install pinned build and test tools without ML runtimes	2026-09-07T17:18:53.2056500Z env:
core (macos-latest)	Install pinned build and test tools without ML runtimes	2026-09-07T17:18:53.2057400Z   pythonLocation: /Users/runner/hostedtoolcache/Python/3.13.15/arm64
core (macos-latest)	Install pinned build and test tools without ML runtimes	2026-09-07T17:18:53.2059090Z   PKG_CONFIG_PATH: /Users/runner/hostedtoolcache/Python/3.13.15/arm64/lib/pkgconfig
core (macos-latest)	Install pinned build and test tools without ML runtimes	2026-09-07T17:18:53.2060690Z   Python_ROOT_DIR: /Users/runner/hostedtoolcache/Python/3.13.15/arm64
core (macos-latest)	Install pinned build and test tools without ML runtimes	2026-09-07T17:18:53.2062130Z   Python2_ROOT_DIR: /Users/runner/hostedtoolcache/Python/3.13.15/arm64
core (macos-latest)	Install pinned build and test tools without ML runtimes	2026-09-07T17:18:53.2063630Z   Python3_ROOT_DIR: /Users/runner/hostedtoolcache/Python/3.13.15/arm64
core (macos-latest)	Install pinned build and test tools without ML runtimes	2026-09-07T17:18:53.2064870Z ##[endgroup]
core (macos-latest)	Install pinned build and test tools without ML runtimes	2026-09-07T17:18:54.9819200Z Collecting annotated-types==0.8.0 (from -r requirements-test.lock (line 3))
core (macos-latest)	Install pinned build and test tools without ML runtimes	2026-09-07T17:18:55.0554630Z   Downloading annotated_types-0.8.0-py3-none-any.whl (13 kB)
core (macos-latest)	Install pinned build and test tools without ML runtimes	2026-09-07T17:18:55.1155100Z Collecting anyio==4.15.1 (from -r requirements-test.lock (line 7))
core (macos-latest)	Install pinned build and test tools without ML runtimes	2026-09-07T17:18:55.1269160Z   Downloading anyio-4.15.1-py3-none-any.whl (132 kB)
core (macos-latest)	Install pinned build and test tools without ML runtimes	2026-09-07T17:18:55.2252700Z Collecting attrs==26.1.0 (from -r requirements-test.lock (line 15))
core (macos-latest)	Install pinned build and test tools without ML runtimes	2026-09-07T17:18:55.2377820Z   Downloading attrs-26.1.0-py3-none-any.whl (67 kB)
core (macos-latest)	Install pinned build and test tools without ML runtimes	2026-09-07T17:18:55.2860530Z Collecting build==1.6.0 (from -r requirements-test.lock (line 21))
core (macos-latest)	Install pinned build and test tools without ML runtimes	2026-09-07T17:18:55.2989870Z   Downloading build-1.6.0-py3-none-any.whl (31 kB)
core (macos-latest)	Install pinned build and test tools without ML runtimes	2026-09-07T17:18:55.4068780Z Collecting cffi==2.1.1 (from -r requirements-test.lock (line 25))
core (macos-latest)	Install pinned build and test tools without ML runtimes	2026-09-07T17:18:55.4177870Z   Downloading cffi-2.1.1-cp313-cp313-macosx_11_0_arm64.whl (184 kB)
core (macos-latest)	Install pinned build and test tools without ML runtimes	2026-09-07T17:18:55.4602940Z Collecting click==8.5.0 (from -r requirements-test.lock (line 127))
core (macos-latest)	Install pinned build and test tools without ML runtimes	2026-09-07T17:18:55.4729240Z   Downloading click-8.5.0-py3-none-any.whl (125 kB)
core (macos-latest)	Install pinned build and test tools without ML runtimes	2026-09-07T17:18:55.6379540Z Collecting cryptography==50.0.1 (from -r requirements-test.lock (line 131))
core (macos-latest)	Install pinned build and test tools without ML runtimes	2026-09-07T17:18:55.6535140Z   Downloading cryptography-50.0.1-cp311-abi3-macosx_11_0_arm64.whl (4.0 MB)
core (macos-latest)	Install pinned build and test tools without ML runtimes	2026-09-07T17:18:55.8676110Z      ━━━━━━━━━━━━━━━━━━━━━━━━━━━━━━━━━━━━━━━━ 4.0/4.0 MB 20.0 MB/s  0:00:00
core (macos-latest)	Install pinned build and test tools without ML runtimes	2026-09-07T17:18:55.9001290Z Collecting h11==0.16.0 (from -r requirements-test.lock (line 179))
core (macos-latest)	Install pinned build and test tools without ML runtimes	2026-09-07T17:18:55.9108900Z   Downloading h11-0.16.0-py3-none-any.whl (37 kB)
core (macos-latest)	Install pinned build and test tools without ML runtimes	2026-09-07T17:18:55.9377240Z Collecting httpcore2==2.12.0 (from -r requirements-test.lock (line 185))
core (macos-latest)	Install pinned build and test tools without ML runtimes	2026-09-07T17:18:55.9496610Z   Downloading httpcore2-2.12.0-py3-none-any.whl (83 kB)
core (macos-latest)	Install pinned build and test tools without ML runtimes	2026-09-07T17:18:55.9803850Z Collecting httpx2==2.12.0 (from -r requirements-test.lock (line 189))
core (macos-latest)	Install pinned build and test tools without ML runtimes	2026-09-07T17:18:55.9925220Z   Downloading httpx2-2.12.0-py3-none-any.whl (95 kB)
core (macos-latest)	Install pinned build and test tools without ML runtimes	2026-09-07T17:18:56.0374400Z Collecting idna==3.19 (from -r requirements-test.lock (line 193))
core (macos-latest)	Install pinned build and test tools without ML runtimes	2026-09-07T17:18:56.0484640Z   Downloading idna-3.19-py3-none-any.whl (68 kB)
core (macos-latest)	Install pinned build and test tools without ML runtimes	2026-09-07T17:18:56.0766050Z Collecting iniconfig==2.3.0 (from -r requirements-test.lock (line 199))
core (macos-latest)	Install pinned build and test tools without ML runtimes	2026-09-07T17:18:56.0891250Z   Downloading iniconfig-2.3.0-py3-none-any.whl (7.5 kB)
core (macos-latest)	Install pinned build and test tools without ML runtimes	2026-09-07T17:18:56.1199270Z Collecting jsonschema==4.26.0 (from -r requirements-test.lock (line 203))
core (macos-latest)	Install pinned build and test tools without ML runtimes	2026-09-07T17:18:56.1320640Z   Downloading jsonschema-4.26.0-py3-none-any.whl (90 kB)
core (macos-latest)	Install pinned build and test tools without ML runtimes	2026-09-07T17:18:56.1660840Z Collecting jsonschema-specifications==2025.9.1 (from -r requirements-test.lock (line 207))
core (macos-latest)	Install pinned build and test tools without ML runtimes	2026-09-07T17:18:56.1842260Z   Downloading jsonschema_specifications-2025.9.1-py3-none-any.whl (18 kB)
core (macos-latest)	Install pinned build and test tools without ML runtimes	2026-09-07T17:18:56.2230770Z Collecting mcp==2.1.1 (from -r requirements-test.lock (line 211))
core (macos-latest)	Install pinned build and test tools without ML runtimes	2026-09-07T17:18:56.2378650Z   Downloading mcp-2.1.1-py3-none-any.whl (357 kB)
core (macos-latest)	Install pinned build and test tools without ML runtimes	2026-09-07T17:18:56.2838130Z Collecting mcp-types==2.1.1 (from -r requirements-test.lock (line 215))
core (macos-latest)	Install pinned build and test tools without ML runtimes	2026-09-07T17:18:56.2953990Z   Downloading mcp_types-2.1.1-py3-none-any.whl (69 kB)
core (macos-latest)	Install pinned build and test tools without ML runtimes	2026-09-07T17:18:56.3261040Z Collecting opentelemetry-api==1.44.0 (from -r requirements-test.lock (line 219))
core (macos-latest)	Install pinned build and test tools without ML runtimes	2026-09-07T17:18:56.3380920Z   Downloading opentelemetry_api-1.44.0-py3-none-any.whl (60 kB)
core (macos-latest)	Install pinned build and test tools without ML runtimes	2026-09-07T17:18:56.3751620Z Collecting packaging==26.3 (from -r requirements-test.lock (line 223))
core (macos-latest)	Install pinned build and test tools without ML runtimes	2026-09-07T17:18:56.3876660Z   Downloading packaging-26.3-py3-none-any.whl (129 kB)
core (macos-latest)	Install pinned build and test tools without ML runtimes	2026-09-07T17:18:56.4226410Z Collecting pluggy==1.6.0 (from -r requirements-test.lock (line 229))
core (macos-latest)	Install pinned build and test tools without ML runtimes	2026-09-07T17:18:56.4368140Z   Downloading pluggy-1.6.0-py3-none-any.whl (20 kB)
core (macos-latest)	Install pinned build and test tools without ML runtimes	2026-09-07T17:18:56.4746340Z Collecting pycparser==3.0 (from -r requirements-test.lock (line 233))
core (macos-latest)	Install pinned build and test tools without ML runtimes	2026-09-07T17:18:56.4869200Z   Downloading pycparser-3.0-py3-none-any.whl (48 kB)
core (macos-latest)	Install pinned build and test tools without ML runtimes	2026-09-07T17:18:56.5611590Z Collecting pydantic==2.13.5 (from -r requirements-test.lock (line 237))
core (macos-latest)	Install pinned build and test tools without ML runtimes	2026-09-07T17:18:56.5740950Z   Downloading pydantic-2.13.5-py3-none-any.whl (472 kB)
core (macos-latest)	Install pinned build and test tools without ML runtimes	2026-09-07T17:18:56.9862480Z Collecting pydantic-core==2.46.5 (from -r requirements-test.lock (line 244))
core (macos-latest)	Install pinned build and test tools without ML runtimes	2026-09-07T17:18:56.9978230Z   Downloading pydantic_core-2.46.5-cp313-cp313-macosx_11_0_arm64.whl (1.9 MB)
core (macos-latest)	Install pinned build and test tools without ML runtimes	2026-09-07T17:18:57.0521530Z      ━━━━━━━━━━━━━━━━━━━━━━━━━━━━━━━━━━━━━━━━ 1.9/1.9 MB 34.4 MB/s  0:00:00
core (macos-latest)	Install pinned build and test tools without ML runtimes	2026-09-07T17:18:57.0910900Z Collecting pygments==2.21.0 (from -r requirements-test.lock (line 366))
core (macos-latest)	Install pinned build and test tools without ML runtimes	2026-09-07T17:18:57.1034710Z   Downloading pygments-2.21.0-py3-none-any.whl (1.3 MB)
core (macos-latest)	Install pinned build and test tools without ML runtimes	2026-09-07T17:18:57.1388780Z      ━━━━━━━━━━━━━━━━━━━━━━━━━━━━━━━━━━━━━━━━ 1.3/1.3 MB 32.4 MB/s  0:00:00
core (macos-latest)	Install pinned build and test tools without ML runtimes	2026-09-07T17:18:57.1768510Z Collecting pyjwt==2.13.0 (from -r requirements-test.lock (line 370))
core (macos-latest)	Install pinned build and test tools without ML runtimes	2026-09-07T17:18:57.1891230Z   Downloading pyjwt-2.13.0-py3-none-any.whl (31 kB)
core (macos-latest)	Install pinned build and test tools without ML runtimes	2026-09-07T17:18:57.2148730Z Collecting pyproject-hooks==1.2.0 (from -r requirements-test.lock (line 374))
core (macos-latest)	Install pinned build and test tools without ML runtimes	2026-09-07T17:18:57.2258590Z   Downloading pyproject_hooks-1.2.0-py3-none-any.whl (10 kB)
core (macos-latest)	Install pinned build and test tools without ML runtimes	2026-09-07T17:18:57.2647520Z Collecting pytest==9.1.1 (from -r requirements-test.lock (line 378))
core (macos-latest)	Install pinned build and test tools without ML runtimes	2026-09-07T17:18:57.2770010Z   Downloading pytest-9.1.1-py3-none-any.whl (386 kB)
core (macos-latest)	Install pinned build and test tools without ML runtimes	2026-09-07T17:18:57.3094590Z Collecting python-multipart==0.0.32 (from -r requirements-test.lock (line 382))
core (macos-latest)	Install pinned build and test tools without ML runtimes	2026-09-07T17:18:57.3200450Z   Downloading python_multipart-0.0.32-py3-none-any.whl (30 kB)
core (macos-latest)	Install pinned build and test tools without ML runtimes	2026-09-07T17:18:57.3520780Z Collecting referencing==0.37.0 (from -r requirements-test.lock (line 386))
core (macos-latest)	Install pinned build and test tools without ML runtimes	2026-09-07T17:18:57.3629680Z   Downloading referencing-0.37.0-py3-none-any.whl (26 kB)
core (macos-latest)	Install pinned build and test tools without ML runtimes	2026-09-07T17:18:57.5531590Z Collecting rpds-py==2026.6.3 (from -r requirements-test.lock (line 392))
core (macos-latest)	Install pinned build and test tools without ML runtimes	2026-09-07T17:18:57.5656530Z   Downloading rpds_py-2026.6.3-cp313-cp313-macosx_11_0_arm64.whl (338 kB)
core (macos-latest)	Install pinned build and test tools without ML runtimes	2026-09-07T17:18:57.6250840Z Collecting setuptools==84.0.0 (from -r requirements-test.lock (line 512))
core (macos-latest)	Install pinned build and test tools without ML runtimes	2026-09-07T17:18:57.6358240Z   Downloading setuptools-84.0.0-py3-none-any.whl (818 kB)
core (macos-latest)	Install pinned build and test tools without ML runtimes	2026-09-07T17:18:57.6557820Z      ━━━━━━━━━━━━━━━━━━━━━━━━━━━━━━━━━━━━━━━━ 818.2/818.2 kB 35.9 MB/s  0:00:00
core (macos-latest)	Install pinned build and test tools without ML runtimes	2026-09-07T17:18:57.6875330Z Collecting sse-starlette==3.4.11 (from -r requirements-test.lock (line 516))
core (macos-latest)	Install pinned build and test tools without ML runtimes	2026-09-07T17:18:57.7025170Z   Downloading sse_starlette-3.4.11-py3-none-any.whl (17 kB)
core (macos-latest)	Install pinned build and test tools without ML runtimes	2026-09-07T17:18:57.7400000Z Collecting starlette==1.6.0 (from -r requirements-test.lock (line 520))
core (macos-latest)	Install pinned build and test tools without ML runtimes	2026-09-07T17:18:57.7523770Z   Downloading starlette-1.6.0-py3-none-any.whl (75 kB)
core (macos-latest)	Install pinned build and test tools without ML runtimes	2026-09-07T17:18:57.7803530Z Collecting truststore==0.10.4 (from -r requirements-test.lock (line 526))
core (macos-latest)	Install pinned build and test tools without ML runtimes	2026-09-07T17:18:57.7916560Z   Downloading truststore-0.10.4-py3-none-any.whl (18 kB)
core (macos-latest)	Install pinned build and test tools without ML runtimes	2026-09-07T17:18:57.8189940Z Collecting typing-extensions==4.16.0 (from -r requirements-test.lock (line 532))
core (macos-latest)	Install pinned build and test tools without ML runtimes	2026-09-07T17:18:57.8309590Z   Downloading typing_extensions-4.16.0-py3-none-any.whl (45 kB)
core (macos-latest)	Install pinned build and test tools without ML runtimes	2026-09-07T17:18:57.8589380Z Collecting typing-inspection==0.4.4 (from -r requirements-test.lock (line 543))
core (macos-latest)	Install pinned build and test tools without ML runtimes	2026-09-07T17:18:57.8706580Z   Downloading typing_inspection-0.4.4-py3-none-any.whl (14 kB)
core (macos-latest)	Install pinned build and test tools without ML runtimes	2026-09-07T17:18:57.9008490Z Collecting uvicorn==0.52.4 (from -r requirements-test.lock (line 549))
core (macos-latest)	Install pinned build and test tools without ML runtimes	2026-09-07T17:18:57.9125870Z   Downloading uvicorn-0.52.4-py3-none-any.whl (79 kB)
core (macos-latest)	Install pinned build and test tools without ML runtimes	2026-09-07T17:18:57.9898250Z Installing collected packages: typing-extensions, truststore, setuptools, rpds-py, python-multipart, pyproject-hooks, pyjwt, pygments, pycparser, pluggy, packaging, iniconfig, idna, h11, click, attrs, annotated-types, uvicorn, typing-inspection, referencing, pytest, pydantic-core, opentelemetry-api, httpcore2, cffi, build, anyio, starlette, pydantic, jsonschema-specifications, httpx2, cryptography, sse-starlette, mcp-types, jsonschema, mcp
core (macos-latest)	Install pinned build and test tools without ML runtimes	2026-09-07T17:19:01.4495020Z 
core (macos-latest)	Install pinned build and test tools without ML runtimes	2026-09-07T17:19:01.4528930Z Successfully installed annotated-types-0.8.0 anyio-4.15.1 attrs-26.1.0 build-1.6.0 cffi-2.1.1 click-8.5.0 cryptography-50.0.1 h11-0.16.0 httpcore2-2.12.0 httpx2-2.12.0 idna-3.19 iniconfig-2.3.0 jsonschema-4.26.0 jsonschema-specifications-2025.9.1 mcp-2.1.1 mcp-types-2.1.1 opentelemetry-api-1.44.0 packaging-26.3 pluggy-1.6.0 pycparser-3.0 pydantic-2.13.5 pydantic-core-2.46.5 pygments-2.21.0 pyjwt-2.13.0 pyproject-hooks-1.2.0 pytest-9.1.1 python-multipart-0.0.32 referencing-0.37.0 rpds-py-2026.6.3 setuptools-84.0.0 sse-starlette-3.4.11 starlette-1.6.0 truststore-0.10.4 typing-extensions-4.16.0 typing-inspection-0.4.4 uvicorn-0.52.4
core (macos-latest)	Build wheel and source archive	﻿2026-09-07T17:19:01.6093800Z ##[group]Run python -m build --no-isolation
core (macos-latest)	Build wheel and source archive	2026-09-07T17:19:01.6094260Z ^[[36;1mpython -m build --no-isolation^[[0m
core (macos-latest)	Build wheel and source archive	2026-09-07T17:19:01.6136660Z shell: /bin/bash -e {0}
core (macos-latest)	Build wheel and source archive	2026-09-07T17:19:01.6136930Z env:
core (macos-latest)	Build wheel and source archive	2026-09-07T17:19:01.6137280Z   pythonLocation: /Users/runner/hostedtoolcache/Python/3.13.15/arm64
core (macos-latest)	Build wheel and source archive	2026-09-07T17:19:01.6137820Z   PKG_CONFIG_PATH: /Users/runner/hostedtoolcache/Python/3.13.15/arm64/lib/pkgconfig
core (macos-latest)	Build wheel and source archive	2026-09-07T17:19:01.6138420Z   Python_ROOT_DIR: /Users/runner/hostedtoolcache/Python/3.13.15/arm64
core (macos-latest)	Build wheel and source archive	2026-09-07T17:19:01.6138900Z   Python2_ROOT_DIR: /Users/runner/hostedtoolcache/Python/3.13.15/arm64
core (macos-latest)	Build wheel and source archive	2026-09-07T17:19:01.6139380Z   Python3_ROOT_DIR: /Users/runner/hostedtoolcache/Python/3.13.15/arm64
core (macos-latest)	Build wheel and source archive	2026-09-07T17:19:01.6139680Z ##[endgroup]
core (macos-latest)	Build wheel and source archive	2026-09-07T17:19:01.7982880Z * Getting build dependencies for sdist...
core (macos-latest)	Build wheel and source archive	2026-09-07T17:19:02.0081350Z running egg_info
core (macos-latest)	Build wheel and source archive	2026-09-07T17:19:02.0107660Z creating src/dynamo_diff.egg-info
core (macos-latest)	Build wheel and source archive	2026-09-07T17:19:02.0109280Z writing src/dynamo_diff.egg-info/PKG-INFO
core (macos-latest)	Build wheel and source archive	2026-09-07T17:19:02.0178190Z writing dependency_links to src/dynamo_diff.egg-info/dependency_links.txt
core (macos-latest)	Build wheel and source archive	2026-09-07T17:19:02.0179090Z writing entry points to src/dynamo_diff.egg-info/entry_points.txt
core (macos-latest)	Build wheel and source archive	2026-09-07T17:19:02.0179750Z writing requirements to src/dynamo_diff.egg-info/requires.txt
core (macos-latest)	Build wheel and source archive	2026-09-07T17:19:02.0180180Z writing top-level names to src/dynamo_diff.egg-info/top_level.txt
core (macos-latest)	Build wheel and source archive	2026-09-07T17:19:02.0180680Z writing manifest file 'src/dynamo_diff.egg-info/SOURCES.txt'
core (macos-latest)	Build wheel and source archive	2026-09-07T17:19:02.0223430Z reading manifest file 'src/dynamo_diff.egg-info/SOURCES.txt'
core (macos-latest)	Build wheel and source archive	2026-09-07T17:19:02.0224630Z reading manifest template 'MANIFEST.in'
core (macos-latest)	Build wheel and source archive	2026-09-07T17:19:02.0403510Z warning: no previously-included files matching '__pycache__' found anywhere in distribution
core (macos-latest)	Build wheel and source archive	2026-09-07T17:19:02.0409930Z warning: no previously-included files matching '*.py[cod]' found anywhere in distribution
core (macos-latest)	Build wheel and source archive	2026-09-07T17:19:02.0417320Z warning: no previously-included files matching '.DS_Store' found anywhere in distribution
core (macos-latest)	Build wheel and source archive	2026-09-07T17:19:02.0423440Z warning: no previously-included files matching '.lock' found anywhere in distribution
core (macos-latest)	Build wheel and source archive	2026-09-07T17:19:02.0424480Z adding license file 'LICENSE'
core (macos-latest)	Build wheel and source archive	2026-09-07T17:19:02.0479110Z writing manifest file 'src/dynamo_diff.egg-info/SOURCES.txt'
core (macos-latest)	Build wheel and source archive	2026-09-07T17:19:02.0855740Z * Building sdist...
core (macos-latest)	Build wheel and source archive	2026-09-07T17:19:02.2357800Z running sdist
core (macos-latest)	Build wheel and source archive	2026-09-07T17:19:02.2358620Z running egg_info
core (macos-latest)	Build wheel and source archive	2026-09-07T17:19:02.2391720Z writing src/dynamo_diff.egg-info/PKG-INFO
core (macos-latest)	Build wheel and source archive	2026-09-07T17:19:02.2404090Z writing dependency_links to src/dynamo_diff.egg-info/dependency_links.txt
core (macos-latest)	Build wheel and source archive	2026-09-07T17:19:02.2409960Z writing entry points to src/dynamo_diff.egg-info/entry_points.txt
core (macos-latest)	Build wheel and source archive	2026-09-07T17:19:02.2420440Z writing requirements to src/dynamo_diff.egg-info/requires.txt
core (macos-latest)	Build wheel and source archive	2026-09-07T17:19:02.2423090Z writing top-level names to src/dynamo_diff.egg-info/top_level.txt
core (macos-latest)	Build wheel and source archive	2026-09-07T17:19:02.2620870Z reading manifest file 'src/dynamo_diff.egg-info/SOURCES.txt'
core (macos-latest)	Build wheel and source archive	2026-09-07T17:19:02.2680870Z reading manifest template 'MANIFEST.in'
core (macos-latest)	Build wheel and source archive	2026-09-07T17:19:02.2805010Z warning: no previously-included files matching '__pycache__' found anywhere in distribution
core (macos-latest)	Build wheel and source archive	2026-09-07T17:19:02.2814450Z warning: no previously-included files matching '*.py[cod]' found anywhere in distribution
core (macos-latest)	Build wheel and source archive	2026-09-07T17:19:02.2822150Z warning: no previously-included files matching '.DS_Store' found anywhere in distribution
core (macos-latest)	Build wheel and source archive	2026-09-07T17:19:02.2830080Z warning: no previously-included files matching '.lock' found anywhere in distribution
core (macos-latest)	Build wheel and source archive	2026-09-07T17:19:02.2831180Z adding license file 'LICENSE'
core (macos-latest)	Build wheel and source archive	2026-09-07T17:19:02.2902060Z writing manifest file 'src/dynamo_diff.egg-info/SOURCES.txt'
core (macos-latest)	Build wheel and source archive	2026-09-07T17:19:02.2905000Z running check
core (macos-latest)	Build wheel and source archive	2026-09-07T17:19:02.2927720Z creating dynamo_diff-0.1.0
core (macos-latest)	Build wheel and source archive	2026-09-07T17:19:02.2935580Z creating dynamo_diff-0.1.0/.github/workflows
core (macos-latest)	Build wheel and source archive	2026-09-07T17:19:02.2937000Z creating dynamo_diff-0.1.0/artifacts/demo/cli-002
core (macos-latest)	Build wheel and source archive	2026-09-07T17:19:02.2938660Z creating dynamo_diff-0.1.0/artifacts/demo/cli-003
core (macos-latest)	Build wheel and source archive	2026-09-07T17:19:02.2939560Z creating dynamo_diff-0.1.0/benchmarks
core (macos-latest)	Build wheel and source archive	2026-09-07T17:19:02.2940360Z creating dynamo_diff-0.1.0/benchmarks/agent_pilot
core (macos-latest)	Build wheel and source archive	2026-09-07T17:19:02.2941550Z creating dynamo_diff-0.1.0/benchmarks/agent_pilot/corpus
core (macos-latest)	Build wheel and source archive	2026-09-07T17:19:02.2942060Z creating dynamo_diff-0.1.0/benchmarks/agent_pilot/corpus/captures/q01/a
core (macos-latest)	Build wheel and source archive	2026-09-07T17:19:02.2943520Z creating dynamo_diff-0.1.0/benchmarks/agent_pilot/corpus/captures/q01/a/raw
core (macos-latest)	Build wheel and source archive	2026-09-07T17:19:02.2945430Z creating dynamo_diff-0.1.0/benchmarks/agent_pilot/corpus/captures/q01/a/report
core (macos-latest)	Build wheel and source archive	2026-09-07T17:19:02.2947810Z creating dynamo_diff-0.1.0/benchmarks/agent_pilot/corpus/captures/q01/a/report/-_-_-_-
core (macos-latest)	Build wheel and source archive	2026-09-07T17:19:02.2950700Z creating dynamo_diff-0.1.0/benchmarks/agent_pilot/corpus/captures/q01/a/report/-_0_0_0
core (macos-latest)	Build wheel and source archive	2026-09-07T17:19:02.2952070Z creating dynamo_diff-0.1.0/benchmarks/agent_pilot/corpus/captures/q01/a/report/-_0_1_0
core (macos-latest)	Build wheel and source archive	2026-09-07T17:19:02.2953300Z creating dynamo_diff-0.1.0/benchmarks/agent_pilot/corpus/captures/q01/a/sources
core (macos-latest)	Build wheel and source archive	2026-09-07T17:19:02.2954470Z creating dynamo_diff-0.1.0/benchmarks/agent_pilot/corpus/captures/q02/a
core (macos-latest)	Build wheel and source archive	2026-09-07T17:19:02.2955600Z creating dynamo_diff-0.1.0/benchmarks/agent_pilot/corpus/captures/q02/a/raw
core (macos-latest)	Build wheel and source archive	2026-09-07T17:19:02.2956550Z creating dynamo_diff-0.1.0/benchmarks/agent_pilot/corpus/captures/q02/a/report
core (macos-latest)	Build wheel and source archive	2026-09-07T17:19:02.2957400Z creating dynamo_diff-0.1.0/benchmarks/agent_pilot/corpus/captures/q02/a/report/-_-_-_-
core (macos-latest)	Build wheel and source archive	2026-09-07T17:19:02.2958010Z creating dynamo_diff-0.1.0/benchmarks/agent_pilot/corpus/captures/q02/a/report/-_0_0_0
core (macos-latest)	Build wheel and source archive	2026-09-07T17:19:02.2958590Z creating dynamo_diff-0.1.0/benchmarks/agent_pilot/corpus/captures/q02/a/report/-_0_1_0
core (macos-latest)	Build wheel and source archive	2026-09-07T17:19:02.2959150Z creating dynamo_diff-0.1.0/benchmarks/agent_pilot/corpus/captures/q02/a/report/-_0_2_0
core (macos-latest)	Build wheel and source archive	2026-09-07T17:19:02.2959620Z creating dynamo_diff-0.1.0/benchmarks/agent_pilot/corpus/captures/q02/a/sources
core (macos-latest)	Build wheel and source archive	2026-09-07T17:19:02.2960140Z creating dynamo_diff-0.1.0/benchmarks/agent_pilot/corpus/captures/q03/a
core (macos-latest)	Build wheel and source archive	2026-09-07T17:19:02.2960610Z creating dynamo_diff-0.1.0/benchmarks/agent_pilot/corpus/captures/q03/a/raw
core (macos-latest)	Build wheel and source archive	2026-09-07T17:19:02.2962170Z creating dynamo_diff-0.1.0/benchmarks/agent_pilot/corpus/captures/q03/a/report
core (macos-latest)	Build wheel and source archive	2026-09-07T17:19:02.2962860Z creating dynamo_diff-0.1.0/benchmarks/agent_pilot/corpus/captures/q03/a/report/-_-_-_-
core (macos-latest)	Build wheel and source archive	2026-09-07T17:19:02.2963370Z creating dynamo_diff-0.1.0/benchmarks/agent_pilot/corpus/captures/q03/a/report/-_0_0_0
core (macos-latest)	Build wheel and source archive	2026-09-07T17:19:02.2963940Z creating dynamo_diff-0.1.0/benchmarks/agent_pilot/corpus/captures/q03/a/report/-_0_1_0
core (macos-latest)	Build wheel and source archive	2026-09-07T17:19:02.2964900Z creating dynamo_diff-0.1.0/benchmarks/agent_pilot/corpus/captures/q03/a/report/-_0_2_0
core (macos-latest)	Build wheel and source archive	2026-09-07T17:19:02.2965420Z creating dynamo_diff-0.1.0/benchmarks/agent_pilot/corpus/captures/q03/a/sources
core (macos-latest)	Build wheel and source archive	2026-09-07T17:19:02.2965930Z creating dynamo_diff-0.1.0/benchmarks/agent_pilot/corpus/captures/q03/b
core (macos-latest)	Build wheel and source archive	2026-09-07T17:19:02.2966450Z creating dynamo_diff-0.1.0/benchmarks/agent_pilot/corpus/captures/q03/b/raw
core (macos-latest)	Build wheel and source archive	2026-09-07T17:19:02.2967280Z creating dynamo_diff-0.1.0/benchmarks/agent_pilot/corpus/captures/q03/b/report
core (macos-latest)	Build wheel and source archive	2026-09-07T17:19:02.2968040Z creating dynamo_diff-0.1.0/benchmarks/agent_pilot/corpus/captures/q03/b/report/-_-_-_-
core (macos-latest)	Build wheel and source archive	2026-09-07T17:19:02.2969530Z creating dynamo_diff-0.1.0/benchmarks/agent_pilot/corpus/captures/q03/b/report/-_0_0_0
core (macos-latest)	Build wheel and source archive	2026-09-07T17:19:02.2970810Z creating dynamo_diff-0.1.0/benchmarks/agent_pilot/corpus/captures/q03/b/sources
core (macos-latest)	Build wheel and source archive	2026-09-07T17:19:02.2971940Z creating dynamo_diff-0.1.0/benchmarks/agent_pilot/corpus/captures/q04/a
core (macos-latest)	Build wheel and source archive	2026-09-07T17:19:02.2973080Z creating dynamo_diff-0.1.0/benchmarks/agent_pilot/corpus/captures/q04/a/raw
core (macos-latest)	Build wheel and source archive	2026-09-07T17:19:02.2974410Z creating dynamo_diff-0.1.0/benchmarks/agent_pilot/corpus/captures/q04/a/report
core (macos-latest)	Build wheel and source archive	2026-09-07T17:19:02.2975630Z creating dynamo_diff-0.1.0/benchmarks/agent_pilot/corpus/captures/q04/a/report/-_-_-_-
core (macos-latest)	Build wheel and source archive	2026-09-07T17:19:02.2976920Z creating dynamo_diff-0.1.0/benchmarks/agent_pilot/corpus/captures/q04/a/report/-_0_0_0
core (macos-latest)	Build wheel and source archive	2026-09-07T17:19:02.2978540Z creating dynamo_diff-0.1.0/benchmarks/agent_pilot/corpus/captures/q04/a/report/-_0_1_0
core (macos-latest)	Build wheel and source archive	2026-09-07T17:19:02.2980050Z creating dynamo_diff-0.1.0/benchmarks/agent_pilot/corpus/captures/q04/a/sources
core (macos-latest)	Build wheel and source archive	2026-09-07T17:19:02.2982390Z creating dynamo_diff-0.1.0/benchmarks/agent_pilot/corpus/captures/q04/b
core (macos-latest)	Build wheel and source archive	2026-09-07T17:19:02.2983880Z creating dynamo_diff-0.1.0/benchmarks/agent_pilot/corpus/captures/q04/b/raw
core (macos-latest)	Build wheel and source archive	2026-09-07T17:19:02.2985300Z creating dynamo_diff-0.1.0/benchmarks/agent_pilot/corpus/captures/q04/b/report
core (macos-latest)	Build wheel and source archive	2026-09-07T17:19:02.2986760Z creating dynamo_diff-0.1.0/benchmarks/agent_pilot/corpus/captures/q04/b/report/-_-_-_-
core (macos-latest)	Build wheel and source archive	2026-09-07T17:19:02.2988290Z creating dynamo_diff-0.1.0/benchmarks/agent_pilot/corpus/captures/q04/b/report/-_0_0_0
core (macos-latest)	Build wheel and source archive	2026-09-07T17:19:02.2995030Z creating dynamo_diff-0.1.0/benchmarks/agent_pilot/corpus/captures/q04/b/sources
core (macos-latest)	Build wheel and source archive	2026-09-07T17:19:02.2996510Z creating dynamo_diff-0.1.0/benchmarks/agent_pilot/corpus/captures/q05/a
core (macos-latest)	Build wheel and source archive	2026-09-07T17:19:02.2998100Z creating dynamo_diff-0.1.0/benchmarks/agent_pilot/corpus/captures/q05/a/raw
core (macos-latest)	Build wheel and source archive	2026-09-07T17:19:02.2999630Z creating dynamo_diff-0.1.0/benchmarks/agent_pilot/corpus/captures/q05/a/report
core (macos-latest)	Build wheel and source archive	2026-09-07T17:19:02.3001030Z creating dynamo_diff-0.1.0/benchmarks/agent_pilot/corpus/captures/q05/a/report/-_-_-_-
core (macos-latest)	Build wheel and source archive	2026-09-07T17:19:02.3002540Z creating dynamo_diff-0.1.0/benchmarks/agent_pilot/corpus/captures/q05/a/report/-_0_0_0
core (macos-latest)	Build wheel and source archive	2026-09-07T17:19:02.3004080Z creating dynamo_diff-0.1.0/benchmarks/agent_pilot/corpus/captures/q05/a/sources
core (macos-latest)	Build wheel and source archive	2026-09-07T17:19:02.3007570Z creating dynamo_diff-0.1.0/benchmarks/agent_pilot/corpus/captures/q05/b
core (macos-latest)	Build wheel and source archive	2026-09-07T17:19:02.3008850Z creating dynamo_diff-0.1.0/benchmarks/agent_pilot/corpus/captures/q05/b/raw
core (macos-latest)	Build wheel and source archive	2026-09-07T17:19:02.3010130Z creating dynamo_diff-0.1.0/benchmarks/agent_pilot/corpus/captures/q05/b/report
core (macos-latest)	Build wheel and source archive	2026-09-07T17:19:02.3011590Z creating dynamo_diff-0.1.0/benchmarks/agent_pilot/corpus/captures/q05/b/report/-_-_-_-
core (macos-latest)	Build wheel and source archive	2026-09-07T17:19:02.3014660Z creating dynamo_diff-0.1.0/benchmarks/agent_pilot/corpus/captures/q05/b/report/-_0_0_0
core (macos-latest)	Build wheel and source archive	2026-09-07T17:19:02.3015250Z creating dynamo_diff-0.1.0/benchmarks/agent_pilot/corpus/captures/q05/b/sources
core (macos-latest)	Build wheel and source archive	2026-09-07T17:19:02.3015750Z creating dynamo_diff-0.1.0/benchmarks/agent_pilot/corpus/captures/q06/a
core (macos-latest)	Build wheel and source archive	2026-09-07T17:19:02.3016230Z creating dynamo_diff-0.1.0/benchmarks/agent_pilot/corpus/captures/q06/a/raw
core (macos-latest)	Build wheel and source archive	2026-09-07T17:19:02.3016740Z creating dynamo_diff-0.1.0/benchmarks/agent_pilot/corpus/captures/q06/a/report
core (macos-latest)	Build wheel and source archive	2026-09-07T17:19:02.3017220Z creating dynamo_diff-0.1.0/benchmarks/agent_pilot/corpus/captures/q06/a/report/-_-_-_-
core (macos-latest)	Build wheel and source archive	2026-09-07T17:19:02.3018100Z creating dynamo_diff-0.1.0/benchmarks/agent_pilot/corpus/captures/q06/a/report/-_0_0_0
core (macos-latest)	Build wheel and source archive	2026-09-07T17:19:02.3018610Z creating dynamo_diff-0.1.0/benchmarks/agent_pilot/corpus/captures/q06/a/report/-_0_1_0
core (macos-latest)	Build wheel and source archive	2026-09-07T17:19:02.3019100Z creating dynamo_diff-0.1.0/benchmarks/agent_pilot/corpus/captures/q06/a/report/-_0_2_0
core (macos-latest)	Build wheel and source archive	2026-09-07T17:19:02.3019600Z creating dynamo_diff-0.1.0/benchmarks/agent_pilot/corpus/captures/q06/a/sources
core (macos-latest)	Build wheel and source archive	2026-09-07T17:19:02.3020060Z creating dynamo_diff-0.1.0/benchmarks/agent_pilot/corpus/captures/q06/b
core (macos-latest)	Build wheel and source archive	2026-09-07T17:19:02.3020490Z creating dynamo_diff-0.1.0/benchmarks/agent_pilot/corpus/captures/q06/b/raw
core (macos-latest)	Build wheel and source archive	2026-09-07T17:19:02.3021010Z creating dynamo_diff-0.1.0/benchmarks/agent_pilot/corpus/captures/q06/b/report
core (macos-latest)	Build wheel and source archive	2026-09-07T17:19:02.3021470Z creating dynamo_diff-0.1.0/benchmarks/agent_pilot/corpus/captures/q06/b/report/-_-_-_-
core (macos-latest)	Build wheel and source archive	2026-09-07T17:19:02.3021940Z creating dynamo_diff-0.1.0/benchmarks/agent_pilot/corpus/captures/q06/b/report/-_0_0_0
core (macos-latest)	Build wheel and source archive	2026-09-07T17:19:02.3022510Z creating dynamo_diff-0.1.0/benchmarks/agent_pilot/corpus/captures/q06/b/report/-_0_1_0
core (macos-latest)	Build wheel and source archive	2026-09-07T17:19:02.3022990Z creating dynamo_diff-0.1.0/benchmarks/agent_pilot/corpus/captures/q06/b/report/-_0_2_0
core (macos-latest)	Build wheel and source archive	2026-09-07T17:19:02.3023450Z creating dynamo_diff-0.1.0/benchmarks/agent_pilot/corpus/captures/q06/b/sources
core (macos-latest)	Build wheel and source archive	2026-09-07T17:19:02.3023880Z creating dynamo_diff-0.1.0/benchmarks/agent_pilot/corpus/captures/q07/a
core (macos-latest)	Build wheel and source archive	2026-09-07T17:19:02.3024460Z creating dynamo_diff-0.1.0/benchmarks/agent_pilot/corpus/captures/q07/a/raw
core (macos-latest)	Build wheel and source archive	2026-09-07T17:19:02.3025060Z creating dynamo_diff-0.1.0/benchmarks/agent_pilot/corpus/captures/q07/a/report
core (macos-latest)	Build wheel and source archive	2026-09-07T17:19:02.3025650Z creating dynamo_diff-0.1.0/benchmarks/agent_pilot/corpus/captures/q07/a/report/-_-_-_-
core (macos-latest)	Build wheel and source archive	2026-09-07T17:19:02.3026540Z creating dynamo_diff-0.1.0/benchmarks/agent_pilot/corpus/captures/q07/a/report/-_0_0_0
core (macos-latest)	Build wheel and source archive	2026-09-07T17:19:02.3027100Z creating dynamo_diff-0.1.0/benchmarks/agent_pilot/corpus/captures/q07/a/sources
core (macos-latest)	Build wheel and source archive	2026-09-07T17:19:02.3027630Z creating dynamo_diff-0.1.0/benchmarks/agent_pilot/corpus/captures/q08/a
core (macos-latest)	Build wheel and source archive	2026-09-07T17:19:02.3028150Z creating dynamo_diff-0.1.0/benchmarks/agent_pilot/corpus/captures/q08/a/raw
core (macos-latest)	Build wheel and source archive	2026-09-07T17:19:02.3029480Z creating dynamo_diff-0.1.0/benchmarks/agent_pilot/corpus/captures/q08/a/report
core (macos-latest)	Build wheel and source archive	2026-09-07T17:19:02.3032060Z creating dynamo_diff-0.1.0/benchmarks/agent_pilot/corpus/captures/q08/a/report/-_-_-_-
core (macos-latest)	Build wheel and source archive	2026-09-07T17:19:02.3035520Z creating dynamo_diff-0.1.0/benchmarks/agent_pilot/corpus/captures/q08/a/report/-_0_0_0
core (macos-latest)	Build wheel and source archive	2026-09-07T17:19:02.3037720Z creating dynamo_diff-0.1.0/benchmarks/agent_pilot/corpus/captures/q08/a/report/-_0_0_1
core (macos-latest)	Build wheel and source archive	2026-09-07T17:19:02.3040010Z creating dynamo_diff-0.1.0/benchmarks/agent_pilot/corpus/captures/q08/a/report/-_1_0_0
core (macos-latest)	Build wheel and source archive	2026-09-07T17:19:02.3042490Z creating dynamo_diff-0.1.0/benchmarks/agent_pilot/corpus/captures/q08/a/sources
core (macos-latest)	Build wheel and source archive	2026-09-07T17:19:02.3044690Z creating dynamo_diff-0.1.0/benchmarks/agent_pilot/corpus/captures/q09/a
core (macos-latest)	Build wheel and source archive	2026-09-07T17:19:02.3047890Z creating dynamo_diff-0.1.0/benchmarks/agent_pilot/corpus/captures/q09/a/raw
core (macos-latest)	Build wheel and source archive	2026-09-07T17:19:02.3050080Z creating dynamo_diff-0.1.0/benchmarks/agent_pilot/corpus/captures/q09/a/report
core (macos-latest)	Build wheel and source archive	2026-09-07T17:19:02.3055300Z creating dynamo_diff-0.1.0/benchmarks/agent_pilot/corpus/captures/q09/a/report/-_-_-_-
core (macos-latest)	Build wheel and source archive	2026-09-07T17:19:02.3057050Z creating dynamo_diff-0.1.0/benchmarks/agent_pilot/corpus/captures/q09/a/report/-_0_0_0
core (macos-latest)	Build wheel and source archive	2026-09-07T17:19:02.3058780Z creating dynamo_diff-0.1.0/benchmarks/agent_pilot/corpus/captures/q09/a/report/-_0_1_0
core (macos-latest)	Build wheel and source archive	2026-09-07T17:19:02.3060350Z creating dynamo_diff-0.1.0/benchmarks/agent_pilot/corpus/captures/q09/a/report/-_0_2_0
core (macos-latest)	Build wheel and source archive	2026-09-07T17:19:02.3061830Z creating dynamo_diff-0.1.0/benchmarks/agent_pilot/corpus/captures/q09/a/sources
core (macos-latest)	Build wheel and source archive	2026-09-07T17:19:02.3063550Z creating dynamo_diff-0.1.0/benchmarks/agent_pilot/corpus/captures/q10/a
core (macos-latest)	Build wheel and source archive	2026-09-07T17:19:02.3065190Z creating dynamo_diff-0.1.0/benchmarks/agent_pilot/corpus/captures/q10/a/raw
core (macos-latest)	Build wheel and source archive	2026-09-07T17:19:02.3073650Z creating dynamo_diff-0.1.0/benchmarks/agent_pilot/corpus/captures/q10/a/report
core (macos-latest)	Build wheel and source archive	2026-09-07T17:19:02.3075850Z creating dynamo_diff-0.1.0/benchmarks/agent_pilot/corpus/captures/q10/a/report/-_-_-_-
core (macos-latest)	Build wheel and source archive	2026-09-07T17:19:02.3077440Z creating dynamo_diff-0.1.0/benchmarks/agent_pilot/corpus/captures/q10/a/report/-_0_0_0
core (macos-latest)	Build wheel and source archive	2026-09-07T17:19:02.3078920Z creating dynamo_diff-0.1.0/benchmarks/agent_pilot/corpus/captures/q10/a/report/-_0_1_0
core (macos-latest)	Build wheel and source archive	2026-09-07T17:19:02.3084790Z creating dynamo_diff-0.1.0/benchmarks/agent_pilot/corpus/captures/q10/a/report/-_0_2_0
core (macos-latest)	Build wheel and source archive	2026-09-07T17:19:02.3087400Z creating dynamo_diff-0.1.0/benchmarks/agent_pilot/corpus/captures/q10/a/sources
core (macos-latest)	Build wheel and source archive	2026-09-07T17:19:02.3088750Z creating dynamo_diff-0.1.0/benchmarks/agent_pilot/corpus/curator/q07
core (macos-latest)	Build wheel and source archive	2026-09-07T17:19:02.3089970Z creating dynamo_diff-0.1.0/benchmarks/agent_pilot/runs/run-001
core (macos-latest)	Build wheel and source archive	2026-09-07T17:19:02.3091270Z creating dynamo_diff-0.1.0/benchmarks/agent_pilot/runs/run-001/analysis
core (macos-latest)	Build wheel and source archive	2026-09-07T17:19:02.3092390Z creating dynamo_diff-0.1.0/benchmarks/results
core (macos-latest)	Build wheel and source archive	2026-09-07T17:19:02.3093350Z creating dynamo_diff-0.1.0/case_studies/transformers_cache
core (macos-latest)	Build wheel and source archive	2026-09-07T17:19:02.3100160Z creating dynamo_diff-0.1.0/case_studies/transformers_cache/captures/baseline
core (macos-latest)	Build wheel and source archive	2026-09-07T17:19:02.3101870Z creating dynamo_diff-0.1.0/case_studies/transformers_cache/captures/baseline/raw
core (macos-latest)	Build wheel and source archive	2026-09-07T17:19:02.3103340Z creating dynamo_diff-0.1.0/case_studies/transformers_cache/captures/baseline/report
core (macos-latest)	Build wheel and source archive	2026-09-07T17:19:02.3104830Z creating dynamo_diff-0.1.0/case_studies/transformers_cache/captures/baseline/report/-_-_-_-
core (macos-latest)	Build wheel and source archive	2026-09-07T17:19:02.3106400Z creating dynamo_diff-0.1.0/case_studies/transformers_cache/captures/baseline/report/-_0_0_0
core (macos-latest)	Build wheel and source archive	2026-09-07T17:19:02.3114220Z creating dynamo_diff-0.1.0/case_studies/transformers_cache/captures/baseline/report/-_0_1_0
core (macos-latest)	Build wheel and source archive	2026-09-07T17:19:02.3119090Z creating dynamo_diff-0.1.0/case_studies/transformers_cache/captures/baseline/report/-_0_2_0
core (macos-latest)	Build wheel and source archive	2026-09-07T17:19:02.3121950Z creating dynamo_diff-0.1.0/case_studies/transformers_cache/captures/baseline/sources
core (macos-latest)	Build wheel and source archive	2026-09-07T17:19:02.3124130Z creating dynamo_diff-0.1.0/case_studies/transformers_cache/captures/baseline/sources/torch/_dynamo
core (macos-latest)	Build wheel and source archive	2026-09-07T17:19:02.3133320Z creating dynamo_diff-0.1.0/case_studies/transformers_cache/captures/baseline/sources/torch/utils
core (macos-latest)	Build wheel and source archive	2026-09-07T17:19:02.3141390Z creating dynamo_diff-0.1.0/case_studies/transformers_cache/captures/baseline/sources/transformers
core (macos-latest)	Build wheel and source archive	2026-09-07T17:19:02.3149450Z creating dynamo_diff-0.1.0/case_studies/transformers_cache/captures/baseline/sources/transformers/generation
core (macos-latest)	Build wheel and source archive	2026-09-07T17:19:02.3151620Z creating dynamo_diff-0.1.0/case_studies/transformers_cache/captures/baseline/sources/transformers/models/llama
core (macos-latest)	Build wheel and source archive	2026-09-07T17:19:02.3153470Z creating dynamo_diff-0.1.0/case_studies/transformers_cache/captures/baseline/sources/transformers/utils
core (macos-latest)	Build wheel and source archive	2026-09-07T17:19:02.3212520Z creating dynamo_diff-0.1.0/case_studies/transformers_cache/captures/candidate
core (macos-latest)	Build wheel and source archive	2026-09-07T17:19:02.3213260Z creating dynamo_diff-0.1.0/case_studies/transformers_cache/captures/candidate/raw
core (macos-latest)	Build wheel and source archive	2026-09-07T17:19:02.3213850Z creating dynamo_diff-0.1.0/case_studies/transformers_cache/captures/candidate/report
core (macos-latest)	Build wheel and source archive	2026-09-07T17:19:02.3214550Z creating dynamo_diff-0.1.0/case_studies/transformers_cache/captures/candidate/report/-_-_-_-
core (macos-latest)	Build wheel and source archive	2026-09-07T17:19:02.3215180Z creating dynamo_diff-0.1.0/case_studies/transformers_cache/captures/candidate/report/-_0_0_0
core (macos-latest)	Build wheel and source archive	2026-09-07T17:19:02.3215800Z creating dynamo_diff-0.1.0/case_studies/transformers_cache/captures/candidate/report/-_0_1_0
core (macos-latest)	Build wheel and source archive	2026-09-07T17:19:02.3216400Z creating dynamo_diff-0.1.0/case_studies/transformers_cache/captures/candidate/sources
core (macos-latest)	Build wheel and source archive	2026-09-07T17:19:02.3217250Z creating dynamo_diff-0.1.0/case_studies/transformers_cache/captures/candidate/sources/torch/_dynamo
core (macos-latest)	Build wheel and source archive	2026-09-07T17:19:02.3217990Z creating dynamo_diff-0.1.0/case_studies/transformers_cache/captures/candidate/sources/torch/utils
core (macos-latest)	Build wheel and source archive	2026-09-07T17:19:02.3218590Z creating dynamo_diff-0.1.0/case_studies/transformers_cache/captures/candidate/sources/transformers
core (macos-latest)	Build wheel and source archive	2026-09-07T17:19:02.3219170Z creating dynamo_diff-0.1.0/case_studies/transformers_cache/captures/candidate/sources/transformers/generation
core (macos-latest)	Build wheel and source archive	2026-09-07T17:19:02.3219890Z creating dynamo_diff-0.1.0/case_studies/transformers_cache/captures/candidate/sources/transformers/models/llama
core (macos-latest)	Build wheel and source archive	2026-09-07T17:19:02.3220910Z creating dynamo_diff-0.1.0/case_studies/transformers_cache/captures/candidate/sources/transformers/utils
core (macos-latest)	Build wheel and source archive	2026-09-07T17:19:02.3221310Z creating dynamo_diff-0.1.0/docs
core (macos-latest)	Build wheel and source archive	2026-09-07T17:19:02.3221520Z creating dynamo_diff-0.1.0/docs/licenses
core (macos-latest)	Build wheel and source archive	2026-09-07T17:19:02.3221760Z creating dynamo_diff-0.1.0/docs/schemas
core (macos-latest)	Build wheel and source archive	2026-09-07T17:19:02.3222030Z creating dynamo_diff-0.1.0/fixtures
core (macos-latest)	Build wheel and source archive	2026-09-07T17:19:02.3222310Z creating dynamo_diff-0.1.0/fixtures/captures/backend_failure
core (macos-latest)	Build wheel and source archive	2026-09-07T17:19:02.3222650Z creating dynamo_diff-0.1.0/fixtures/captures/backend_failure/raw
core (macos-latest)	Build wheel and source archive	2026-09-07T17:19:02.3223030Z creating dynamo_diff-0.1.0/fixtures/captures/backend_failure/report
core (macos-latest)	Build wheel and source archive	2026-09-07T17:19:02.3223560Z creating dynamo_diff-0.1.0/fixtures/captures/backend_failure/report/-_-_-_-
core (macos-latest)	Build wheel and source archive	2026-09-07T17:19:02.3224050Z creating dynamo_diff-0.1.0/fixtures/captures/backend_failure/report/-_0_0_0
core (macos-latest)	Build wheel and source archive	2026-09-07T17:19:02.3224500Z creating dynamo_diff-0.1.0/fixtures/captures/backend_failure/sources
core (macos-latest)	Build wheel and source archive	2026-09-07T17:19:02.3224860Z creating dynamo_diff-0.1.0/fixtures/captures/dynamic
core (macos-latest)	Build wheel and source archive	2026-09-07T17:19:02.3225150Z creating dynamo_diff-0.1.0/fixtures/captures/dynamic/raw
core (macos-latest)	Build wheel and source archive	2026-09-07T17:19:02.3225560Z creating dynamo_diff-0.1.0/fixtures/captures/dynamic/report
core (macos-latest)	Build wheel and source archive	2026-09-07T17:19:02.3225930Z creating dynamo_diff-0.1.0/fixtures/captures/dynamic/report/-_-_-_-
core (macos-latest)	Build wheel and source archive	2026-09-07T17:19:02.3226350Z creating dynamo_diff-0.1.0/fixtures/captures/dynamic/report/-_0_0_0
core (macos-latest)	Build wheel and source archive	2026-09-07T17:19:02.3226790Z creating dynamo_diff-0.1.0/fixtures/captures/dynamic/report/-_0_1_0
core (macos-latest)	Build wheel and source archive	2026-09-07T17:19:02.3227140Z creating dynamo_diff-0.1.0/fixtures/captures/dynamic/sources
core (macos-latest)	Build wheel and source archive	2026-09-07T17:19:02.3227830Z creating dynamo_diff-0.1.0/fixtures/captures/edit_after
core (macos-latest)	Build wheel and source archive	2026-09-07T17:19:02.3228170Z creating dynamo_diff-0.1.0/fixtures/captures/edit_after/raw
core (macos-latest)	Build wheel and source archive	2026-09-07T17:19:02.3228510Z creating dynamo_diff-0.1.0/fixtures/captures/edit_after/report
core (macos-latest)	Build wheel and source archive	2026-09-07T17:19:02.3228960Z creating dynamo_diff-0.1.0/fixtures/captures/edit_after/report/-_-_-_-
core (macos-latest)	Build wheel and source archive	2026-09-07T17:19:02.3229390Z creating dynamo_diff-0.1.0/fixtures/captures/edit_after/report/-_0_0_0
core (macos-latest)	Build wheel and source archive	2026-09-07T17:19:02.3229820Z creating dynamo_diff-0.1.0/fixtures/captures/edit_after/report/-_1_0_0
core (macos-latest)	Build wheel and source archive	2026-09-07T17:19:02.3230210Z creating dynamo_diff-0.1.0/fixtures/captures/edit_after/sources
core (macos-latest)	Build wheel and source archive	2026-09-07T17:19:02.3231670Z creating dynamo_diff-0.1.0/fixtures/captures/edit_before
core (macos-latest)	Build wheel and source archive	2026-09-07T17:19:02.3232620Z creating dynamo_diff-0.1.0/fixtures/captures/edit_before/raw
core (macos-latest)	Build wheel and source archive	2026-09-07T17:19:02.3233560Z creating dynamo_diff-0.1.0/fixtures/captures/edit_before/report
core (macos-latest)	Build wheel and source archive	2026-09-07T17:19:02.3234620Z creating dynamo_diff-0.1.0/fixtures/captures/edit_before/report/-_-_-_-
core (macos-latest)	Build wheel and source archive	2026-09-07T17:19:02.3235740Z creating dynamo_diff-0.1.0/fixtures/captures/edit_before/report/-_0_0_0
core (macos-latest)	Build wheel and source archive	2026-09-07T17:19:02.3237300Z creating dynamo_diff-0.1.0/fixtures/captures/edit_before/report/-_0_1_0
core (macos-latest)	Build wheel and source archive	2026-09-07T17:19:02.3237920Z creating dynamo_diff-0.1.0/fixtures/captures/edit_before/report/-_0_2_0
core (macos-latest)	Build wheel and source archive	2026-09-07T17:19:02.3238810Z creating dynamo_diff-0.1.0/fixtures/captures/edit_before/sources
core (macos-latest)	Build wheel and source archive	2026-09-07T17:19:02.3239160Z creating dynamo_diff-0.1.0/fixtures/captures/grad
core (macos-latest)	Build wheel and source archive	2026-09-07T17:19:02.3239450Z creating dynamo_diff-0.1.0/fixtures/captures/grad/raw
core (macos-latest)	Build wheel and source archive	2026-09-07T17:19:02.3239750Z creating dynamo_diff-0.1.0/fixtures/captures/grad/report
core (macos-latest)	Build wheel and source archive	2026-09-07T17:19:02.3240110Z creating dynamo_diff-0.1.0/fixtures/captures/grad/report/-_-_-_-
core (macos-latest)	Build wheel and source archive	2026-09-07T17:19:02.3240460Z creating dynamo_diff-0.1.0/fixtures/captures/grad/report/-_0_0_0
core (macos-latest)	Build wheel and source archive	2026-09-07T17:19:02.3240840Z creating dynamo_diff-0.1.0/fixtures/captures/grad/report/-_0_1_0
core (macos-latest)	Build wheel and source archive	2026-09-07T17:19:02.3241180Z creating dynamo_diff-0.1.0/fixtures/captures/grad/sources
core (macos-latest)	Build wheel and source archive	2026-09-07T17:19:02.3241510Z creating dynamo_diff-0.1.0/fixtures/captures/graph_break
core (macos-latest)	Build wheel and source archive	2026-09-07T17:19:02.3242750Z creating dynamo_diff-0.1.0/fixtures/captures/graph_break/raw
core (macos-latest)	Build wheel and source archive	2026-09-07T17:19:02.3243730Z creating dynamo_diff-0.1.0/fixtures/captures/graph_break/report
core (macos-latest)	Build wheel and source archive	2026-09-07T17:19:02.3244730Z creating dynamo_diff-0.1.0/fixtures/captures/graph_break/report/-_-_-_-
core (macos-latest)	Build wheel and source archive	2026-09-07T17:19:02.3246520Z creating dynamo_diff-0.1.0/fixtures/captures/graph_break/report/-_0_0_0
core (macos-latest)	Build wheel and source archive	2026-09-07T17:19:02.3247610Z creating dynamo_diff-0.1.0/fixtures/captures/graph_break/report/-_0_0_1
core (macos-latest)	Build wheel and source archive	2026-09-07T17:19:02.3248810Z creating dynamo_diff-0.1.0/fixtures/captures/graph_break/report/-_1_0_0
core (macos-latest)	Build wheel and source archive	2026-09-07T17:19:02.3249910Z creating dynamo_diff-0.1.0/fixtures/captures/graph_break/sources
core (macos-latest)	Build wheel and source archive	2026-09-07T17:19:02.3250780Z creating dynamo_diff-0.1.0/fixtures/captures/identity
core (macos-latest)	Build wheel and source archive	2026-09-07T17:19:02.3251620Z creating dynamo_diff-0.1.0/fixtures/captures/identity/raw
core (macos-latest)	Build wheel and source archive	2026-09-07T17:19:02.3252550Z creating dynamo_diff-0.1.0/fixtures/captures/identity/report
core (macos-latest)	Build wheel and source archive	2026-09-07T17:19:02.3253500Z creating dynamo_diff-0.1.0/fixtures/captures/identity/report/-_-_-_-
core (macos-latest)	Build wheel and source archive	2026-09-07T17:19:02.3254550Z creating dynamo_diff-0.1.0/fixtures/captures/identity/report/-_0_0_0
core (macos-latest)	Build wheel and source archive	2026-09-07T17:19:02.3255570Z creating dynamo_diff-0.1.0/fixtures/captures/identity/report/-_0_1_0
core (macos-latest)	Build wheel and source archive	2026-09-07T17:19:02.3256650Z creating dynamo_diff-0.1.0/fixtures/captures/identity/report/-_0_2_0
core (macos-latest)	Build wheel and source archive	2026-09-07T17:19:02.3257660Z creating dynamo_diff-0.1.0/fixtures/captures/identity/sources
core (macos-latest)	Build wheel and source archive	2026-09-07T17:19:02.3258690Z creating dynamo_diff-0.1.0/fixtures/captures/identity_partitioned
core (macos-latest)	Build wheel and source archive	2026-09-07T17:19:02.3259720Z creating dynamo_diff-0.1.0/fixtures/captures/identity_partitioned/raw
core (macos-latest)	Build wheel and source archive	2026-09-07T17:19:02.3260780Z creating dynamo_diff-0.1.0/fixtures/captures/identity_partitioned/report
core (macos-latest)	Build wheel and source archive	2026-09-07T17:19:02.3261970Z creating dynamo_diff-0.1.0/fixtures/captures/identity_partitioned/report/-_-_-_-
core (macos-latest)	Build wheel and source archive	2026-09-07T17:19:02.3263140Z creating dynamo_diff-0.1.0/fixtures/captures/identity_partitioned/report/-_0_0_0
core (macos-latest)	Build wheel and source archive	2026-09-07T17:19:02.3264830Z creating dynamo_diff-0.1.0/fixtures/captures/identity_partitioned/report/-_0_1_0
core (macos-latest)	Build wheel and source archive	2026-09-07T17:19:02.3266220Z creating dynamo_diff-0.1.0/fixtures/captures/identity_partitioned/report/-_0_2_0
core (macos-latest)	Build wheel and source archive	2026-09-07T17:19:02.3267340Z creating dynamo_diff-0.1.0/fixtures/captures/identity_partitioned/sources
core (macos-latest)	Build wheel and source archive	2026-09-07T17:19:02.3268370Z creating dynamo_diff-0.1.0/fixtures/captures/limit
core (macos-latest)	Build wheel and source archive	2026-09-07T17:19:02.3269160Z creating dynamo_diff-0.1.0/fixtures/captures/limit/raw
core (macos-latest)	Build wheel and source archive	2026-09-07T17:19:02.3270040Z creating dynamo_diff-0.1.0/fixtures/captures/limit/report
core (macos-latest)	Build wheel and source archive	2026-09-07T17:19:02.3270980Z creating dynamo_diff-0.1.0/fixtures/captures/limit/report/-_-_-_-
core (macos-latest)	Build wheel and source archive	2026-09-07T17:19:02.3271950Z creating dynamo_diff-0.1.0/fixtures/captures/limit/report/-_0_0_0
core (macos-latest)	Build wheel and source archive	2026-09-07T17:19:02.3272900Z creating dynamo_diff-0.1.0/fixtures/captures/limit/report/-_0_1_0
core (macos-latest)	Build wheel and source archive	2026-09-07T17:19:02.3289300Z creating dynamo_diff-0.1.0/fixtures/captures/limit/report/-_0_2_0
core (macos-latest)	Build wheel and source archive	2026-09-07T17:19:02.3289720Z creating dynamo_diff-0.1.0/fixtures/captures/limit/sources
core (macos-latest)	Build wheel and source archive	2026-09-07T17:19:02.3290080Z creating dynamo_diff-0.1.0/fixtures/captures/multiple_guards
core (macos-latest)	Build wheel and source archive	2026-09-07T17:19:02.3290490Z creating dynamo_diff-0.1.0/fixtures/captures/multiple_guards/raw
core (macos-latest)	Build wheel and source archive	2026-09-07T17:19:02.3290910Z creating dynamo_diff-0.1.0/fixtures/captures/multiple_guards/report
core (macos-latest)	Build wheel and source archive	2026-09-07T17:19:02.3291320Z creating dynamo_diff-0.1.0/fixtures/captures/multiple_guards/report/-_-_-_-
core (macos-latest)	Build wheel and source archive	2026-09-07T17:19:02.3291740Z creating dynamo_diff-0.1.0/fixtures/captures/multiple_guards/report/-_0_0_0
core (macos-latest)	Build wheel and source archive	2026-09-07T17:19:02.3292150Z creating dynamo_diff-0.1.0/fixtures/captures/multiple_guards/report/-_0_1_0
core (macos-latest)	Build wheel and source archive	2026-09-07T17:19:02.3292640Z creating dynamo_diff-0.1.0/fixtures/captures/multiple_guards/report/-_0_2_0
core (macos-latest)	Build wheel and source archive	2026-09-07T17:19:02.3293120Z creating dynamo_diff-0.1.0/fixtures/captures/multiple_guards/sources
core (macos-latest)	Build wheel and source archive	2026-09-07T17:19:02.3293440Z creating dynamo_diff-0.1.0/fixtures/captures/no_graph
core (macos-latest)	Build wheel and source archive	2026-09-07T17:19:02.3293740Z creating dynamo_diff-0.1.0/fixtures/captures/no_graph/raw
core (macos-latest)	Build wheel and source archive	2026-09-07T17:19:02.3294050Z creating dynamo_diff-0.1.0/fixtures/captures/no_graph/report
core (macos-latest)	Build wheel and source archive	2026-09-07T17:19:02.3294480Z creating dynamo_diff-0.1.0/fixtures/captures/no_graph/report/-_-_-_-
core (macos-latest)	Build wheel and source archive	2026-09-07T17:19:02.3294870Z creating dynamo_diff-0.1.0/fixtures/captures/no_graph/report/-_0_0_0
core (macos-latest)	Build wheel and source archive	2026-09-07T17:19:02.3295220Z creating dynamo_diff-0.1.0/fixtures/captures/no_graph/sources
core (macos-latest)	Build wheel and source archive	2026-09-07T17:19:02.3295830Z creating dynamo_diff-0.1.0/fixtures/captures/scalar
core (macos-latest)	Build wheel and source archive	2026-09-07T17:19:02.3296180Z creating dynamo_diff-0.1.0/fixtures/captures/scalar/raw
core (macos-latest)	Build wheel and source archive	2026-09-07T17:19:02.3296510Z creating dynamo_diff-0.1.0/fixtures/captures/scalar/report
core (macos-latest)	Build wheel and source archive	2026-09-07T17:19:02.3296850Z creating dynamo_diff-0.1.0/fixtures/captures/scalar/report/-_-_-_-
core (macos-latest)	Build wheel and source archive	2026-09-07T17:19:02.3297260Z creating dynamo_diff-0.1.0/fixtures/captures/scalar/report/-_0_0_0
core (macos-latest)	Build wheel and source archive	2026-09-07T17:19:02.3298070Z creating dynamo_diff-0.1.0/fixtures/captures/scalar/report/-_0_1_0
core (macos-latest)	Build wheel and source archive	2026-09-07T17:19:02.3298490Z creating dynamo_diff-0.1.0/fixtures/captures/scalar/sources
core (macos-latest)	Build wheel and source archive	2026-09-07T17:19:02.3298800Z creating dynamo_diff-0.1.0/fixtures/captures/shape
core (macos-latest)	Build wheel and source archive	2026-09-07T17:19:02.3299110Z creating dynamo_diff-0.1.0/fixtures/captures/shape/raw
core (macos-latest)	Build wheel and source archive	2026-09-07T17:19:02.3299410Z creating dynamo_diff-0.1.0/fixtures/captures/shape/report
core (macos-latest)	Build wheel and source archive	2026-09-07T17:19:02.3299740Z creating dynamo_diff-0.1.0/fixtures/captures/shape/report/-_-_-_-
core (macos-latest)	Build wheel and source archive	2026-09-07T17:19:02.3300090Z creating dynamo_diff-0.1.0/fixtures/captures/shape/report/-_0_0_0
core (macos-latest)	Build wheel and source archive	2026-09-07T17:19:02.3300460Z creating dynamo_diff-0.1.0/fixtures/captures/shape/report/-_0_1_0
core (macos-latest)	Build wheel and source archive	2026-09-07T17:19:02.3300800Z creating dynamo_diff-0.1.0/fixtures/captures/shape/sources
core (macos-latest)	Build wheel and source archive	2026-09-07T17:19:02.3302010Z creating dynamo_diff-0.1.0/fixtures/captures/stable
core (macos-latest)	Build wheel and source archive	2026-09-07T17:19:02.3302440Z creating dynamo_diff-0.1.0/fixtures/captures/stable/raw
core (macos-latest)	Build wheel and source archive	2026-09-07T17:19:02.3302800Z creating dynamo_diff-0.1.0/fixtures/captures/stable/report
core (macos-latest)	Build wheel and source archive	2026-09-07T17:19:02.3303160Z creating dynamo_diff-0.1.0/fixtures/captures/stable/report/-_-_-_-
core (macos-latest)	Build wheel and source archive	2026-09-07T17:19:02.3303540Z creating dynamo_diff-0.1.0/fixtures/captures/stable/report/-_0_0_0
core (macos-latest)	Build wheel and source archive	2026-09-07T17:19:02.3304170Z creating dynamo_diff-0.1.0/fixtures/captures/stable/sources
core (macos-latest)	Build wheel and source archive	2026-09-07T17:19:02.3304520Z creating dynamo_diff-0.1.0/fixtures/workloads
core (macos-latest)	Build wheel and source archive	2026-09-07T17:19:02.3304760Z creating dynamo_diff-0.1.0/src/dynamo_diff
core (macos-latest)	Build wheel and source archive	2026-09-07T17:19:02.3305060Z creating dynamo_diff-0.1.0/src/dynamo_diff.egg-info
core (macos-latest)	Build wheel and source archive	2026-09-07T17:19:02.3305380Z creating dynamo_diff-0.1.0/src/dynamo_diff/adapters
core (macos-latest)	Build wheel and source archive	2026-09-07T17:19:02.3305660Z creating dynamo_diff-0.1.0/tests
core (macos-latest)	Build wheel and source archive	2026-09-07T17:19:02.3305900Z creating dynamo_diff-0.1.0/tools
core (macos-latest)	Build wheel and source archive	2026-09-07T17:19:02.3306110Z copying files to dynamo_diff-0.1.0...
core (macos-latest)	Build wheel and source archive	2026-09-07T17:19:02.3306330Z copying LICENSE -> dynamo_diff-0.1.0
core (macos-latest)	Build wheel and source archive	2026-09-07T17:19:02.3306580Z copying MANIFEST.in -> dynamo_diff-0.1.0
core (macos-latest)	Build wheel and source archive	2026-09-07T17:19:02.3306850Z copying README.md -> dynamo_diff-0.1.0
core (macos-latest)	Build wheel and source archive	2026-09-07T17:19:02.3307720Z copying pyproject.toml -> dynamo_diff-0.1.0
core (macos-latest)	Build wheel and source archive	2026-09-07T17:19:02.3308470Z copying requirements-case-study.lock -> dynamo_diff-0.1.0
core (macos-latest)	Build wheel and source archive	2026-09-07T17:19:02.3314240Z copying requirements-dev.lock -> dynamo_diff-0.1.0
core (macos-latest)	Build wheel and source archive	2026-09-07T17:19:02.3319620Z copying requirements-test.lock -> dynamo_diff-0.1.0
core (macos-latest)	Build wheel and source archive	2026-09-07T17:19:02.3321870Z copying .github/workflows/ci.yml -> dynamo_diff-0.1.0/.github/workflows
core (macos-latest)	Build wheel and source archive	2026-09-07T17:19:02.3325890Z copying artifacts/demo/cli-002/receipt.json -> dynamo_diff-0.1.0/artifacts/demo/cli-002
core (macos-latest)	Build wheel and source archive	2026-09-07T17:19:02.3334300Z copying artifacts/demo/cli-002/transcript.txt -> dynamo_diff-0.1.0/artifacts/demo/cli-002
core (macos-latest)	Build wheel and source archive	2026-09-07T17:19:02.3338510Z copying artifacts/demo/cli-002/walkthrough.cast -> dynamo_diff-0.1.0/artifacts/demo/cli-002
core (macos-latest)	Build wheel and source archive	2026-09-07T17:19:02.3344120Z copying artifacts/demo/cli-003/receipt.json -> dynamo_diff-0.1.0/artifacts/demo/cli-003
core (macos-latest)	Build wheel and source archive	2026-09-07T17:19:02.3350740Z copying artifacts/demo/cli-003/transcript.txt -> dynamo_diff-0.1.0/artifacts/demo/cli-003
core (macos-latest)	Build wheel and source archive	2026-09-07T17:19:02.3356860Z copying artifacts/demo/cli-003/walkthrough.cast -> dynamo_diff-0.1.0/artifacts/demo/cli-003
core (macos-latest)	Build wheel and source archive	2026-09-07T17:19:02.3361690Z copying benchmarks/check_regression.py -> dynamo_diff-0.1.0/benchmarks
core (macos-latest)	Build wheel and source archive	2026-09-07T17:19:02.3367400Z copying benchmarks/conversion_costs.py -> dynamo_diff-0.1.0/benchmarks
core (macos-latest)	Build wheel and source archive	2026-09-07T17:19:02.3370520Z copying benchmarks/import_scaling.py -> dynamo_diff-0.1.0/benchmarks
core (macos-latest)	Build wheel and source archive	2026-09-07T17:19:02.3377330Z copying benchmarks/agent_pilot/ANSWER_REVIEW.md -> dynamo_diff-0.1.0/benchmarks/agent_pilot
core (macos-latest)	Build wheel and source archive	2026-09-07T17:19:02.3381730Z copying benchmarks/agent_pilot/PROTOCOL.md -> dynamo_diff-0.1.0/benchmarks/agent_pilot
core (macos-latest)	Build wheel and source archive	2026-09-07T17:19:02.3385400Z copying benchmarks/agent_pilot/README.md -> dynamo_diff-0.1.0/benchmarks/agent_pilot
core (macos-latest)	Build wheel and source archive	2026-09-07T17:19:02.3388110Z copying benchmarks/agent_pilot/answer-key.json -> dynamo_diff-0.1.0/benchmarks/agent_pilot
core (macos-latest)	Build wheel and source archive	2026-09-07T17:19:02.3393090Z copying benchmarks/agent_pilot/diagnose_formatting.py -> dynamo_diff-0.1.0/benchmarks/agent_pilot
core (macos-latest)	Build wheel and source archive	2026-09-07T17:19:02.3400330Z copying benchmarks/agent_pilot/driver.py.in -> dynamo_diff-0.1.0/benchmarks/agent_pilot
core (macos-latest)	Build wheel and source archive	2026-09-07T17:19:02.3404960Z copying benchmarks/agent_pilot/generate.py -> dynamo_diff-0.1.0/benchmarks/agent_pilot
core (macos-latest)	Build wheel and source archive	2026-09-07T17:19:02.3410350Z copying benchmarks/agent_pilot/preflight.json -> dynamo_diff-0.1.0/benchmarks/agent_pilot
core (macos-latest)	Build wheel and source archive	2026-09-07T17:19:02.3412390Z copying benchmarks/agent_pilot/questions.json -> dynamo_diff-0.1.0/benchmarks/agent_pilot
core (macos-latest)	Build wheel and source archive	2026-09-07T17:19:02.3416940Z copying benchmarks/agent_pilot/run.py -> dynamo_diff-0.1.0/benchmarks/agent_pilot
core (macos-latest)	Build wheel and source archive	2026-09-07T17:19:02.3424790Z copying benchmarks/agent_pilot/score.py -> dynamo_diff-0.1.0/benchmarks/agent_pilot
core (macos-latest)	Build wheel and source archive	2026-09-07T17:19:02.3429740Z copying benchmarks/agent_pilot/test_formatting.py -> dynamo_diff-0.1.0/benchmarks/agent_pilot
core (macos-latest)	Build wheel and source archive	2026-09-07T17:19:02.3434080Z copying benchmarks/agent_pilot/test_harness.py -> dynamo_diff-0.1.0/benchmarks/agent_pilot
core (macos-latest)	Build wheel and source archive	2026-09-07T17:19:02.3439060Z copying benchmarks/agent_pilot/test_scoring.py -> dynamo_diff-0.1.0/benchmarks/agent_pilot
core (macos-latest)	Build wheel and source archive	2026-09-07T17:19:02.3443570Z copying benchmarks/agent_pilot/corpus/implementation-freeze.json -> dynamo_diff-0.1.0/benchmarks/agent_pilot/corpus
core (macos-latest)	Build wheel and source archive	2026-09-07T17:19:02.3446300Z copying benchmarks/agent_pilot/corpus/captures/q01/a/conversion.txt -> dynamo_diff-0.1.0/benchmarks/agent_pilot/corpus/captures/q01/a
core (macos-latest)	Build wheel and source archive	2026-09-07T17:19:02.3449330Z copying benchmarks/agent_pilot/corpus/captures/q01/a/manifest.json -> dynamo_diff-0.1.0/benchmarks/agent_pilot/corpus/captures/q01/a
core (macos-latest)	Build wheel and source archive	2026-09-07T17:19:02.3454230Z copying benchmarks/agent_pilot/corpus/captures/q01/a/stderr.txt -> dynamo_diff-0.1.0/benchmarks/agent_pilot/corpus/captures/q01/a
core (macos-latest)	Build wheel and source archive	2026-09-07T17:19:02.3460850Z copying benchmarks/agent_pilot/corpus/captures/q01/a/stdout.txt -> dynamo_diff-0.1.0/benchmarks/agent_pilot/corpus/captures/q01/a
core (macos-latest)	Build wheel and source archive	2026-09-07T17:19:02.3463160Z copying benchmarks/agent_pilot/corpus/captures/q01/a/workload-result.json -> dynamo_diff-0.1.0/benchmarks/agent_pilot/corpus/captures/q01/a
core (macos-latest)	Build wheel and source archive	2026-09-07T17:19:02.3466080Z copying benchmarks/agent_pilot/corpus/captures/q01/a/raw/trace.log -> dynamo_diff-0.1.0/benchmarks/agent_pilot/corpus/captures/q01/a/raw
core (macos-latest)	Build wheel and source archive	2026-09-07T17:19:02.3482520Z copying benchmarks/agent_pilot/corpus/captures/q01/a/report/chromium_events.json -> dynamo_diff-0.1.0/benchmarks/agent_pilot/corpus/captures/q01/a/report
core (macos-latest)	Build wheel and source archive	2026-09-07T17:19:02.3489530Z copying benchmarks/agent_pilot/corpus/captures/q01/a/report/compile_directory.json -> dynamo_diff-0.1.0/benchmarks/agent_pilot/corpus/captures/q01/a/report
core (macos-latest)	Build wheel and source archive	2026-09-07T17:19:02.3495020Z copying benchmarks/agent_pilot/corpus/captures/q01/a/report/failures_and_restarts.html -> dynamo_diff-0.1.0/benchmarks/agent_pilot/corpus/captures/q01/a/report
core (macos-latest)	Build wheel and source archive	2026-09-07T17:19:02.3498640Z copying benchmarks/agent_pilot/corpus/captures/q01/a/report/index.html -> dynamo_diff-0.1.0/benchmarks/agent_pilot/corpus/captures/q01/a/report
core (macos-latest)	Build wheel and source archive	2026-09-07T17:19:02.3506950Z copying benchmarks/agent_pilot/corpus/captures/q01/a/report/raw.jsonl -> dynamo_diff-0.1.0/benchmarks/agent_pilot/corpus/captures/q01/a/report
core (macos-latest)	Build wheel and source archive	2026-09-07T17:19:02.3515940Z copying benchmarks/agent_pilot/corpus/captures/q01/a/report/raw.log -> dynamo_diff-0.1.0/benchmarks/agent_pilot/corpus/captures/q01/a/report
core (macos-latest)	Build wheel and source archive	2026-09-07T17:19:02.3525990Z copying benchmarks/agent_pilot/corpus/captures/q01/a/report/-_-_-_-/torch_version_0.json -> dynamo_diff-0.1.0/benchmarks/agent_pilot/corpus/captures/q01/a/report/-_-_-_-
core (macos-latest)	Build wheel and source archive	2026-09-07T17:19:02.3530190Z copying benchmarks/agent_pilot/corpus/captures/q01/a/report/-_0_0_0/compilation_metrics_3.html -> dynamo_diff-0.1.0/benchmarks/agent_pilot/corpus/captures/q01/a/report/-_0_0_0
core (macos-latest)	Build wheel and source archive	2026-09-07T17:19:02.3538490Z copying benchmarks/agent_pilot/corpus/captures/q01/a/report/-_0_0_0/dynamo_cpp_guards_str_2.txt -> dynamo_diff-0.1.0/benchmarks/agent_pilot/corpus/captures/q01/a/report/-_0_0_0
core (macos-latest)	Build wheel and source archive	2026-09-07T17:19:02.3543250Z copying benchmarks/agent_pilot/corpus/captures/q01/a/report/-_0_0_0/dynamo_output_graph_1.txt -> dynamo_diff-0.1.0/benchmarks/agent_pilot/corpus/captures/q01/a/report/-_0_0_0
core (macos-latest)	Build wheel and source archive	2026-09-07T17:19:02.3546000Z copying benchmarks/agent_pilot/corpus/captures/q01/a/report/-_0_1_0/compilation_metrics_7.html -> dynamo_diff-0.1.0/benchmarks/agent_pilot/corpus/captures/q01/a/report/-_0_1_0
core (macos-latest)	Build wheel and source archive	2026-09-07T17:19:02.3548630Z copying benchmarks/agent_pilot/corpus/captures/q01/a/report/-_0_1_0/dynamo_cpp_guards_str_6.txt -> dynamo_diff-0.1.0/benchmarks/agent_pilot/corpus/captures/q01/a/report/-_0_1_0
core (macos-latest)	Build wheel and source archive	2026-09-07T17:19:02.3552900Z copying benchmarks/agent_pilot/corpus/captures/q01/a/report/-_0_1_0/dynamo_output_graph_5.txt -> dynamo_diff-0.1.0/benchmarks/agent_pilot/corpus/captures/q01/a/report/-_0_1_0
core (macos-latest)	Build wheel and source archive	2026-09-07T17:19:02.3559230Z copying benchmarks/agent_pilot/corpus/captures/q01/a/report/-_0_1_0/recompile_reasons_4.json -> dynamo_diff-0.1.0/benchmarks/agent_pilot/corpus/captures/q01/a/report/-_0_1_0
core (macos-latest)	Build wheel and source archive	2026-09-07T17:19:02.3563970Z copying benchmarks/agent_pilot/corpus/captures/q01/a/sources/model.py -> dynamo_diff-0.1.0/benchmarks/agent_pilot/corpus/captures/q01/a/sources
core (macos-latest)	Build wheel and source archive	2026-09-07T17:19:02.3568310Z copying benchmarks/agent_pilot/corpus/captures/q02/a/conversion.txt -> dynamo_diff-0.1.0/benchmarks/agent_pilot/corpus/captures/q02/a
core (macos-latest)	Build wheel and source archive	2026-09-07T17:19:02.3575860Z copying benchmarks/agent_pilot/corpus/captures/q02/a/manifest.json -> dynamo_diff-0.1.0/benchmarks/agent_pilot/corpus/captures/q02/a
core (macos-latest)	Build wheel and source archive	2026-09-07T17:19:02.3578540Z copying benchmarks/agent_pilot/corpus/captures/q02/a/stderr.txt -> dynamo_diff-0.1.0/benchmarks/agent_pilot/corpus/captures/q02/a
core (macos-latest)	Build wheel and source archive	2026-09-07T17:19:02.3581850Z copying benchmarks/agent_pilot/corpus/captures/q02/a/stdout.txt -> dynamo_diff-0.1.0/benchmarks/agent_pilot/corpus/captures/q02/a
core (macos-latest)	Build wheel and source archive	2026-09-07T17:19:02.3583210Z copying benchmarks/agent_pilot/corpus/captures/q02/a/workload-result.json -> dynamo_diff-0.1.0/benchmarks/agent_pilot/corpus/captures/q02/a
core (macos-latest)	Build wheel and source archive	2026-09-07T17:19:02.3586260Z copying benchmarks/agent_pilot/corpus/captures/q02/a/raw/trace.log -> dynamo_diff-0.1.0/benchmarks/agent_pilot/corpus/captures/q02/a/raw
core (macos-latest)	Build wheel and source archive	2026-09-07T17:19:02.3605710Z copying benchmarks/agent_pilot/corpus/captures/q02/a/report/chromium_events.json -> dynamo_diff-0.1.0/benchmarks/agent_pilot/corpus/captures/q02/a/report
core (macos-latest)	Build wheel and source archive	2026-09-07T17:19:02.3610530Z copying benchmarks/agent_pilot/corpus/captures/q02/a/report/compile_directory.json -> dynamo_diff-0.1.0/benchmarks/agent_pilot/corpus/captures/q02/a/report
core (macos-latest)	Build wheel and source archive	2026-09-07T17:19:02.3616080Z copying benchmarks/agent_pilot/corpus/captures/q02/a/report/failures_and_restarts.html -> dynamo_diff-0.1.0/benchmarks/agent_pilot/corpus/captures/q02/a/report
core (macos-latest)	Build wheel and source archive	2026-09-07T17:19:02.3620340Z copying benchmarks/agent_pilot/corpus/captures/q02/a/report/index.html -> dynamo_diff-0.1.0/benchmarks/agent_pilot/corpus/captures/q02/a/report
core (macos-latest)	Build wheel and source archive	2026-09-07T17:19:02.3622560Z copying benchmarks/agent_pilot/corpus/captures/q02/a/report/raw.jsonl -> dynamo_diff-0.1.0/benchmarks/agent_pilot/corpus/captures/q02/a/report
core (macos-latest)	Build wheel and source archive	2026-09-07T17:19:02.3636260Z copying benchmarks/agent_pilot/corpus/captures/q02/a/report/raw.log -> dynamo_diff-0.1.0/benchmarks/agent_pilot/corpus/captures/q02/a/report
core (macos-latest)	Build wheel and source archive	2026-09-07T17:19:02.3650570Z copying benchmarks/agent_pilot/corpus/captures/q02/a/report/-_-_-_-/torch_version_0.json -> dynamo_diff-0.1.0/benchmarks/agent_pilot/corpus/captures/q02/a/report/-_-_-_-
core (macos-latest)	Build wheel and source archive	2026-09-07T17:19:02.3654390Z copying benchmarks/agent_pilot/corpus/captures/q02/a/report/-_0_0_0/compilation_metrics_3.html -> dynamo_diff-0.1.0/benchmarks/agent_pilot/corpus/captures/q02/a/report/-_0_0_0
core (macos-latest)	Build wheel and source archive	2026-09-07T17:19:02.3667280Z copying benchmarks/agent_pilot/corpus/captures/q02/a/report/-_0_0_0/dynamo_cpp_guards_str_2.txt -> dynamo_diff-0.1.0/benchmarks/agent_pilot/corpus/captures/q02/a/report/-_0_0_0
core (macos-latest)	Build wheel and source archive	2026-09-07T17:19:02.3668570Z copying benchmarks/agent_pilot/corpus/captures/q02/a/report/-_0_0_0/dynamo_output_graph_1.txt -> dynamo_diff-0.1.0/benchmarks/agent_pilot/corpus/captures/q02/a/report/-_0_0_0
core (macos-latest)	Build wheel and source archive	2026-09-07T17:19:02.3679090Z copying benchmarks/agent_pilot/corpus/captures/q02/a/report/-_0_1_0/compilation_metrics_7.html -> dynamo_diff-0.1.0/benchmarks/agent_pilot/corpus/captures/q02/a/report/-_0_1_0
core (macos-latest)	Build wheel and source archive	2026-09-07T17:19:02.3680470Z copying benchmarks/agent_pilot/corpus/captures/q02/a/report/-_0_1_0/dynamo_cpp_guards_str_6.txt -> dynamo_diff-0.1.0/benchmarks/agent_pilot/corpus/captures/q02/a/report/-_0_1_0
core (macos-latest)	Build wheel and source archive	2026-09-07T17:19:02.3687510Z copying benchmarks/agent_pilot/corpus/captures/q02/a/report/-_0_1_0/dynamo_output_graph_5.txt -> dynamo_diff-0.1.0/benchmarks/agent_pilot/corpus/captures/q02/a/report/-_0_1_0
core (macos-latest)	Build wheel and source archive	2026-09-07T17:19:02.3691230Z copying benchmarks/agent_pilot/corpus/captures/q02/a/report/-_0_1_0/recompile_reasons_4.json -> dynamo_diff-0.1.0/benchmarks/agent_pilot/corpus/captures/q02/a/report/-_0_1_0
core (macos-latest)	Build wheel and source archive	2026-09-07T17:19:02.3695240Z copying benchmarks/agent_pilot/corpus/captures/q02/a/report/-_0_2_0/compilation_metrics_11.html -> dynamo_diff-0.1.0/benchmarks/agent_pilot/corpus/captures/q02/a/report/-_0_2_0
core (macos-latest)	Build wheel and source archive	2026-09-07T17:19:02.3711310Z copying benchmarks/agent_pilot/corpus/captures/q02/a/report/-_0_2_0/dynamo_cpp_guards_str_10.txt -> dynamo_diff-0.1.0/benchmarks/agent_pilot/corpus/captures/q02/a/report/-_0_2_0
core (macos-latest)	Build wheel and source archive	2026-09-07T17:19:02.3716820Z copying benchmarks/agent_pilot/corpus/captures/q02/a/report/-_0_2_0/dynamo_output_graph_9.txt -> dynamo_diff-0.1.0/benchmarks/agent_pilot/corpus/captures/q02/a/report/-_0_2_0
core (macos-latest)	Build wheel and source archive	2026-09-07T17:19:02.3722440Z copying benchmarks/agent_pilot/corpus/captures/q02/a/report/-_0_2_0/recompile_reasons_8.json -> dynamo_diff-0.1.0/benchmarks/agent_pilot/corpus/captures/q02/a/report/-_0_2_0
core (macos-latest)	Build wheel and source archive	2026-09-07T17:19:02.3725630Z copying benchmarks/agent_pilot/corpus/captures/q02/a/sources/model.py -> dynamo_diff-0.1.0/benchmarks/agent_pilot/corpus/captures/q02/a/sources
core (macos-latest)	Build wheel and source archive	2026-09-07T17:19:02.3727860Z copying benchmarks/agent_pilot/corpus/captures/q03/a/conversion.txt -> dynamo_diff-0.1.0/benchmarks/agent_pilot/corpus/captures/q03/a
core (macos-latest)	Build wheel and source archive	2026-09-07T17:19:02.3734250Z copying benchmarks/agent_pilot/corpus/captures/q03/a/manifest.json -> dynamo_diff-0.1.0/benchmarks/agent_pilot/corpus/captures/q03/a
core (macos-latest)	Build wheel and source archive	2026-09-07T17:19:02.3738880Z copying benchmarks/agent_pilot/corpus/captures/q03/a/stderr.txt -> dynamo_diff-0.1.0/benchmarks/agent_pilot/corpus/captures/q03/a
core (macos-latest)	Build wheel and source archive	2026-09-07T17:19:02.3744390Z copying benchmarks/agent_pilot/corpus/captures/q03/a/stdout.txt -> dynamo_diff-0.1.0/benchmarks/agent_pilot/corpus/captures/q03/a
core (macos-latest)	Build wheel and source archive	2026-09-07T17:19:02.3746810Z copying benchmarks/agent_pilot/corpus/captures/q03/a/workload-result.json -> dynamo_diff-0.1.0/benchmarks/agent_pilot/corpus/captures/q03/a
core (macos-latest)	Build wheel and source archive	2026-09-07T17:19:02.3751130Z copying benchmarks/agent_pilot/corpus/captures/q03/a/raw/trace.log -> dynamo_diff-0.1.0/benchmarks/agent_pilot/corpus/captures/q03/a/raw
core (macos-latest)	Build wheel and source archive	2026-09-07T17:19:02.3767350Z copying benchmarks/agent_pilot/corpus/captures/q03/a/report/chromium_events.json -> dynamo_diff-0.1.0/benchmarks/agent_pilot/corpus/captures/q03/a/report
core (macos-latest)	Build wheel and source archive	2026-09-07T17:19:02.3775020Z copying benchmarks/agent_pilot/corpus/captures/q03/a/report/compile_directory.json -> dynamo_diff-0.1.0/benchmarks/agent_pilot/corpus/captures/q03/a/report
core (macos-latest)	Build wheel and source archive	2026-09-07T17:19:02.3779920Z copying benchmarks/agent_pilot/corpus/captures/q03/a/report/failures_and_restarts.html -> dynamo_diff-0.1.0/benchmarks/agent_pilot/corpus/captures/q03/a/report
core (macos-latest)	Build wheel and source archive	2026-09-07T17:19:02.3784620Z copying benchmarks/agent_pilot/corpus/captures/q03/a/report/index.html -> dynamo_diff-0.1.0/benchmarks/agent_pilot/corpus/captures/q03/a/report
core (macos-latest)	Build wheel and source archive	2026-09-07T17:19:02.3790650Z copying benchmarks/agent_pilot/corpus/captures/q03/a/report/raw.jsonl -> dynamo_diff-0.1.0/benchmarks/agent_pilot/corpus/captures/q03/a/report
core (macos-latest)	Build wheel and source archive	2026-09-07T17:19:02.3805250Z copying benchmarks/agent_pilot/corpus/captures/q03/a/report/raw.log -> dynamo_diff-0.1.0/benchmarks/agent_pilot/corpus/captures/q03/a/report
core (macos-latest)	Build wheel and source archive	2026-09-07T17:19:02.3818750Z copying benchmarks/agent_pilot/corpus/captures/q03/a/report/-_-_-_-/torch_version_0.json -> dynamo_diff-0.1.0/benchmarks/agent_pilot/corpus/captures/q03/a/report/-_-_-_-
core (macos-latest)	Build wheel and source archive	2026-09-07T17:19:02.3822650Z copying benchmarks/agent_pilot/corpus/captures/q03/a/report/-_0_0_0/compilation_metrics_3.html -> dynamo_diff-0.1.0/benchmarks/agent_pilot/corpus/captures/q03/a/report/-_0_0_0
core (macos-latest)	Build wheel and source archive	2026-09-07T17:19:02.3825420Z copying benchmarks/agent_pilot/corpus/captures/q03/a/report/-_0_0_0/dynamo_cpp_guards_str_2.txt -> dynamo_diff-0.1.0/benchmarks/agent_pilot/corpus/captures/q03/a/report/-_0_0_0
core (macos-latest)	Build wheel and source archive	2026-09-07T17:19:02.3828470Z copying benchmarks/agent_pilot/corpus/captures/q03/a/report/-_0_0_0/dynamo_output_graph_1.txt -> dynamo_diff-0.1.0/benchmarks/agent_pilot/corpus/captures/q03/a/report/-_0_0_0
core (macos-latest)	Build wheel and source archive	2026-09-07T17:19:02.3834650Z copying benchmarks/agent_pilot/corpus/captures/q03/a/report/-_0_1_0/compilation_metrics_7.html -> dynamo_diff-0.1.0/benchmarks/agent_pilot/corpus/captures/q03/a/report/-_0_1_0
core (macos-latest)	Build wheel and source archive	2026-09-07T17:19:02.3840280Z copying benchmarks/agent_pilot/corpus/captures/q03/a/report/-_0_1_0/dynamo_cpp_guards_str_6.txt -> dynamo_diff-0.1.0/benchmarks/agent_pilot/corpus/captures/q03/a/report/-_0_1_0
core (macos-latest)	Build wheel and source archive	2026-09-07T17:19:02.3842300Z copying benchmarks/agent_pilot/corpus/captures/q03/a/report/-_0_1_0/dynamo_output_graph_5.txt -> dynamo_diff-0.1.0/benchmarks/agent_pilot/corpus/captures/q03/a/report/-_0_1_0
core (macos-latest)	Build wheel and source archive	2026-09-07T17:19:02.3846190Z copying benchmarks/agent_pilot/corpus/captures/q03/a/report/-_0_1_0/recompile_reasons_4.json -> dynamo_diff-0.1.0/benchmarks/agent_pilot/corpus/captures/q03/a/report/-_0_1_0
core (macos-latest)	Build wheel and source archive	2026-09-07T17:19:02.3847440Z copying benchmarks/agent_pilot/corpus/captures/q03/a/report/-_0_2_0/compilation_metrics_11.html -> dynamo_diff-0.1.0/benchmarks/agent_pilot/corpus/captures/q03/a/report/-_0_2_0
core (macos-latest)	Build wheel and source archive	2026-09-07T17:19:02.3852270Z copying benchmarks/agent_pilot/corpus/captures/q03/a/report/-_0_2_0/dynamo_cpp_guards_str_10.txt -> dynamo_diff-0.1.0/benchmarks/agent_pilot/corpus/captures/q03/a/report/-_0_2_0
core (macos-latest)	Build wheel and source archive	2026-09-07T17:19:02.3856720Z copying benchmarks/agent_pilot/corpus/captures/q03/a/report/-_0_2_0/dynamo_output_graph_9.txt -> dynamo_diff-0.1.0/benchmarks/agent_pilot/corpus/captures/q03/a/report/-_0_2_0
core (macos-latest)	Build wheel and source archive	2026-09-07T17:19:02.3860610Z copying benchmarks/agent_pilot/corpus/captures/q03/a/report/-_0_2_0/recompile_reasons_8.json -> dynamo_diff-0.1.0/benchmarks/agent_pilot/corpus/captures/q03/a/report/-_0_2_0
core (macos-latest)	Build wheel and source archive	2026-09-07T17:19:02.3863750Z copying benchmarks/agent_pilot/corpus/captures/q03/a/sources/model.py -> dynamo_diff-0.1.0/benchmarks/agent_pilot/corpus/captures/q03/a/sources
core (macos-latest)	Build wheel and source archive	2026-09-07T17:19:02.3867710Z copying benchmarks/agent_pilot/corpus/captures/q03/b/conversion.txt -> dynamo_diff-0.1.0/benchmarks/agent_pilot/corpus/captures/q03/b
core (macos-latest)	Build wheel and source archive	2026-09-07T17:19:02.3873810Z copying benchmarks/agent_pilot/corpus/captures/q03/b/manifest.json -> dynamo_diff-0.1.0/benchmarks/agent_pilot/corpus/captures/q03/b
core (macos-latest)	Build wheel and source archive	2026-09-07T17:19:02.3878340Z copying benchmarks/agent_pilot/corpus/captures/q03/b/stderr.txt -> dynamo_diff-0.1.0/benchmarks/agent_pilot/corpus/captures/q03/b
core (macos-latest)	Build wheel and source archive	2026-09-07T17:19:02.3880700Z copying benchmarks/agent_pilot/corpus/captures/q03/b/stdout.txt -> dynamo_diff-0.1.0/benchmarks/agent_pilot/corpus/captures/q03/b
core (macos-latest)	Build wheel and source archive	2026-09-07T17:19:02.3882960Z copying benchmarks/agent_pilot/corpus/captures/q03/b/workload-result.json -> dynamo_diff-0.1.0/benchmarks/agent_pilot/corpus/captures/q03/b
core (macos-latest)	Build wheel and source archive	2026-09-07T17:19:02.3888050Z copying benchmarks/agent_pilot/corpus/captures/q03/b/raw/trace.log -> dynamo_diff-0.1.0/benchmarks/agent_pilot/corpus/captures/q03/b/raw
core (macos-latest)	Build wheel and source archive	2026-09-07T17:19:02.3894780Z copying benchmarks/agent_pilot/corpus/captures/q03/b/report/chromium_events.json -> dynamo_diff-0.1.0/benchmarks/agent_pilot/corpus/captures/q03/b/report
core (macos-latest)	Build wheel and source archive	2026-09-07T17:19:02.3900420Z copying benchmarks/agent_pilot/corpus/captures/q03/b/report/compile_directory.json -> dynamo_diff-0.1.0/benchmarks/agent_pilot/corpus/captures/q03/b/report
core (macos-latest)	Build wheel and source archive	2026-09-07T17:19:02.3906220Z copying benchmarks/agent_pilot/corpus/captures/q03/b/report/failures_and_restarts.html -> dynamo_diff-0.1.0/benchmarks/agent_pilot/corpus/captures/q03/b/report
core (macos-latest)	Build wheel and source archive	2026-09-07T17:19:02.3911710Z copying benchmarks/agent_pilot/corpus/captures/q03/b/report/index.html -> dynamo_diff-0.1.0/benchmarks/agent_pilot/corpus/captures/q03/b/report
core (macos-latest)	Build wheel and source archive	2026-09-07T17:19:02.3917500Z copying benchmarks/agent_pilot/corpus/captures/q03/b/report/raw.jsonl -> dynamo_diff-0.1.0/benchmarks/agent_pilot/corpus/captures/q03/b/report
core (macos-latest)	Build wheel and source archive	2026-09-07T17:19:02.3923280Z copying benchmarks/agent_pilot/corpus/captures/q03/b/report/raw.log -> dynamo_diff-0.1.0/benchmarks/agent_pilot/corpus/captures/q03/b/report
core (macos-latest)	Build wheel and source archive	2026-09-07T17:19:02.3929120Z copying benchmarks/agent_pilot/corpus/captures/q03/b/report/-_-_-_-/torch_version_0.json -> dynamo_diff-0.1.0/benchmarks/agent_pilot/corpus/captures/q03/b/report/-_-_-_-
core (macos-latest)	Build wheel and source archive	2026-09-07T17:19:02.3933340Z copying benchmarks/agent_pilot/corpus/captures/q03/b/report/-_0_0_0/compilation_metrics_3.html -> dynamo_diff-0.1.0/benchmarks/agent_pilot/corpus/captures/q03/b/report/-_0_0_0
core (macos-latest)	Build wheel and source archive	2026-09-07T17:19:02.3941740Z copying benchmarks/agent_pilot/corpus/captures/q03/b/report/-_0_0_0/dynamo_cpp_guards_str_2.txt -> dynamo_diff-0.1.0/benchmarks/agent_pilot/corpus/captures/q03/b/report/-_0_0_0
core (macos-latest)	Build wheel and source archive	2026-09-07T17:19:02.3947070Z copying benchmarks/agent_pilot/corpus/captures/q03/b/report/-_0_0_0/dynamo_output_graph_1.txt -> dynamo_diff-0.1.0/benchmarks/agent_pilot/corpus/captures/q03/b/report/-_0_0_0
core (macos-latest)	Build wheel and source archive	2026-09-07T17:19:02.3951360Z copying benchmarks/agent_pilot/corpus/captures/q03/b/sources/model.py -> dynamo_diff-0.1.0/benchmarks/agent_pilot/corpus/captures/q03/b/sources
core (macos-latest)	Build wheel and source archive	2026-09-07T17:19:02.3954000Z copying benchmarks/agent_pilot/corpus/captures/q04/a/conversion.txt -> dynamo_diff-0.1.0/benchmarks/agent_pilot/corpus/captures/q04/a
core (macos-latest)	Build wheel and source archive	2026-09-07T17:19:02.3958050Z copying benchmarks/agent_pilot/corpus/captures/q04/a/manifest.json -> dynamo_diff-0.1.0/benchmarks/agent_pilot/corpus/captures/q04/a
core (macos-latest)	Build wheel and source archive	2026-09-07T17:19:02.3960380Z copying benchmarks/agent_pilot/corpus/captures/q04/a/stderr.txt -> dynamo_diff-0.1.0/benchmarks/agent_pilot/corpus/captures/q04/a
core (macos-latest)	Build wheel and source archive	2026-09-07T17:19:02.3966190Z copying benchmarks/agent_pilot/corpus/captures/q04/a/stdout.txt -> dynamo_diff-0.1.0/benchmarks/agent_pilot/corpus/captures/q04/a
core (macos-latest)	Build wheel and source archive	2026-09-07T17:19:02.3969080Z copying benchmarks/agent_pilot/corpus/captures/q04/a/workload-result.json -> dynamo_diff-0.1.0/benchmarks/agent_pilot/corpus/captures/q04/a
core (macos-latest)	Build wheel and source archive	2026-09-07T17:19:02.3970450Z copying benchmarks/agent_pilot/corpus/captures/q04/a/raw/trace.log -> dynamo_diff-0.1.0/benchmarks/agent_pilot/corpus/captures/q04/a/raw
core (macos-latest)	Build wheel and source archive	2026-09-07T17:19:02.3978690Z copying benchmarks/agent_pilot/corpus/captures/q04/a/report/chromium_events.json -> dynamo_diff-0.1.0/benchmarks/agent_pilot/corpus/captures/q04/a/report
core (macos-latest)	Build wheel and source archive	2026-09-07T17:19:02.3988460Z copying benchmarks/agent_pilot/corpus/captures/q04/a/report/compile_directory.json -> dynamo_diff-0.1.0/benchmarks/agent_pilot/corpus/captures/q04/a/report
core (macos-latest)	Build wheel and source archive	2026-09-07T17:19:02.3993410Z copying benchmarks/agent_pilot/corpus/captures/q04/a/report/failures_and_restarts.html -> dynamo_diff-0.1.0/benchmarks/agent_pilot/corpus/captures/q04/a/report
core (macos-latest)	Build wheel and source archive	2026-09-07T17:19:02.3997870Z copying benchmarks/agent_pilot/corpus/captures/q04/a/report/index.html -> dynamo_diff-0.1.0/benchmarks/agent_pilot/corpus/captures/q04/a/report
core (macos-latest)	Build wheel and source archive	2026-09-07T17:19:02.4002770Z copying benchmarks/agent_pilot/corpus/captures/q04/a/report/raw.jsonl -> dynamo_diff-0.1.0/benchmarks/agent_pilot/corpus/captures/q04/a/report
core (macos-latest)	Build wheel and source archive	2026-09-07T17:19:02.4014750Z copying benchmarks/agent_pilot/corpus/captures/q04/a/report/raw.log -> dynamo_diff-0.1.0/benchmarks/agent_pilot/corpus/captures/q04/a/report
core (macos-latest)	Build wheel and source archive	2026-09-07T17:19:02.4024480Z copying benchmarks/agent_pilot/corpus/captures/q04/a/report/-_-_-_-/torch_version_0.json -> dynamo_diff-0.1.0/benchmarks/agent_pilot/corpus/captures/q04/a/report/-_-_-_-
core (macos-latest)	Build wheel and source archive	2026-09-07T17:19:02.4029530Z copying benchmarks/agent_pilot/corpus/captures/q04/a/report/-_0_0_0/compilation_metrics_3.html -> dynamo_diff-0.1.0/benchmarks/agent_pilot/corpus/captures/q04/a/report/-_0_0_0
core (macos-latest)	Build wheel and source archive	2026-09-07T17:19:02.4033980Z copying benchmarks/agent_pilot/corpus/captures/q04/a/report/-_0_0_0/dynamo_cpp_guards_str_2.txt -> dynamo_diff-0.1.0/benchmarks/agent_pilot/corpus/captures/q04/a/report/-_0_0_0
core (macos-latest)	Build wheel and source archive	2026-09-07T17:19:02.4038630Z copying benchmarks/agent_pilot/corpus/captures/q04/a/report/-_0_0_0/dynamo_output_graph_1.txt -> dynamo_diff-0.1.0/benchmarks/agent_pilot/corpus/captures/q04/a/report/-_0_0_0
core (macos-latest)	Build wheel and source archive	2026-09-07T17:19:02.4040580Z copying benchmarks/agent_pilot/corpus/captures/q04/a/report/-_0_1_0/compilation_metrics_7.html -> dynamo_diff-0.1.0/benchmarks/agent_pilot/corpus/captures/q04/a/report/-_0_1_0
core (macos-latest)	Build wheel and source archive	2026-09-07T17:19:02.4047720Z copying benchmarks/agent_pilot/corpus/captures/q04/a/report/-_0_1_0/dynamo_cpp_guards_str_6.txt -> dynamo_diff-0.1.0/benchmarks/agent_pilot/corpus/captures/q04/a/report/-_0_1_0
core (macos-latest)	Build wheel and source archive	2026-09-07T17:19:02.4052500Z copying benchmarks/agent_pilot/corpus/captures/q04/a/report/-_0_1_0/dynamo_output_graph_5.txt -> dynamo_diff-0.1.0/benchmarks/agent_pilot/corpus/captures/q04/a/report/-_0_1_0
core (macos-latest)	Build wheel and source archive	2026-09-07T17:19:02.4055260Z copying benchmarks/agent_pilot/corpus/captures/q04/a/report/-_0_1_0/recompile_reasons_4.json -> dynamo_diff-0.1.0/benchmarks/agent_pilot/corpus/captures/q04/a/report/-_0_1_0
core (macos-latest)	Build wheel and source archive	2026-09-07T17:19:02.4057830Z copying benchmarks/agent_pilot/corpus/captures/q04/a/sources/model.py -> dynamo_diff-0.1.0/benchmarks/agent_pilot/corpus/captures/q04/a/sources
core (macos-latest)	Build wheel and source archive	2026-09-07T17:19:02.4061740Z copying benchmarks/agent_pilot/corpus/captures/q04/b/conversion.txt -> dynamo_diff-0.1.0/benchmarks/agent_pilot/corpus/captures/q04/b
core (macos-latest)	Build wheel and source archive	2026-09-07T17:19:02.4064080Z copying benchmarks/agent_pilot/corpus/captures/q04/b/manifest.json -> dynamo_diff-0.1.0/benchmarks/agent_pilot/corpus/captures/q04/b
core (macos-latest)	Build wheel and source archive	2026-09-07T17:19:02.4067700Z copying benchmarks/agent_pilot/corpus/captures/q04/b/stderr.txt -> dynamo_diff-0.1.0/benchmarks/agent_pilot/corpus/captures/q04/b
core (macos-latest)	Build wheel and source archive	2026-09-07T17:19:02.4070780Z copying benchmarks/agent_pilot/corpus/captures/q04/b/stdout.txt -> dynamo_diff-0.1.0/benchmarks/agent_pilot/corpus/captures/q04/b
core (macos-latest)	Build wheel and source archive	2026-09-07T17:19:02.4071650Z copying benchmarks/agent_pilot/corpus/captures/q04/b/workload-result.json -> dynamo_diff-0.1.0/benchmarks/agent_pilot/corpus/captures/q04/b
core (macos-latest)	Build wheel and source archive	2026-09-07T17:19:02.4077670Z copying benchmarks/agent_pilot/corpus/captures/q04/b/raw/trace.log -> dynamo_diff-0.1.0/benchmarks/agent_pilot/corpus/captures/q04/b/raw
core (macos-latest)	Build wheel and source archive	2026-09-07T17:19:02.4084000Z copying benchmarks/agent_pilot/corpus/captures/q04/b/report/chromium_events.json -> dynamo_diff-0.1.0/benchmarks/agent_pilot/corpus/captures/q04/b/report
core (macos-latest)	Build wheel and source archive	2026-09-07T17:19:02.4088460Z copying benchmarks/agent_pilot/corpus/captures/q04/b/report/compile_directory.json -> dynamo_diff-0.1.0/benchmarks/agent_pilot/corpus/captures/q04/b/report
core (macos-latest)	Build wheel and source archive	2026-09-07T17:19:02.4093050Z copying benchmarks/agent_pilot/corpus/captures/q04/b/report/failures_and_restarts.html -> dynamo_diff-0.1.0/benchmarks/agent_pilot/corpus/captures/q04/b/report
core (macos-latest)	Build wheel and source archive	2026-09-07T17:19:02.4097720Z copying benchmarks/agent_pilot/corpus/captures/q04/b/report/index.html -> dynamo_diff-0.1.0/benchmarks/agent_pilot/corpus/captures/q04/b/report
core (macos-latest)	Build wheel and source archive	2026-09-07T17:19:02.4100300Z copying benchmarks/agent_pilot/corpus/captures/q04/b/report/raw.jsonl -> dynamo_diff-0.1.0/benchmarks/agent_pilot/corpus/captures/q04/b/report
core (macos-latest)	Build wheel and source archive	2026-09-07T17:19:02.4111860Z copying benchmarks/agent_pilot/corpus/captures/q04/b/report/raw.log -> dynamo_diff-0.1.0/benchmarks/agent_pilot/corpus/captures/q04/b/report
core (macos-latest)	Build wheel and source archive	2026-09-07T17:19:02.4119540Z copying benchmarks/agent_pilot/corpus/captures/q04/b/report/-_-_-_-/torch_version_0.json -> dynamo_diff-0.1.0/benchmarks/agent_pilot/corpus/captures/q04/b/report/-_-_-_-
core (macos-latest)	Build wheel and source archive	2026-09-07T17:19:02.4122230Z copying benchmarks/agent_pilot/corpus/captures/q04/b/report/-_0_0_0/compilation_metrics_3.html -> dynamo_diff-0.1.0/benchmarks/agent_pilot/corpus/captures/q04/b/report/-_0_0_0
core (macos-latest)	Build wheel and source archive	2026-09-07T17:19:02.4128680Z copying benchmarks/agent_pilot/corpus/captures/q04/b/report/-_0_0_0/dynamo_cpp_guards_str_2.txt -> dynamo_diff-0.1.0/benchmarks/agent_pilot/corpus/captures/q04/b/report/-_0_0_0
core (macos-latest)	Build wheel and source archive	2026-09-07T17:19:02.4133080Z copying benchmarks/agent_pilot/corpus/captures/q04/b/report/-_0_0_0/dynamo_output_graph_1.txt -> dynamo_diff-0.1.0/benchmarks/agent_pilot/corpus/captures/q04/b/report/-_0_0_0
core (macos-latest)	Build wheel and source archive	2026-09-07T17:19:02.4137880Z copying benchmarks/agent_pilot/corpus/captures/q04/b/sources/model.py -> dynamo_diff-0.1.0/benchmarks/agent_pilot/corpus/captures/q04/b/sources
core (macos-latest)	Build wheel and source archive	2026-09-07T17:19:02.4142300Z copying benchmarks/agent_pilot/corpus/captures/q05/a/conversion.txt -> dynamo_diff-0.1.0/benchmarks/agent_pilot/corpus/captures/q05/a
core (macos-latest)	Build wheel and source archive	2026-09-07T17:19:02.4146940Z copying benchmarks/agent_pilot/corpus/captures/q05/a/manifest.json -> dynamo_diff-0.1.0/benchmarks/agent_pilot/corpus/captures/q05/a
core (macos-latest)	Build wheel and source archive	2026-09-07T17:19:02.4151060Z copying benchmarks/agent_pilot/corpus/captures/q05/a/stderr.txt -> dynamo_diff-0.1.0/benchmarks/agent_pilot/corpus/captures/q05/a
core (macos-latest)	Build wheel and source archive	2026-09-07T17:19:02.4153110Z copying benchmarks/agent_pilot/corpus/captures/q05/a/stdout.txt -> dynamo_diff-0.1.0/benchmarks/agent_pilot/corpus/captures/q05/a
core (macos-latest)	Build wheel and source archive	2026-09-07T17:19:02.4154460Z copying benchmarks/agent_pilot/corpus/captures/q05/a/workload-result.json -> dynamo_diff-0.1.0/benchmarks/agent_pilot/corpus/captures/q05/a
core (macos-latest)	Build wheel and source archive	2026-09-07T17:19:02.4163280Z copying benchmarks/agent_pilot/corpus/captures/q05/a/raw/trace.log -> dynamo_diff-0.1.0/benchmarks/agent_pilot/corpus/captures/q05/a/raw
core (macos-latest)	Build wheel and source archive	2026-09-07T17:19:02.4172450Z copying benchmarks/agent_pilot/corpus/captures/q05/a/report/chromium_events.json -> dynamo_diff-0.1.0/benchmarks/agent_pilot/corpus/captures/q05/a/report
core (macos-latest)	Build wheel and source archive	2026-09-07T17:19:02.4176850Z copying benchmarks/agent_pilot/corpus/captures/q05/a/report/compile_directory.json -> dynamo_diff-0.1.0/benchmarks/agent_pilot/corpus/captures/q05/a/report
core (macos-latest)	Build wheel and source archive	2026-09-07T17:19:02.4179620Z copying benchmarks/agent_pilot/corpus/captures/q05/a/report/failures_and_restarts.html -> dynamo_diff-0.1.0/benchmarks/agent_pilot/corpus/captures/q05/a/report
core (macos-latest)	Build wheel and source archive	2026-09-07T17:19:02.4184270Z copying benchmarks/agent_pilot/corpus/captures/q05/a/report/index.html -> dynamo_diff-0.1.0/benchmarks/agent_pilot/corpus/captures/q05/a/report
core (macos-latest)	Build wheel and source archive	2026-09-07T17:19:02.4187330Z copying benchmarks/agent_pilot/corpus/captures/q05/a/report/raw.jsonl -> dynamo_diff-0.1.0/benchmarks/agent_pilot/corpus/captures/q05/a/report
core (macos-latest)	Build wheel and source archive	2026-09-07T17:19:02.4191630Z copying benchmarks/agent_pilot/corpus/captures/q05/a/report/raw.log -> dynamo_diff-0.1.0/benchmarks/agent_pilot/corpus/captures/q05/a/report
core (macos-latest)	Build wheel and source archive	2026-09-07T17:19:02.4199570Z copying benchmarks/agent_pilot/corpus/captures/q05/a/report/-_-_-_-/torch_version_0.json -> dynamo_diff-0.1.0/benchmarks/agent_pilot/corpus/captures/q05/a/report/-_-_-_-
core (macos-latest)	Build wheel and source archive	2026-09-07T17:19:02.4202370Z copying benchmarks/agent_pilot/corpus/captures/q05/a/report/-_0_0_0/compilation_metrics_3.html -> dynamo_diff-0.1.0/benchmarks/agent_pilot/corpus/captures/q05/a/report/-_0_0_0
core (macos-latest)	Build wheel and source archive	2026-09-07T17:19:02.4206610Z copying benchmarks/agent_pilot/corpus/captures/q05/a/report/-_0_0_0/dynamo_cpp_guards_str_2.txt -> dynamo_diff-0.1.0/benchmarks/agent_pilot/corpus/captures/q05/a/report/-_0_0_0
core (macos-latest)	Build wheel and source archive	2026-09-07T17:19:02.4213260Z copying benchmarks/agent_pilot/corpus/captures/q05/a/report/-_0_0_0/dynamo_output_graph_1.txt -> dynamo_diff-0.1.0/benchmarks/agent_pilot/corpus/captures/q05/a/report/-_0_0_0
core (macos-latest)	Build wheel and source archive	2026-09-07T17:19:02.4217530Z copying benchmarks/agent_pilot/corpus/captures/q05/a/sources/model.py -> dynamo_diff-0.1.0/benchmarks/agent_pilot/corpus/captures/q05/a/sources
core (macos-latest)	Build wheel and source archive	2026-09-07T17:19:02.4221720Z copying benchmarks/agent_pilot/corpus/captures/q05/b/conversion.txt -> dynamo_diff-0.1.0/benchmarks/agent_pilot/corpus/captures/q05/b
core (macos-latest)	Build wheel and source archive	2026-09-07T17:19:02.4226270Z copying benchmarks/agent_pilot/corpus/captures/q05/b/manifest.json -> dynamo_diff-0.1.0/benchmarks/agent_pilot/corpus/captures/q05/b
core (macos-latest)	Build wheel and source archive	2026-09-07T17:19:02.4231570Z copying benchmarks/agent_pilot/corpus/captures/q05/b/stderr.txt -> dynamo_diff-0.1.0/benchmarks/agent_pilot/corpus/captures/q05/b
core (macos-latest)	Build wheel and source archive	2026-09-07T17:19:02.4233640Z copying benchmarks/agent_pilot/corpus/captures/q05/b/stdout.txt -> dynamo_diff-0.1.0/benchmarks/agent_pilot/corpus/captures/q05/b
core (macos-latest)	Build wheel and source archive	2026-09-07T17:19:02.4235700Z copying benchmarks/agent_pilot/corpus/captures/q05/b/workload-result.json -> dynamo_diff-0.1.0/benchmarks/agent_pilot/corpus/captures/q05/b
core (macos-latest)	Build wheel and source archive	2026-09-07T17:19:02.4240700Z copying benchmarks/agent_pilot/corpus/captures/q05/b/raw/trace.log -> dynamo_diff-0.1.0/benchmarks/agent_pilot/corpus/captures/q05/b/raw
core (macos-latest)	Build wheel and source archive	2026-09-07T17:19:02.4253850Z copying benchmarks/agent_pilot/corpus/captures/q05/b/report/chromium_events.json -> dynamo_diff-0.1.0/benchmarks/agent_pilot/corpus/captures/q05/b/report
core (macos-latest)	Build wheel and source archive	2026-09-07T17:19:02.4258170Z copying benchmarks/agent_pilot/corpus/captures/q05/b/report/compile_directory.json -> dynamo_diff-0.1.0/benchmarks/agent_pilot/corpus/captures/q05/b/report
core (macos-latest)	Build wheel and source archive	2026-09-07T17:19:02.4261440Z copying benchmarks/agent_pilot/corpus/captures/q05/b/report/failures_and_restarts.html -> dynamo_diff-0.1.0/benchmarks/agent_pilot/corpus/captures/q05/b/report
core (macos-latest)	Build wheel and source archive	2026-09-07T17:19:02.4265350Z copying benchmarks/agent_pilot/corpus/captures/q05/b/report/index.html -> dynamo_diff-0.1.0/benchmarks/agent_pilot/corpus/captures/q05/b/report
core (macos-latest)	Build wheel and source archive	2026-09-07T17:19:02.4272430Z copying benchmarks/agent_pilot/corpus/captures/q05/b/report/raw.jsonl -> dynamo_diff-0.1.0/benchmarks/agent_pilot/corpus/captures/q05/b/report
core (macos-latest)	Build wheel and source archive	2026-09-07T17:19:02.4277370Z copying benchmarks/agent_pilot/corpus/captures/q05/b/report/raw.log -> dynamo_diff-0.1.0/benchmarks/agent_pilot/corpus/captures/q05/b/report
core (macos-latest)	Build wheel and source archive	2026-09-07T17:19:02.4283500Z copying benchmarks/agent_pilot/corpus/captures/q05/b/report/-_-_-_-/torch_version_0.json -> dynamo_diff-0.1.0/benchmarks/agent_pilot/corpus/captures/q05/b/report/-_-_-_-
core (macos-latest)	Build wheel and source archive	2026-09-07T17:19:02.4288220Z copying benchmarks/agent_pilot/corpus/captures/q05/b/report/-_0_0_0/compilation_metrics_3.html -> dynamo_diff-0.1.0/benchmarks/agent_pilot/corpus/captures/q05/b/report/-_0_0_0
core (macos-latest)	Build wheel and source archive	2026-09-07T17:19:02.4294270Z copying benchmarks/agent_pilot/corpus/captures/q05/b/report/-_0_0_0/dynamo_error_2.txt -> dynamo_diff-0.1.0/benchmarks/agent_pilot/corpus/captures/q05/b/report/-_0_0_0
core (macos-latest)	Build wheel and source archive	2026-09-07T17:19:02.4300980Z copying benchmarks/agent_pilot/corpus/captures/q05/b/report/-_0_0_0/dynamo_output_graph_1.txt -> dynamo_diff-0.1.0/benchmarks/agent_pilot/corpus/captures/q05/b/report/-_0_0_0
core (macos-latest)	Build wheel and source archive	2026-09-07T17:19:02.4305660Z copying benchmarks/agent_pilot/corpus/captures/q05/b/sources/model.py -> dynamo_diff-0.1.0/benchmarks/agent_pilot/corpus/captures/q05/b/sources
core (macos-latest)	Build wheel and source archive	2026-09-07T17:19:02.4309870Z copying benchmarks/agent_pilot/corpus/captures/q06/a/conversion.txt -> dynamo_diff-0.1.0/benchmarks/agent_pilot/corpus/captures/q06/a
core (macos-latest)	Build wheel and source archive	2026-09-07T17:19:02.4319650Z copying benchmarks/agent_pilot/corpus/captures/q06/a/manifest.json -> dynamo_diff-0.1.0/benchmarks/agent_pilot/corpus/captures/q06/a
core (macos-latest)	Build wheel and source archive	2026-09-07T17:19:02.4324790Z copying benchmarks/agent_pilot/corpus/captures/q06/a/stderr.txt -> dynamo_diff-0.1.0/benchmarks/agent_pilot/corpus/captures/q06/a
core (macos-latest)	Build wheel and source archive	2026-09-07T17:19:02.4330490Z copying benchmarks/agent_pilot/corpus/captures/q06/a/stdout.txt -> dynamo_diff-0.1.0/benchmarks/agent_pilot/corpus/captures/q06/a
core (macos-latest)	Build wheel and source archive	2026-09-07T17:19:02.4332570Z copying benchmarks/agent_pilot/corpus/captures/q06/a/workload-result.json -> dynamo_diff-0.1.0/benchmarks/agent_pilot/corpus/captures/q06/a
core (macos-latest)	Build wheel and source archive	2026-09-07T17:19:02.4335100Z copying benchmarks/agent_pilot/corpus/captures/q06/a/raw/trace.log -> dynamo_diff-0.1.0/benchmarks/agent_pilot/corpus/captures/q06/a/raw
core (macos-latest)	Build wheel and source archive	2026-09-07T17:19:02.4354620Z copying benchmarks/agent_pilot/corpus/captures/q06/a/report/chromium_events.json -> dynamo_diff-0.1.0/benchmarks/agent_pilot/corpus/captures/q06/a/report
core (macos-latest)	Build wheel and source archive	2026-09-07T17:19:02.4360160Z copying benchmarks/agent_pilot/corpus/captures/q06/a/report/compile_directory.json -> dynamo_diff-0.1.0/benchmarks/agent_pilot/corpus/captures/q06/a/report
core (macos-latest)	Build wheel and source archive	2026-09-07T17:19:02.4365650Z copying benchmarks/agent_pilot/corpus/captures/q06/a/report/failures_and_restarts.html -> dynamo_diff-0.1.0/benchmarks/agent_pilot/corpus/captures/q06/a/report
core (macos-latest)	Build wheel and source archive	2026-09-07T17:19:02.4368300Z copying benchmarks/agent_pilot/corpus/captures/q06/a/report/index.html -> dynamo_diff-0.1.0/benchmarks/agent_pilot/corpus/captures/q06/a/report
core (macos-latest)	Build wheel and source archive	2026-09-07T17:19:02.4375060Z copying benchmarks/agent_pilot/corpus/captures/q06/a/report/raw.jsonl -> dynamo_diff-0.1.0/benchmarks/agent_pilot/corpus/captures/q06/a/report
core (macos-latest)	Build wheel and source archive	2026-09-07T17:19:02.4387110Z copying benchmarks/agent_pilot/corpus/captures/q06/a/report/raw.log -> dynamo_diff-0.1.0/benchmarks/agent_pilot/corpus/captures/q06/a/report
core (macos-latest)	Build wheel and source archive	2026-09-07T17:19:02.4403530Z copying benchmarks/agent_pilot/corpus/captures/q06/a/report/-_-_-_-/torch_version_0.json -> dynamo_diff-0.1.0/benchmarks/agent_pilot/corpus/captures/q06/a/report/-_-_-_-
core (macos-latest)	Build wheel and source archive	2026-09-07T17:19:02.4406220Z copying benchmarks/agent_pilot/corpus/captures/q06/a/report/-_0_0_0/compilation_metrics_3.html -> dynamo_diff-0.1.0/benchmarks/agent_pilot/corpus/captures/q06/a/report/-_0_0_0
core (macos-latest)	Build wheel and source archive	2026-09-07T17:19:02.4411930Z copying benchmarks/agent_pilot/corpus/captures/q06/a/report/-_0_0_0/dynamo_cpp_guards_str_2.txt -> dynamo_diff-0.1.0/benchmarks/agent_pilot/corpus/captures/q06/a/report/-_0_0_0
core (macos-latest)	Build wheel and source archive	2026-09-07T17:19:02.4422020Z copying benchmarks/agent_pilot/corpus/captures/q06/a/report/-_0_0_0/dynamo_output_graph_1.txt -> dynamo_diff-0.1.0/benchmarks/agent_pilot/corpus/captures/q06/a/report/-_0_0_0
core (macos-latest)	Build wheel and source archive	2026-09-07T17:19:02.4427420Z copying benchmarks/agent_pilot/corpus/captures/q06/a/report/-_0_1_0/compilation_metrics_7.html -> dynamo_diff-0.1.0/benchmarks/agent_pilot/corpus/captures/q06/a/report/-_0_1_0
core (macos-latest)	Build wheel and source archive	2026-09-07T17:19:02.4431880Z copying benchmarks/agent_pilot/corpus/captures/q06/a/report/-_0_1_0/dynamo_cpp_guards_str_6.txt -> dynamo_diff-0.1.0/benchmarks/agent_pilot/corpus/captures/q06/a/report/-_0_1_0
core (macos-latest)	Build wheel and source archive	2026-09-07T17:19:02.4436330Z copying benchmarks/agent_pilot/corpus/captures/q06/a/report/-_0_1_0/dynamo_output_graph_5.txt -> dynamo_diff-0.1.0/benchmarks/agent_pilot/corpus/captures/q06/a/report/-_0_1_0
core (macos-latest)	Build wheel and source archive	2026-09-07T17:19:02.4440150Z copying benchmarks/agent_pilot/corpus/captures/q06/a/report/-_0_1_0/recompile_reasons_4.json -> dynamo_diff-0.1.0/benchmarks/agent_pilot/corpus/captures/q06/a/report/-_0_1_0
core (macos-latest)	Build wheel and source archive	2026-09-07T17:19:02.4445800Z copying benchmarks/agent_pilot/corpus/captures/q06/a/report/-_0_2_0/compilation_metrics_11.html -> dynamo_diff-0.1.0/benchmarks/agent_pilot/corpus/captures/q06/a/report/-_0_2_0
core (macos-latest)	Build wheel and source archive	2026-09-07T17:19:02.4450020Z copying benchmarks/agent_pilot/corpus/captures/q06/a/report/-_0_2_0/dynamo_cpp_guards_str_10.txt -> dynamo_diff-0.1.0/benchmarks/agent_pilot/corpus/captures/q06/a/report/-_0_2_0
core (macos-latest)	Build wheel and source archive	2026-09-07T17:19:02.4454450Z copying benchmarks/agent_pilot/corpus/captures/q06/a/report/-_0_2_0/dynamo_output_graph_9.txt -> dynamo_diff-0.1.0/benchmarks/agent_pilot/corpus/captures/q06/a/report/-_0_2_0
core (macos-latest)	Build wheel and source archive	2026-09-07T17:19:02.4459000Z copying benchmarks/agent_pilot/corpus/captures/q06/a/report/-_0_2_0/recompile_reasons_8.json -> dynamo_diff-0.1.0/benchmarks/agent_pilot/corpus/captures/q06/a/report/-_0_2_0
core (macos-latest)	Build wheel and source archive	2026-09-07T17:19:02.4461400Z copying benchmarks/agent_pilot/corpus/captures/q06/a/sources/model.py -> dynamo_diff-0.1.0/benchmarks/agent_pilot/corpus/captures/q06/a/sources
core (macos-latest)	Build wheel and source archive	2026-09-07T17:19:02.4464090Z copying benchmarks/agent_pilot/corpus/captures/q06/b/conversion.txt -> dynamo_diff-0.1.0/benchmarks/agent_pilot/corpus/captures/q06/b
core (macos-latest)	Build wheel and source archive	2026-09-07T17:19:02.4470360Z copying benchmarks/agent_pilot/corpus/captures/q06/b/manifest.json -> dynamo_diff-0.1.0/benchmarks/agent_pilot/corpus/captures/q06/b
core (macos-latest)	Build wheel and source archive	2026-09-07T17:19:02.4472750Z copying benchmarks/agent_pilot/corpus/captures/q06/b/stderr.txt -> dynamo_diff-0.1.0/benchmarks/agent_pilot/corpus/captures/q06/b
core (macos-latest)	Build wheel and source archive	2026-09-07T17:19:02.4480350Z copying benchmarks/agent_pilot/corpus/captures/q06/b/stdout.txt -> dynamo_diff-0.1.0/benchmarks/agent_pilot/corpus/captures/q06/b
core (macos-latest)	Build wheel and source archive	2026-09-07T17:19:02.4482550Z copying benchmarks/agent_pilot/corpus/captures/q06/b/workload-result.json -> dynamo_diff-0.1.0/benchmarks/agent_pilot/corpus/captures/q06/b
core (macos-latest)	Build wheel and source archive	2026-09-07T17:19:02.4484820Z copying benchmarks/agent_pilot/corpus/captures/q06/b/raw/trace.log -> dynamo_diff-0.1.0/benchmarks/agent_pilot/corpus/captures/q06/b/raw
core (macos-latest)	Build wheel and source archive	2026-09-07T17:19:02.4498960Z copying benchmarks/agent_pilot/corpus/captures/q06/b/report/chromium_events.json -> dynamo_diff-0.1.0/benchmarks/agent_pilot/corpus/captures/q06/b/report
core (macos-latest)	Build wheel and source archive	2026-09-07T17:19:02.4508300Z copying benchmarks/agent_pilot/corpus/captures/q06/b/report/compile_directory.json -> dynamo_diff-0.1.0/benchmarks/agent_pilot/corpus/captures/q06/b/report
core (macos-latest)	Build wheel and source archive	2026-09-07T17:19:02.4518040Z copying benchmarks/agent_pilot/corpus/captures/q06/b/report/failures_and_restarts.html -> dynamo_diff-0.1.0/benchmarks/agent_pilot/corpus/captures/q06/b/report
core (macos-latest)	Build wheel and source archive	2026-09-07T17:19:02.4520450Z copying benchmarks/agent_pilot/corpus/captures/q06/b/report/index.html -> dynamo_diff-0.1.0/benchmarks/agent_pilot/corpus/captures/q06/b/report
core (macos-latest)	Build wheel and source archive	2026-09-07T17:19:02.4525680Z copying benchmarks/agent_pilot/corpus/captures/q06/b/report/raw.jsonl -> dynamo_diff-0.1.0/benchmarks/agent_pilot/corpus/captures/q06/b/report
core (macos-latest)	Build wheel and source archive	2026-09-07T17:19:02.4540430Z copying benchmarks/agent_pilot/corpus/captures/q06/b/report/raw.log -> dynamo_diff-0.1.0/benchmarks/agent_pilot/corpus/captures/q06/b/report
core (macos-latest)	Build wheel and source archive	2026-09-07T17:19:02.4553680Z copying benchmarks/agent_pilot/corpus/captures/q06/b/report/-_-_-_-/torch_version_0.json -> dynamo_diff-0.1.0/benchmarks/agent_pilot/corpus/captures/q06/b/report/-_-_-_-
core (macos-latest)	Build wheel and source archive	2026-09-07T17:19:02.4558000Z copying benchmarks/agent_pilot/corpus/captures/q06/b/report/-_0_0_0/compilation_metrics_3.html -> dynamo_diff-0.1.0/benchmarks/agent_pilot/corpus/captures/q06/b/report/-_0_0_0
core (macos-latest)	Build wheel and source archive	2026-09-07T17:19:02.4563360Z copying benchmarks/agent_pilot/corpus/captures/q06/b/report/-_0_0_0/dynamo_cpp_guards_str_2.txt -> dynamo_diff-0.1.0/benchmarks/agent_pilot/corpus/captures/q06/b/report/-_0_0_0
core (macos-latest)	Build wheel and source archive	2026-09-07T17:19:02.4566410Z copying benchmarks/agent_pilot/corpus/captures/q06/b/report/-_0_0_0/dynamo_output_graph_1.txt -> dynamo_diff-0.1.0/benchmarks/agent_pilot/corpus/captures/q06/b/report/-_0_0_0
core (macos-latest)	Build wheel and source archive	2026-09-07T17:19:02.4571050Z copying benchmarks/agent_pilot/corpus/captures/q06/b/report/-_0_1_0/compilation_metrics_7.html -> dynamo_diff-0.1.0/benchmarks/agent_pilot/corpus/captures/q06/b/report/-_0_1_0
core (macos-latest)	Build wheel and source archive	2026-09-07T17:19:02.4577320Z copying benchmarks/agent_pilot/corpus/captures/q06/b/report/-_0_1_0/dynamo_cpp_guards_str_6.txt -> dynamo_diff-0.1.0/benchmarks/agent_pilot/corpus/captures/q06/b/report/-_0_1_0
core (macos-latest)	Build wheel and source archive	2026-09-07T17:19:02.4579960Z copying benchmarks/agent_pilot/corpus/captures/q06/b/report/-_0_1_0/dynamo_output_graph_5.txt -> dynamo_diff-0.1.0/benchmarks/agent_pilot/corpus/captures/q06/b/report/-_0_1_0
core (macos-latest)	Build wheel and source archive	2026-09-07T17:19:02.4582660Z copying benchmarks/agent_pilot/corpus/captures/q06/b/report/-_0_1_0/recompile_reasons_4.json -> dynamo_diff-0.1.0/benchmarks/agent_pilot/corpus/captures/q06/b/report/-_0_1_0
core (macos-latest)	Build wheel and source archive	2026-09-07T17:19:02.4586040Z copying benchmarks/agent_pilot/corpus/captures/q06/b/report/-_0_2_0/compilation_metrics_9.html -> dynamo_diff-0.1.0/benchmarks/agent_pilot/corpus/captures/q06/b/report/-_0_2_0
core (macos-latest)	Build wheel and source archive	2026-09-07T17:19:02.4589960Z copying benchmarks/agent_pilot/corpus/captures/q06/b/report/-_0_2_0/recompile_reasons_8.json -> dynamo_diff-0.1.0/benchmarks/agent_pilot/corpus/captures/q06/b/report/-_0_2_0
core (macos-latest)	Build wheel and source archive	2026-09-07T17:19:02.4592320Z copying benchmarks/agent_pilot/corpus/captures/q06/b/sources/model.py -> dynamo_diff-0.1.0/benchmarks/agent_pilot/corpus/captures/q06/b/sources
core (macos-latest)	Build wheel and source archive	2026-09-07T17:19:02.4594580Z copying benchmarks/agent_pilot/corpus/captures/q07/a/conversion.txt -> dynamo_diff-0.1.0/benchmarks/agent_pilot/corpus/captures/q07/a
core (macos-latest)	Build wheel and source archive	2026-09-07T17:19:02.4597030Z copying benchmarks/agent_pilot/corpus/captures/q07/a/manifest.json -> dynamo_diff-0.1.0/benchmarks/agent_pilot/corpus/captures/q07/a
core (macos-latest)	Build wheel and source archive	2026-09-07T17:19:02.4603510Z copying benchmarks/agent_pilot/corpus/captures/q07/a/raw/trace.log -> dynamo_diff-0.1.0/benchmarks/agent_pilot/corpus/captures/q07/a/raw
core (macos-latest)	Build wheel and source archive	2026-09-07T17:19:02.4615940Z copying benchmarks/agent_pilot/corpus/captures/q07/a/report/chromium_events.json -> dynamo_diff-0.1.0/benchmarks/agent_pilot/corpus/captures/q07/a/report
core (macos-latest)	Build wheel and source archive	2026-09-07T17:19:02.4618480Z copying benchmarks/agent_pilot/corpus/captures/q07/a/report/compile_directory.json -> dynamo_diff-0.1.0/benchmarks/agent_pilot/corpus/captures/q07/a/report
core (macos-latest)	Build wheel and source archive	2026-09-07T17:19:02.4623570Z copying benchmarks/agent_pilot/corpus/captures/q07/a/report/failures_and_restarts.html -> dynamo_diff-0.1.0/benchmarks/agent_pilot/corpus/captures/q07/a/report
core (macos-latest)	Build wheel and source archive	2026-09-07T17:19:02.4628280Z copying benchmarks/agent_pilot/corpus/captures/q07/a/report/index.html -> dynamo_diff-0.1.0/benchmarks/agent_pilot/corpus/captures/q07/a/report
core (macos-latest)	Build wheel and source archive	2026-09-07T17:19:02.4635450Z copying benchmarks/agent_pilot/corpus/captures/q07/a/report/raw.jsonl -> dynamo_diff-0.1.0/benchmarks/agent_pilot/corpus/captures/q07/a/report
core (macos-latest)	Build wheel and source archive	2026-09-07T17:19:02.4643830Z copying benchmarks/agent_pilot/corpus/captures/q07/a/report/raw.log -> dynamo_diff-0.1.0/benchmarks/agent_pilot/corpus/captures/q07/a/report
core (macos-latest)	Build wheel and source archive	2026-09-07T17:19:02.4650960Z copying benchmarks/agent_pilot/corpus/captures/q07/a/report/-_-_-_-/torch_version_0.json -> dynamo_diff-0.1.0/benchmarks/agent_pilot/corpus/captures/q07/a/report/-_-_-_-
core (macos-latest)	Build wheel and source archive	2026-09-07T17:19:02.4653900Z copying benchmarks/agent_pilot/corpus/captures/q07/a/report/-_0_0_0/compilation_metrics_3.html -> dynamo_diff-0.1.0/benchmarks/agent_pilot/corpus/captures/q07/a/report/-_0_0_0
core (macos-latest)	Build wheel and source archive	2026-09-07T17:19:02.4656920Z copying benchmarks/agent_pilot/corpus/captures/q07/a/report/-_0_0_0/dynamo_cpp_guards_str_2.txt -> dynamo_diff-0.1.0/benchmarks/agent_pilot/corpus/captures/q07/a/report/-_0_0_0
core (macos-latest)	Build wheel and source archive	2026-09-07T17:19:02.4659740Z copying benchmarks/agent_pilot/corpus/captures/q07/a/report/-_0_0_0/dynamo_output_graph_1.txt -> dynamo_diff-0.1.0/benchmarks/agent_pilot/corpus/captures/q07/a/report/-_0_0_0
core (macos-latest)	Build wheel and source archive	2026-09-07T17:19:02.4661580Z copying benchmarks/agent_pilot/corpus/captures/q07/a/sources/model.py -> dynamo_diff-0.1.0/benchmarks/agent_pilot/corpus/captures/q07/a/sources
core (macos-latest)	Build wheel and source archive	2026-09-07T17:19:02.4663470Z copying benchmarks/agent_pilot/corpus/captures/q08/a/conversion.txt -> dynamo_diff-0.1.0/benchmarks/agent_pilot/corpus/captures/q08/a
core (macos-latest)	Build wheel and source archive	2026-09-07T17:19:02.4666290Z copying benchmarks/agent_pilot/corpus/captures/q08/a/manifest.json -> dynamo_diff-0.1.0/benchmarks/agent_pilot/corpus/captures/q08/a
core (macos-latest)	Build wheel and source archive	2026-09-07T17:19:02.4674260Z copying benchmarks/agent_pilot/corpus/captures/q08/a/stderr.txt -> dynamo_diff-0.1.0/benchmarks/agent_pilot/corpus/captures/q08/a
core (macos-latest)	Build wheel and source archive	2026-09-07T17:19:02.4678400Z copying benchmarks/agent_pilot/corpus/captures/q08/a/stdout.txt -> dynamo_diff-0.1.0/benchmarks/agent_pilot/corpus/captures/q08/a
core (macos-latest)	Build wheel and source archive	2026-09-07T17:19:02.4679540Z copying benchmarks/agent_pilot/corpus/captures/q08/a/workload-result.json -> dynamo_diff-0.1.0/benchmarks/agent_pilot/corpus/captures/q08/a
core (macos-latest)	Build wheel and source archive	2026-09-07T17:19:02.4683810Z copying benchmarks/agent_pilot/corpus/captures/q08/a/raw/trace.log -> dynamo_diff-0.1.0/benchmarks/agent_pilot/corpus/captures/q08/a/raw
core (macos-latest)	Build wheel and source archive	2026-09-07T17:19:02.4700130Z copying benchmarks/agent_pilot/corpus/captures/q08/a/report/chromium_events.json -> dynamo_diff-0.1.0/benchmarks/agent_pilot/corpus/captures/q08/a/report
core (macos-latest)	Build wheel and source archive	2026-09-07T17:19:02.4706020Z copying benchmarks/agent_pilot/corpus/captures/q08/a/report/compile_directory.json -> dynamo_diff-0.1.0/benchmarks/agent_pilot/corpus/captures/q08/a/report
core (macos-latest)	Build wheel and source archive	2026-09-07T17:19:02.4711630Z copying benchmarks/agent_pilot/corpus/captures/q08/a/report/failures_and_restarts.html -> dynamo_diff-0.1.0/benchmarks/agent_pilot/corpus/captures/q08/a/report
core (macos-latest)	Build wheel and source archive	2026-09-07T17:19:02.4716170Z copying benchmarks/agent_pilot/corpus/captures/q08/a/report/index.html -> dynamo_diff-0.1.0/benchmarks/agent_pilot/corpus/captures/q08/a/report
core (macos-latest)	Build wheel and source archive	2026-09-07T17:19:02.4720620Z copying benchmarks/agent_pilot/corpus/captures/q08/a/report/raw.jsonl -> dynamo_diff-0.1.0/benchmarks/agent_pilot/corpus/captures/q08/a/report
core (macos-latest)	Build wheel and source archive	2026-09-07T17:19:02.4728890Z copying benchmarks/agent_pilot/corpus/captures/q08/a/report/raw.log -> dynamo_diff-0.1.0/benchmarks/agent_pilot/corpus/captures/q08/a/report
core (macos-latest)	Build wheel and source archive	2026-09-07T17:19:02.4738010Z copying benchmarks/agent_pilot/corpus/captures/q08/a/report/-_-_-_-/torch_version_0.json -> dynamo_diff-0.1.0/benchmarks/agent_pilot/corpus/captures/q08/a/report/-_-_-_-
core (macos-latest)	Build wheel and source archive	2026-09-07T17:19:02.4740350Z copying benchmarks/agent_pilot/corpus/captures/q08/a/report/-_0_0_0/dynamo_graph_break_reason_1.txt -> dynamo_diff-0.1.0/benchmarks/agent_pilot/corpus/captures/q08/a/report/-_0_0_0
core (macos-latest)	Build wheel and source archive	2026-09-07T17:19:02.4742660Z copying benchmarks/agent_pilot/corpus/captures/q08/a/report/-_0_0_1/compilation_metrics_4.html -> dynamo_diff-0.1.0/benchmarks/agent_pilot/corpus/captures/q08/a/report/-_0_0_1
core (macos-latest)	Build wheel and source archive	2026-09-07T17:19:02.4748220Z copying benchmarks/agent_pilot/corpus/captures/q08/a/report/-_0_0_1/dynamo_cpp_guards_str_3.txt -> dynamo_diff-0.1.0/benchmarks/agent_pilot/corpus/captures/q08/a/report/-_0_0_1
core (macos-latest)	Build wheel and source archive	2026-09-07T17:19:02.4753560Z copying benchmarks/agent_pilot/corpus/captures/q08/a/report/-_0_0_1/dynamo_output_graph_2.txt -> dynamo_diff-0.1.0/benchmarks/agent_pilot/corpus/captures/q08/a/report/-_0_0_1
core (macos-latest)	Build wheel and source archive	2026-09-07T17:19:02.4758340Z copying benchmarks/agent_pilot/corpus/captures/q08/a/report/-_1_0_0/compilation_metrics_9.html -> dynamo_diff-0.1.0/benchmarks/agent_pilot/corpus/captures/q08/a/report/-_1_0_0
core (macos-latest)	Build wheel and source archive	2026-09-07T17:19:02.4762870Z copying benchmarks/agent_pilot/corpus/captures/q08/a/report/-_1_0_0/dynamo_cpp_guards_str_8.txt -> dynamo_diff-0.1.0/benchmarks/agent_pilot/corpus/captures/q08/a/report/-_1_0_0
core (macos-latest)	Build wheel and source archive	2026-09-07T17:19:02.4768290Z copying benchmarks/agent_pilot/corpus/captures/q08/a/report/-_1_0_0/dynamo_output_graph_6.txt -> dynamo_diff-0.1.0/benchmarks/agent_pilot/corpus/captures/q08/a/report/-_1_0_0
core (macos-latest)	Build wheel and source archive	2026-09-07T17:19:02.4773020Z copying benchmarks/agent_pilot/corpus/captures/q08/a/report/-_1_0_0/torch_dynamo_resume_in_f_at_9_MODIFIED_BYTECODE_7.txt -> dynamo_diff-0.1.0/benchmarks/agent_pilot/corpus/captures/q08/a/report/-_1_0_0
core (macos-latest)	Build wheel and source archive	2026-09-07T17:19:02.4777480Z copying benchmarks/agent_pilot/corpus/captures/q08/a/report/-_1_0_0/torch_dynamo_resume_in_f_at_9_ORIGINAL_BYTECODE_5.txt -> dynamo_diff-0.1.0/benchmarks/agent_pilot/corpus/captures/q08/a/report/-_1_0_0
core (macos-latest)	Build wheel and source archive	2026-09-07T17:19:02.4781990Z copying benchmarks/agent_pilot/corpus/captures/q08/a/sources/model.py -> dynamo_diff-0.1.0/benchmarks/agent_pilot/corpus/captures/q08/a/sources
core (macos-latest)	Build wheel and source archive	2026-09-07T17:19:02.4785690Z copying benchmarks/agent_pilot/corpus/captures/q09/a/conversion.txt -> dynamo_diff-0.1.0/benchmarks/agent_pilot/corpus/captures/q09/a
core (macos-latest)	Build wheel and source archive	2026-09-07T17:19:02.4789140Z copying benchmarks/agent_pilot/corpus/captures/q09/a/manifest.json -> dynamo_diff-0.1.0/benchmarks/agent_pilot/corpus/captures/q09/a
core (macos-latest)	Build wheel and source archive	2026-09-07T17:19:02.4794060Z copying benchmarks/agent_pilot/corpus/captures/q09/a/stderr.txt -> dynamo_diff-0.1.0/benchmarks/agent_pilot/corpus/captures/q09/a
core (macos-latest)	Build wheel and source archive	2026-09-07T17:19:02.4799080Z copying benchmarks/agent_pilot/corpus/captures/q09/a/stdout.txt -> dynamo_diff-0.1.0/benchmarks/agent_pilot/corpus/captures/q09/a
core (macos-latest)	Build wheel and source archive	2026-09-07T17:19:02.4801200Z copying benchmarks/agent_pilot/corpus/captures/q09/a/workload-result.json -> dynamo_diff-0.1.0/benchmarks/agent_pilot/corpus/captures/q09/a
core (macos-latest)	Build wheel and source archive	2026-09-07T17:19:02.4805630Z copying benchmarks/agent_pilot/corpus/captures/q09/a/raw/trace.log -> dynamo_diff-0.1.0/benchmarks/agent_pilot/corpus/captures/q09/a/raw
core (macos-latest)	Build wheel and source archive	2026-09-07T17:19:02.4815860Z copying benchmarks/agent_pilot/corpus/captures/q09/a/report/chromium_events.json -> dynamo_diff-0.1.0/benchmarks/agent_pilot/corpus/captures/q09/a/report
core (macos-latest)	Build wheel and source archive	2026-09-07T17:19:02.4822870Z copying benchmarks/agent_pilot/corpus/captures/q09/a/report/compile_directory.json -> dynamo_diff-0.1.0/benchmarks/agent_pilot/corpus/captures/q09/a/report
core (macos-latest)	Build wheel and source archive	2026-09-07T17:19:02.4826520Z copying benchmarks/agent_pilot/corpus/captures/q09/a/report/failures_and_restarts.html -> dynamo_diff-0.1.0/benchmarks/agent_pilot/corpus/captures/q09/a/report
core (macos-latest)	Build wheel and source archive	2026-09-07T17:19:02.4830270Z copying benchmarks/agent_pilot/corpus/captures/q09/a/report/index.html -> dynamo_diff-0.1.0/benchmarks/agent_pilot/corpus/captures/q09/a/report
core (macos-latest)	Build wheel and source archive	2026-09-07T17:19:02.4836050Z copying benchmarks/agent_pilot/corpus/captures/q09/a/report/raw.jsonl -> dynamo_diff-0.1.0/benchmarks/agent_pilot/corpus/captures/q09/a/report
core (macos-latest)	Build wheel and source archive	2026-09-07T17:19:02.4851870Z copying benchmarks/agent_pilot/corpus/captures/q09/a/report/raw.log -> dynamo_diff-0.1.0/benchmarks/agent_pilot/corpus/captures/q09/a/report
core (macos-latest)	Build wheel and source archive	2026-09-07T17:19:02.4864890Z copying benchmarks/agent_pilot/corpus/captures/q09/a/report/-_-_-_-/torch_version_0.json -> dynamo_diff-0.1.0/benchmarks/agent_pilot/corpus/captures/q09/a/report/-_-_-_-
core (macos-latest)	Build wheel and source archive	2026-09-07T17:19:02.4867690Z copying benchmarks/agent_pilot/corpus/captures/q09/a/report/-_0_0_0/compilation_metrics_3.html -> dynamo_diff-0.1.0/benchmarks/agent_pilot/corpus/captures/q09/a/report/-_0_0_0
core (macos-latest)	Build wheel and source archive	2026-09-07T17:19:02.4872180Z copying benchmarks/agent_pilot/corpus/captures/q09/a/report/-_0_0_0/dynamo_cpp_guards_str_2.txt -> dynamo_diff-0.1.0/benchmarks/agent_pilot/corpus/captures/q09/a/report/-_0_0_0
core (macos-latest)	Build wheel and source archive	2026-09-07T17:19:02.4876990Z copying benchmarks/agent_pilot/corpus/captures/q09/a/report/-_0_0_0/dynamo_output_graph_1.txt -> dynamo_diff-0.1.0/benchmarks/agent_pilot/corpus/captures/q09/a/report/-_0_0_0
core (macos-latest)	Build wheel and source archive	2026-09-07T17:19:02.4882240Z copying benchmarks/agent_pilot/corpus/captures/q09/a/report/-_0_1_0/compilation_metrics_6.html -> dynamo_diff-0.1.0/benchmarks/agent_pilot/corpus/captures/q09/a/report/-_0_1_0
core (macos-latest)	Build wheel and source archive	2026-09-07T17:19:02.4888430Z copying benchmarks/agent_pilot/corpus/captures/q09/a/report/-_0_1_0/dynamo_cpp_guards_str_5.txt -> dynamo_diff-0.1.0/benchmarks/agent_pilot/corpus/captures/q09/a/report/-_0_1_0
core (macos-latest)	Build wheel and source archive	2026-09-07T17:19:02.4893090Z copying benchmarks/agent_pilot/corpus/captures/q09/a/report/-_0_1_0/dynamo_output_graph_4.txt -> dynamo_diff-0.1.0/benchmarks/agent_pilot/corpus/captures/q09/a/report/-_0_1_0
core (macos-latest)	Build wheel and source archive	2026-09-07T17:19:02.4895730Z copying benchmarks/agent_pilot/corpus/captures/q09/a/report/-_0_2_0/compilation_metrics_9.html -> dynamo_diff-0.1.0/benchmarks/agent_pilot/corpus/captures/q09/a/report/-_0_2_0
core (macos-latest)	Build wheel and source archive	2026-09-07T17:19:02.4901700Z copying benchmarks/agent_pilot/corpus/captures/q09/a/report/-_0_2_0/dynamo_cpp_guards_str_8.txt -> dynamo_diff-0.1.0/benchmarks/agent_pilot/corpus/captures/q09/a/report/-_0_2_0
core (macos-latest)	Build wheel and source archive	2026-09-07T17:19:02.4903730Z copying benchmarks/agent_pilot/corpus/captures/q09/a/report/-_0_2_0/dynamo_output_graph_7.txt -> dynamo_diff-0.1.0/benchmarks/agent_pilot/corpus/captures/q09/a/report/-_0_2_0
core (macos-latest)	Build wheel and source archive	2026-09-07T17:19:02.4907330Z copying benchmarks/agent_pilot/corpus/captures/q09/a/sources/model.py -> dynamo_diff-0.1.0/benchmarks/agent_pilot/corpus/captures/q09/a/sources
core (macos-latest)	Build wheel and source archive	2026-09-07T17:19:02.4912580Z copying benchmarks/agent_pilot/corpus/captures/q10/a/conversion.txt -> dynamo_diff-0.1.0/benchmarks/agent_pilot/corpus/captures/q10/a
core (macos-latest)	Build wheel and source archive	2026-09-07T17:19:02.4916650Z copying benchmarks/agent_pilot/corpus/captures/q10/a/manifest.json -> dynamo_diff-0.1.0/benchmarks/agent_pilot/corpus/captures/q10/a
core (macos-latest)	Build wheel and source archive	2026-09-07T17:19:02.4922490Z copying benchmarks/agent_pilot/corpus/captures/q10/a/stderr.txt -> dynamo_diff-0.1.0/benchmarks/agent_pilot/corpus/captures/q10/a
core (macos-latest)	Build wheel and source archive	2026-09-07T17:19:02.4927870Z copying benchmarks/agent_pilot/corpus/captures/q10/a/stdout.txt -> dynamo_diff-0.1.0/benchmarks/agent_pilot/corpus/captures/q10/a
core (macos-latest)	Build wheel and source archive	2026-09-07T17:19:02.4930630Z copying benchmarks/agent_pilot/corpus/captures/q10/a/workload-result.json -> dynamo_diff-0.1.0/benchmarks/agent_pilot/corpus/captures/q10/a
core (macos-latest)	Build wheel and source archive	2026-09-07T17:19:02.4933440Z copying benchmarks/agent_pilot/corpus/captures/q10/a/raw/trace.log -> dynamo_diff-0.1.0/benchmarks/agent_pilot/corpus/captures/q10/a/raw
core (macos-latest)	Build wheel and source archive	2026-09-07T17:19:02.4951420Z copying benchmarks/agent_pilot/corpus/captures/q10/a/report/chromium_events.json -> dynamo_diff-0.1.0/benchmarks/agent_pilot/corpus/captures/q10/a/report
core (macos-latest)	Build wheel and source archive	2026-09-07T17:19:02.4956410Z copying benchmarks/agent_pilot/corpus/captures/q10/a/report/compile_directory.json -> dynamo_diff-0.1.0/benchmarks/agent_pilot/corpus/captures/q10/a/report
core (macos-latest)	Build wheel and source archive	2026-09-07T17:19:02.4964020Z copying benchmarks/agent_pilot/corpus/captures/q10/a/report/failures_and_restarts.html -> dynamo_diff-0.1.0/benchmarks/agent_pilot/corpus/captures/q10/a/report
core (macos-latest)	Build wheel and source archive	2026-09-07T17:19:02.4968610Z copying benchmarks/agent_pilot/corpus/captures/q10/a/report/index.html -> dynamo_diff-0.1.0/benchmarks/agent_pilot/corpus/captures/q10/a/report
core (macos-latest)	Build wheel and source archive	2026-09-07T17:19:02.4972870Z copying benchmarks/agent_pilot/corpus/captures/q10/a/report/raw.jsonl -> dynamo_diff-0.1.0/benchmarks/agent_pilot/corpus/captures/q10/a/report
core (macos-latest)	Build wheel and source archive	2026-09-07T17:19:02.4987930Z copying benchmarks/agent_pilot/corpus/captures/q10/a/report/raw.log -> dynamo_diff-0.1.0/benchmarks/agent_pilot/corpus/captures/q10/a/report
core (macos-latest)	Build wheel and source archive	2026-09-07T17:19:02.5002680Z copying benchmarks/agent_pilot/corpus/captures/q10/a/report/-_-_-_-/torch_version_0.json -> dynamo_diff-0.1.0/benchmarks/agent_pilot/corpus/captures/q10/a/report/-_-_-_-
core (macos-latest)	Build wheel and source archive	2026-09-07T17:19:02.5007360Z copying benchmarks/agent_pilot/corpus/captures/q10/a/report/-_0_0_0/compilation_metrics_3.html -> dynamo_diff-0.1.0/benchmarks/agent_pilot/corpus/captures/q10/a/report/-_0_0_0
core (macos-latest)	Build wheel and source archive	2026-09-07T17:19:02.5010570Z copying benchmarks/agent_pilot/corpus/captures/q10/a/report/-_0_0_0/dynamo_cpp_guards_str_2.txt -> dynamo_diff-0.1.0/benchmarks/agent_pilot/corpus/captures/q10/a/report/-_0_0_0
core (macos-latest)	Build wheel and source archive	2026-09-07T17:19:02.5013200Z copying benchmarks/agent_pilot/corpus/captures/q10/a/report/-_0_0_0/dynamo_output_graph_1.txt -> dynamo_diff-0.1.0/benchmarks/agent_pilot/corpus/captures/q10/a/report/-_0_0_0
core (macos-latest)	Build wheel and source archive	2026-09-07T17:19:02.5016110Z copying benchmarks/agent_pilot/corpus/captures/q10/a/report/-_0_1_0/compilation_metrics_7.html -> dynamo_diff-0.1.0/benchmarks/agent_pilot/corpus/captures/q10/a/report/-_0_1_0
core (macos-latest)	Build wheel and source archive	2026-09-07T17:19:02.5019800Z copying benchmarks/agent_pilot/corpus/captures/q10/a/report/-_0_1_0/dynamo_cpp_guards_str_6.txt -> dynamo_diff-0.1.0/benchmarks/agent_pilot/corpus/captures/q10/a/report/-_0_1_0
core (macos-latest)	Build wheel and source archive	2026-09-07T17:19:02.5024450Z copying benchmarks/agent_pilot/corpus/captures/q10/a/report/-_0_1_0/dynamo_output_graph_5.txt -> dynamo_diff-0.1.0/benchmarks/agent_pilot/corpus/captures/q10/a/report/-_0_1_0
core (macos-latest)	Build wheel and source archive	2026-09-07T17:19:02.5030230Z copying benchmarks/agent_pilot/corpus/captures/q10/a/report/-_0_1_0/recompile_reasons_4.json -> dynamo_diff-0.1.0/benchmarks/agent_pilot/corpus/captures/q10/a/report/-_0_1_0
core (macos-latest)	Build wheel and source archive	2026-09-07T17:19:02.5032930Z copying benchmarks/agent_pilot/corpus/captures/q10/a/report/-_0_2_0/compilation_metrics_11.html -> dynamo_diff-0.1.0/benchmarks/agent_pilot/corpus/captures/q10/a/report/-_0_2_0
core (macos-latest)	Build wheel and source archive	2026-09-07T17:19:02.5038350Z copying benchmarks/agent_pilot/corpus/captures/q10/a/report/-_0_2_0/dynamo_cpp_guards_str_10.txt -> dynamo_diff-0.1.0/benchmarks/agent_pilot/corpus/captures/q10/a/report/-_0_2_0
core (macos-latest)	Build wheel and source archive	2026-09-07T17:19:02.5042840Z copying benchmarks/agent_pilot/corpus/captures/q10/a/report/-_0_2_0/dynamo_output_graph_9.txt -> dynamo_diff-0.1.0/benchmarks/agent_pilot/corpus/captures/q10/a/report/-_0_2_0
core (macos-latest)	Build wheel and source archive	2026-09-07T17:19:02.5049120Z copying benchmarks/agent_pilot/corpus/captures/q10/a/report/-_0_2_0/recompile_reasons_8.json -> dynamo_diff-0.1.0/benchmarks/agent_pilot/corpus/captures/q10/a/report/-_0_2_0
core (macos-latest)	Build wheel and source archive	2026-09-07T17:19:02.5051920Z copying benchmarks/agent_pilot/corpus/captures/q10/a/sources/model.py -> dynamo_diff-0.1.0/benchmarks/agent_pilot/corpus/captures/q10/a/sources
core (macos-latest)	Build wheel and source archive	2026-09-07T17:19:02.5054730Z copying benchmarks/agent_pilot/corpus/curator/q07/full-trace.log -> dynamo_diff-0.1.0/benchmarks/agent_pilot/corpus/curator/q07
core (macos-latest)	Build wheel and source archive	2026-09-07T17:19:02.5063840Z copying benchmarks/agent_pilot/corpus/curator/q07/workload-result.json -> dynamo_diff-0.1.0/benchmarks/agent_pilot/corpus/curator/q07
core (macos-latest)	Build wheel and source archive	2026-09-07T17:19:02.5066900Z copying benchmarks/agent_pilot/runs/run-001/activity-notes.jsonl -> dynamo_diff-0.1.0/benchmarks/agent_pilot/runs/run-001
core (macos-latest)	Build wheel and source archive	2026-09-07T17:19:02.5070180Z copying benchmarks/agent_pilot/runs/run-001/current.json -> dynamo_diff-0.1.0/benchmarks/agent_pilot/runs/run-001
core (macos-latest)	Build wheel and source archive	2026-09-07T17:19:02.5072530Z copying benchmarks/agent_pilot/runs/run-001/frozen-code-receipt.json -> dynamo_diff-0.1.0/benchmarks/agent_pilot/runs/run-001
core (macos-latest)	Build wheel and source archive	2026-09-07T17:19:02.5075440Z copying benchmarks/agent_pilot/runs/run-001/frozen-code.tar.gz -> dynamo_diff-0.1.0/benchmarks/agent_pilot/runs/run-001
core (macos-latest)	Build wheel and source archive	2026-09-07T17:19:02.5083730Z copying benchmarks/agent_pilot/runs/run-001/q01-dynamo-r1.json -> dynamo_diff-0.1.0/benchmarks/agent_pilot/runs/run-001
core (macos-latest)	Build wheel and source archive	2026-09-07T17:19:02.5087210Z copying benchmarks/agent_pilot/runs/run-001/q01-dynamo-r1.jsonl -> dynamo_diff-0.1.0/benchmarks/agent_pilot/runs/run-001
core (macos-latest)	Build wheel and source archive	2026-09-07T17:19:02.5093330Z copying benchmarks/agent_pilot/runs/run-001/q01-dynamo-r2.json -> dynamo_diff-0.1.0/benchmarks/agent_pilot/runs/run-001
core (macos-latest)	Build wheel and source archive	2026-09-07T17:19:02.5097940Z copying benchmarks/agent_pilot/runs/run-001/q01-dynamo-r2.jsonl -> dynamo_diff-0.1.0/benchmarks/agent_pilot/runs/run-001
core (macos-latest)	Build wheel and source archive	2026-09-07T17:19:02.5104610Z copying benchmarks/agent_pilot/runs/run-001/q01-raw-r1.json -> dynamo_diff-0.1.0/benchmarks/agent_pilot/runs/run-001
core (macos-latest)	Build wheel and source archive	2026-09-07T17:19:02.5109190Z copying benchmarks/agent_pilot/runs/run-001/q01-raw-r1.jsonl -> dynamo_diff-0.1.0/benchmarks/agent_pilot/runs/run-001
core (macos-latest)	Build wheel and source archive	2026-09-07T17:19:02.5116310Z copying benchmarks/agent_pilot/runs/run-001/q01-raw-r2.json -> dynamo_diff-0.1.0/benchmarks/agent_pilot/runs/run-001
core (macos-latest)	Build wheel and source archive	2026-09-07T17:19:02.5118420Z copying benchmarks/agent_pilot/runs/run-001/q01-raw-r2.jsonl -> dynamo_diff-0.1.0/benchmarks/agent_pilot/runs/run-001
core (macos-latest)	Build wheel and source archive	2026-09-07T17:19:02.5124790Z copying benchmarks/agent_pilot/runs/run-001/q01-tlparse-r1.json -> dynamo_diff-0.1.0/benchmarks/agent_pilot/runs/run-001
core (macos-latest)	Build wheel and source archive	2026-09-07T17:19:02.5128070Z copying benchmarks/agent_pilot/runs/run-001/q01-tlparse-r1.jsonl -> dynamo_diff-0.1.0/benchmarks/agent_pilot/runs/run-001
core (macos-latest)	Build wheel and source archive	2026-09-07T17:19:02.5136620Z copying benchmarks/agent_pilot/runs/run-001/q01-tlparse-r2.json -> dynamo_diff-0.1.0/benchmarks/agent_pilot/runs/run-001
core (macos-latest)	Build wheel and source archive	2026-09-07T17:19:02.5138790Z copying benchmarks/agent_pilot/runs/run-001/q01-tlparse-r2.jsonl -> dynamo_diff-0.1.0/benchmarks/agent_pilot/runs/run-001
core (macos-latest)	Build wheel and source archive	2026-09-07T17:19:02.5142930Z copying benchmarks/agent_pilot/runs/run-001/q02-dynamo-r1.json -> dynamo_diff-0.1.0/benchmarks/agent_pilot/runs/run-001
core (macos-latest)	Build wheel and source archive	2026-09-07T17:19:02.5145100Z copying benchmarks/agent_pilot/runs/run-001/q02-dynamo-r1.jsonl -> dynamo_diff-0.1.0/benchmarks/agent_pilot/runs/run-001
core (macos-latest)	Build wheel and source archive	2026-09-07T17:19:02.5148910Z copying benchmarks/agent_pilot/runs/run-001/q02-dynamo-r2.json -> dynamo_diff-0.1.0/benchmarks/agent_pilot/runs/run-001
core (macos-latest)	Build wheel and source archive	2026-09-07T17:19:02.5154720Z copying benchmarks/agent_pilot/runs/run-001/q02-dynamo-r2.jsonl -> dynamo_diff-0.1.0/benchmarks/agent_pilot/runs/run-001
core (macos-latest)	Build wheel and source archive	2026-09-07T17:19:02.5160810Z copying benchmarks/agent_pilot/runs/run-001/q02-raw-r1.json -> dynamo_diff-0.1.0/benchmarks/agent_pilot/runs/run-001
core (macos-latest)	Build wheel and source archive	2026-09-07T17:19:02.5170950Z copying benchmarks/agent_pilot/runs/run-001/q02-raw-r1.jsonl -> dynamo_diff-0.1.0/benchmarks/agent_pilot/runs/run-001
core (macos-latest)	Build wheel and source archive	2026-09-07T17:19:02.5182240Z copying benchmarks/agent_pilot/runs/run-001/q02-raw-r2.json -> dynamo_diff-0.1.0/benchmarks/agent_pilot/runs/run-001
core (macos-latest)	Build wheel and source archive	2026-09-07T17:19:02.5188300Z copying benchmarks/agent_pilot/runs/run-001/q02-raw-r2.jsonl -> dynamo_diff-0.1.0/benchmarks/agent_pilot/runs/run-001
core (macos-latest)	Build wheel and source archive	2026-09-07T17:19:02.5194010Z copying benchmarks/agent_pilot/runs/run-001/q02-tlparse-r1.json -> dynamo_diff-0.1.0/benchmarks/agent_pilot/runs/run-001
core (macos-latest)	Build wheel and source archive	2026-09-07T17:19:02.5197370Z copying benchmarks/agent_pilot/runs/run-001/q02-tlparse-r1.jsonl -> dynamo_diff-0.1.0/benchmarks/agent_pilot/runs/run-001
core (macos-latest)	Build wheel and source archive	2026-09-07T17:19:02.5201680Z copying benchmarks/agent_pilot/runs/run-001/q02-tlparse-r2.json -> dynamo_diff-0.1.0/benchmarks/agent_pilot/runs/run-001
core (macos-latest)	Build wheel and source archive	2026-09-07T17:19:02.5206390Z copying benchmarks/agent_pilot/runs/run-001/q02-tlparse-r2.jsonl -> dynamo_diff-0.1.0/benchmarks/agent_pilot/runs/run-001
core (macos-latest)	Build wheel and source archive	2026-09-07T17:19:02.5210650Z copying benchmarks/agent_pilot/runs/run-001/q03-dynamo-r1.json -> dynamo_diff-0.1.0/benchmarks/agent_pilot/runs/run-001
core (macos-latest)	Build wheel and source archive	2026-09-07T17:19:02.5216000Z copying benchmarks/agent_pilot/runs/run-001/q03-dynamo-r1.jsonl -> dynamo_diff-0.1.0/benchmarks/agent_pilot/runs/run-001
core (macos-latest)	Build wheel and source archive	2026-09-07T17:19:02.5222330Z copying benchmarks/agent_pilot/runs/run-001/q03-dynamo-r2.json -> dynamo_diff-0.1.0/benchmarks/agent_pilot/runs/run-001
core (macos-latest)	Build wheel and source archive	2026-09-07T17:19:02.5223630Z copying benchmarks/agent_pilot/runs/run-001/q03-dynamo-r2.jsonl -> dynamo_diff-0.1.0/benchmarks/agent_pilot/runs/run-001
core (macos-latest)	Build wheel and source archive	2026-09-07T17:19:02.5230320Z copying benchmarks/agent_pilot/runs/run-001/q03-raw-r1.json -> dynamo_diff-0.1.0/benchmarks/agent_pilot/runs/run-001
core (macos-latest)	Build wheel and source archive	2026-09-07T17:19:02.5235030Z copying benchmarks/agent_pilot/runs/run-001/q03-raw-r1.jsonl -> dynamo_diff-0.1.0/benchmarks/agent_pilot/runs/run-001
core (macos-latest)	Build wheel and source archive	2026-09-07T17:19:02.5240000Z copying benchmarks/agent_pilot/runs/run-001/q03-raw-r2.json -> dynamo_diff-0.1.0/benchmarks/agent_pilot/runs/run-001
core (macos-latest)	Build wheel and source archive	2026-09-07T17:19:02.5242300Z copying benchmarks/agent_pilot/runs/run-001/q03-raw-r2.jsonl -> dynamo_diff-0.1.0/benchmarks/agent_pilot/runs/run-001
core (macos-latest)	Build wheel and source archive	2026-09-07T17:19:02.5249130Z copying benchmarks/agent_pilot/runs/run-001/q03-tlparse-r1.json -> dynamo_diff-0.1.0/benchmarks/agent_pilot/runs/run-001
core (macos-latest)	Build wheel and source archive	2026-09-07T17:19:02.5254750Z copying benchmarks/agent_pilot/runs/run-001/q03-tlparse-r1.jsonl -> dynamo_diff-0.1.0/benchmarks/agent_pilot/runs/run-001
core (macos-latest)	Build wheel and source archive	2026-09-07T17:19:02.5259850Z copying benchmarks/agent_pilot/runs/run-001/q03-tlparse-r2.json -> dynamo_diff-0.1.0/benchmarks/agent_pilot/runs/run-001
core (macos-latest)	Build wheel and source archive	2026-09-07T17:19:02.5264250Z copying benchmarks/agent_pilot/runs/run-001/q03-tlparse-r2.jsonl -> dynamo_diff-0.1.0/benchmarks/agent_pilot/runs/run-001
core (macos-latest)	Build wheel and source archive	2026-09-07T17:19:02.5269610Z copying benchmarks/agent_pilot/runs/run-001/q04-dynamo-r1.json -> dynamo_diff-0.1.0/benchmarks/agent_pilot/runs/run-001
core (macos-latest)	Build wheel and source archive	2026-09-07T17:19:02.5275330Z copying benchmarks/agent_pilot/runs/run-001/q04-dynamo-r1.jsonl -> dynamo_diff-0.1.0/benchmarks/agent_pilot/runs/run-001
core (macos-latest)	Build wheel and source archive	2026-09-07T17:19:02.5280060Z copying benchmarks/agent_pilot/runs/run-001/q04-dynamo-r2.json -> dynamo_diff-0.1.0/benchmarks/agent_pilot/runs/run-001
core (macos-latest)	Build wheel and source archive	2026-09-07T17:19:02.5282380Z copying benchmarks/agent_pilot/runs/run-001/q04-dynamo-r2.jsonl -> dynamo_diff-0.1.0/benchmarks/agent_pilot/runs/run-001
core (macos-latest)	Build wheel and source archive	2026-09-07T17:19:02.5287190Z copying benchmarks/agent_pilot/runs/run-001/q04-raw-r1.json -> dynamo_diff-0.1.0/benchmarks/agent_pilot/runs/run-001
core (macos-latest)	Build wheel and source archive	2026-09-07T17:19:02.5293090Z copying benchmarks/agent_pilot/runs/run-001/q04-raw-r1.jsonl -> dynamo_diff-0.1.0/benchmarks/agent_pilot/runs/run-001
core (macos-latest)	Build wheel and source archive	2026-09-07T17:19:02.5295610Z copying benchmarks/agent_pilot/runs/run-001/q04-raw-r2.json -> dynamo_diff-0.1.0/benchmarks/agent_pilot/runs/run-001
core (macos-latest)	Build wheel and source archive	2026-09-07T17:19:02.5300360Z copying benchmarks/agent_pilot/runs/run-001/q04-raw-r2.jsonl -> dynamo_diff-0.1.0/benchmarks/agent_pilot/runs/run-001
core (macos-latest)	Build wheel and source archive	2026-09-07T17:19:02.5305420Z copying benchmarks/agent_pilot/runs/run-001/q04-tlparse-r1.json -> dynamo_diff-0.1.0/benchmarks/agent_pilot/runs/run-001
core (macos-latest)	Build wheel and source archive	2026-09-07T17:19:02.5308500Z copying benchmarks/agent_pilot/runs/run-001/q04-tlparse-r1.jsonl -> dynamo_diff-0.1.0/benchmarks/agent_pilot/runs/run-001
core (macos-latest)	Build wheel and source archive	2026-09-07T17:19:02.5315500Z copying benchmarks/agent_pilot/runs/run-001/q04-tlparse-r2.json -> dynamo_diff-0.1.0/benchmarks/agent_pilot/runs/run-001
core (macos-latest)	Build wheel and source archive	2026-09-07T17:19:02.5319410Z copying benchmarks/agent_pilot/runs/run-001/q04-tlparse-r2.jsonl -> dynamo_diff-0.1.0/benchmarks/agent_pilot/runs/run-001
core (macos-latest)	Build wheel and source archive	2026-09-07T17:19:02.5326360Z copying benchmarks/agent_pilot/runs/run-001/q05-dynamo-r1.json -> dynamo_diff-0.1.0/benchmarks/agent_pilot/runs/run-001
core (macos-latest)	Build wheel and source archive	2026-09-07T17:19:02.5331410Z copying benchmarks/agent_pilot/runs/run-001/q05-dynamo-r1.jsonl -> dynamo_diff-0.1.0/benchmarks/agent_pilot/runs/run-001
core (macos-latest)	Build wheel and source archive	2026-09-07T17:19:02.5337500Z copying benchmarks/agent_pilot/runs/run-001/q05-dynamo-r2.json -> dynamo_diff-0.1.0/benchmarks/agent_pilot/runs/run-001
core (macos-latest)	Build wheel and source archive	2026-09-07T17:19:02.5342110Z copying benchmarks/agent_pilot/runs/run-001/q05-dynamo-r2.jsonl -> dynamo_diff-0.1.0/benchmarks/agent_pilot/runs/run-001
core (macos-latest)	Build wheel and source archive	2026-09-07T17:19:02.5350280Z copying benchmarks/agent_pilot/runs/run-001/q05-raw-r1.json -> dynamo_diff-0.1.0/benchmarks/agent_pilot/runs/run-001
core (macos-latest)	Build wheel and source archive	2026-09-07T17:19:02.5354460Z copying benchmarks/agent_pilot/runs/run-001/q05-raw-r1.jsonl -> dynamo_diff-0.1.0/benchmarks/agent_pilot/runs/run-001
core (macos-latest)	Build wheel and source archive	2026-09-07T17:19:02.5362560Z copying benchmarks/agent_pilot/runs/run-001/q05-raw-r2.json -> dynamo_diff-0.1.0/benchmarks/agent_pilot/runs/run-001
core (macos-latest)	Build wheel and source archive	2026-09-07T17:19:02.5365160Z copying benchmarks/agent_pilot/runs/run-001/q05-raw-r2.jsonl -> dynamo_diff-0.1.0/benchmarks/agent_pilot/runs/run-001
core (macos-latest)	Build wheel and source archive	2026-09-07T17:19:02.5370130Z copying benchmarks/agent_pilot/runs/run-001/q05-tlparse-r1.json -> dynamo_diff-0.1.0/benchmarks/agent_pilot/runs/run-001
core (macos-latest)	Build wheel and source archive	2026-09-07T17:19:02.5375500Z copying benchmarks/agent_pilot/runs/run-001/q05-tlparse-r1.jsonl -> dynamo_diff-0.1.0/benchmarks/agent_pilot/runs/run-001
core (macos-latest)	Build wheel and source archive	2026-09-07T17:19:02.5382760Z copying benchmarks/agent_pilot/runs/run-001/q05-tlparse-r2.json -> dynamo_diff-0.1.0/benchmarks/agent_pilot/runs/run-001
core (macos-latest)	Build wheel and source archive	2026-09-07T17:19:02.5384770Z copying benchmarks/agent_pilot/runs/run-001/q05-tlparse-r2.jsonl -> dynamo_diff-0.1.0/benchmarks/agent_pilot/runs/run-001
core (macos-latest)	Build wheel and source archive	2026-09-07T17:19:02.5394600Z copying benchmarks/agent_pilot/runs/run-001/q06-dynamo-r1.json -> dynamo_diff-0.1.0/benchmarks/agent_pilot/runs/run-001
core (macos-latest)	Build wheel and source archive	2026-09-07T17:19:02.5400480Z copying benchmarks/agent_pilot/runs/run-001/q06-dynamo-r1.jsonl -> dynamo_diff-0.1.0/benchmarks/agent_pilot/runs/run-001
core (macos-latest)	Build wheel and source archive	2026-09-07T17:19:02.5407770Z copying benchmarks/agent_pilot/runs/run-001/q06-dynamo-r2.json -> dynamo_diff-0.1.0/benchmarks/agent_pilot/runs/run-001
core (macos-latest)	Build wheel and source archive	2026-09-07T17:19:02.5415850Z copying benchmarks/agent_pilot/runs/run-001/q06-dynamo-r2.jsonl -> dynamo_diff-0.1.0/benchmarks/agent_pilot/runs/run-001
core (macos-latest)	Build wheel and source archive	2026-09-07T17:19:02.5420190Z copying benchmarks/agent_pilot/runs/run-001/q06-raw-r1.json -> dynamo_diff-0.1.0/benchmarks/agent_pilot/runs/run-001
core (macos-latest)	Build wheel and source archive	2026-09-07T17:19:02.5427030Z copying benchmarks/agent_pilot/runs/run-001/q06-raw-r1.jsonl -> dynamo_diff-0.1.0/benchmarks/agent_pilot/runs/run-001
core (macos-latest)	Build wheel and source archive	2026-09-07T17:19:02.5437490Z copying benchmarks/agent_pilot/runs/run-001/q06-raw-r2.json -> dynamo_diff-0.1.0/benchmarks/agent_pilot/runs/run-001
core (macos-latest)	Build wheel and source archive	2026-09-07T17:19:02.5440100Z copying benchmarks/agent_pilot/runs/run-001/q06-raw-r2.jsonl -> dynamo_diff-0.1.0/benchmarks/agent_pilot/runs/run-001
core (macos-latest)	Build wheel and source archive	2026-09-07T17:19:02.5445310Z copying benchmarks/agent_pilot/runs/run-001/q06-tlparse-r1.json -> dynamo_diff-0.1.0/benchmarks/agent_pilot/runs/run-001
core (macos-latest)	Build wheel and source archive	2026-09-07T17:19:02.5450390Z copying benchmarks/agent_pilot/runs/run-001/q06-tlparse-r1.jsonl -> dynamo_diff-0.1.0/benchmarks/agent_pilot/runs/run-001
core (macos-latest)	Build wheel and source archive	2026-09-07T17:19:02.5456420Z copying benchmarks/agent_pilot/runs/run-001/q06-tlparse-r2.json -> dynamo_diff-0.1.0/benchmarks/agent_pilot/runs/run-001
core (macos-latest)	Build wheel and source archive	2026-09-07T17:19:02.5461020Z copying benchmarks/agent_pilot/runs/run-001/q06-tlparse-r2.jsonl -> dynamo_diff-0.1.0/benchmarks/agent_pilot/runs/run-001
core (macos-latest)	Build wheel and source archive	2026-09-07T17:19:02.5465480Z copying benchmarks/agent_pilot/runs/run-001/q07-dynamo-r1.json -> dynamo_diff-0.1.0/benchmarks/agent_pilot/runs/run-001
core (macos-latest)	Build wheel and source archive	2026-09-07T17:19:02.5470150Z copying benchmarks/agent_pilot/runs/run-001/q07-dynamo-r1.jsonl -> dynamo_diff-0.1.0/benchmarks/agent_pilot/runs/run-001
core (macos-latest)	Build wheel and source archive	2026-09-07T17:19:02.5475070Z copying benchmarks/agent_pilot/runs/run-001/q07-dynamo-r2.json -> dynamo_diff-0.1.0/benchmarks/agent_pilot/runs/run-001
core (macos-latest)	Build wheel and source archive	2026-09-07T17:19:02.5477860Z copying benchmarks/agent_pilot/runs/run-001/q07-dynamo-r2.jsonl -> dynamo_diff-0.1.0/benchmarks/agent_pilot/runs/run-001
core (macos-latest)	Build wheel and source archive	2026-09-07T17:19:02.5486910Z copying benchmarks/agent_pilot/runs/run-001/q07-raw-r1.json -> dynamo_diff-0.1.0/benchmarks/agent_pilot/runs/run-001
core (macos-latest)	Build wheel and source archive	2026-09-07T17:19:02.5492760Z copying benchmarks/agent_pilot/runs/run-001/q07-raw-r1.jsonl -> dynamo_diff-0.1.0/benchmarks/agent_pilot/runs/run-001
core (macos-latest)	Build wheel and source archive	2026-09-07T17:19:02.5500720Z copying benchmarks/agent_pilot/runs/run-001/q07-raw-r2.json -> dynamo_diff-0.1.0/benchmarks/agent_pilot/runs/run-001
core (macos-latest)	Build wheel and source archive	2026-09-07T17:19:02.5512650Z copying benchmarks/agent_pilot/runs/run-001/q07-raw-r2.jsonl -> dynamo_diff-0.1.0/benchmarks/agent_pilot/runs/run-001
core (macos-latest)	Build wheel and source archive	2026-09-07T17:19:02.5525220Z copying benchmarks/agent_pilot/runs/run-001/q07-tlparse-r1.json -> dynamo_diff-0.1.0/benchmarks/agent_pilot/runs/run-001
core (macos-latest)	Build wheel and source archive	2026-09-07T17:19:02.5527180Z copying benchmarks/agent_pilot/runs/run-001/q07-tlparse-r1.jsonl -> dynamo_diff-0.1.0/benchmarks/agent_pilot/runs/run-001
core (macos-latest)	Build wheel and source archive	2026-09-07T17:19:02.5533660Z copying benchmarks/agent_pilot/runs/run-001/q07-tlparse-r2.json -> dynamo_diff-0.1.0/benchmarks/agent_pilot/runs/run-001
core (macos-latest)	Build wheel and source archive	2026-09-07T17:19:02.5538120Z copying benchmarks/agent_pilot/runs/run-001/q07-tlparse-r2.jsonl -> dynamo_diff-0.1.0/benchmarks/agent_pilot/runs/run-001
core (macos-latest)	Build wheel and source archive	2026-09-07T17:19:02.5543680Z copying benchmarks/agent_pilot/runs/run-001/q08-dynamo-r1.json -> dynamo_diff-0.1.0/benchmarks/agent_pilot/runs/run-001
core (macos-latest)	Build wheel and source archive	2026-09-07T17:19:02.5548010Z copying benchmarks/agent_pilot/runs/run-001/q08-dynamo-r1.jsonl -> dynamo_diff-0.1.0/benchmarks/agent_pilot/runs/run-001
core (macos-latest)	Build wheel and source archive	2026-09-07T17:19:02.5553010Z copying benchmarks/agent_pilot/runs/run-001/q08-dynamo-r2.json -> dynamo_diff-0.1.0/benchmarks/agent_pilot/runs/run-001
core (macos-latest)	Build wheel and source archive	2026-09-07T17:19:02.5554840Z copying benchmarks/agent_pilot/runs/run-001/q08-dynamo-r2.jsonl -> dynamo_diff-0.1.0/benchmarks/agent_pilot/runs/run-001
core (macos-latest)	Build wheel and source archive	2026-09-07T17:19:02.5559030Z copying benchmarks/agent_pilot/runs/run-001/q08-raw-r1.json -> dynamo_diff-0.1.0/benchmarks/agent_pilot/runs/run-001
core (macos-latest)	Build wheel and source archive	2026-09-07T17:19:02.5564150Z copying benchmarks/agent_pilot/runs/run-001/q08-raw-r1.jsonl -> dynamo_diff-0.1.0/benchmarks/agent_pilot/runs/run-001
core (macos-latest)	Build wheel and source archive	2026-09-07T17:19:02.5569520Z copying benchmarks/agent_pilot/runs/run-001/q08-raw-r2.json -> dynamo_diff-0.1.0/benchmarks/agent_pilot/runs/run-001
core (macos-latest)	Build wheel and source archive	2026-09-07T17:19:02.5577480Z copying benchmarks/agent_pilot/runs/run-001/q08-raw-r2.jsonl -> dynamo_diff-0.1.0/benchmarks/agent_pilot/runs/run-001
core (macos-latest)	Build wheel and source archive	2026-09-07T17:19:02.5584560Z copying benchmarks/agent_pilot/runs/run-001/q08-tlparse-r1.json -> dynamo_diff-0.1.0/benchmarks/agent_pilot/runs/run-001
core (macos-latest)	Build wheel and source archive	2026-09-07T17:19:02.5589930Z copying benchmarks/agent_pilot/runs/run-001/q08-tlparse-r1.jsonl -> dynamo_diff-0.1.0/benchmarks/agent_pilot/runs/run-001
core (macos-latest)	Build wheel and source archive	2026-09-07T17:19:02.5594360Z copying benchmarks/agent_pilot/runs/run-001/q08-tlparse-r2.json -> dynamo_diff-0.1.0/benchmarks/agent_pilot/runs/run-001
core (macos-latest)	Build wheel and source archive	2026-09-07T17:19:02.5598530Z copying benchmarks/agent_pilot/runs/run-001/q08-tlparse-r2.jsonl -> dynamo_diff-0.1.0/benchmarks/agent_pilot/runs/run-001
core (macos-latest)	Build wheel and source archive	2026-09-07T17:19:02.5602850Z copying benchmarks/agent_pilot/runs/run-001/q09-dynamo-r1.json -> dynamo_diff-0.1.0/benchmarks/agent_pilot/runs/run-001
core (macos-latest)	Build wheel and source archive	2026-09-07T17:19:02.5610160Z copying benchmarks/agent_pilot/runs/run-001/q09-dynamo-r1.jsonl -> dynamo_diff-0.1.0/benchmarks/agent_pilot/runs/run-001
core (macos-latest)	Build wheel and source archive	2026-09-07T17:19:02.5612720Z copying benchmarks/agent_pilot/runs/run-001/q09-dynamo-r2.json -> dynamo_diff-0.1.0/benchmarks/agent_pilot/runs/run-001
core (macos-latest)	Build wheel and source archive	2026-09-07T17:19:02.5619040Z copying benchmarks/agent_pilot/runs/run-001/q09-dynamo-r2.jsonl -> dynamo_diff-0.1.0/benchmarks/agent_pilot/runs/run-001
core (macos-latest)	Build wheel and source archive	2026-09-07T17:19:02.5622190Z copying benchmarks/agent_pilot/runs/run-001/q09-raw-r1.json -> dynamo_diff-0.1.0/benchmarks/agent_pilot/runs/run-001
core (macos-latest)	Build wheel and source archive	2026-09-07T17:19:02.5626650Z copying benchmarks/agent_pilot/runs/run-001/q09-raw-r1.jsonl -> dynamo_diff-0.1.0/benchmarks/agent_pilot/runs/run-001
core (macos-latest)	Build wheel and source archive	2026-09-07T17:19:02.5632020Z copying benchmarks/agent_pilot/runs/run-001/q09-raw-r2.json -> dynamo_diff-0.1.0/benchmarks/agent_pilot/runs/run-001
core (macos-latest)	Build wheel and source archive	2026-09-07T17:19:02.5636260Z copying benchmarks/agent_pilot/runs/run-001/q09-raw-r2.jsonl -> dynamo_diff-0.1.0/benchmarks/agent_pilot/runs/run-001
core (macos-latest)	Build wheel and source archive	2026-09-07T17:19:02.5643310Z copying benchmarks/agent_pilot/runs/run-001/q09-tlparse-r1.json -> dynamo_diff-0.1.0/benchmarks/agent_pilot/runs/run-001
core (macos-latest)	Build wheel and source archive	2026-09-07T17:19:02.5648340Z copying benchmarks/agent_pilot/runs/run-001/q09-tlparse-r1.jsonl -> dynamo_diff-0.1.0/benchmarks/agent_pilot/runs/run-001
core (macos-latest)	Build wheel and source archive	2026-09-07T17:19:02.5654210Z copying benchmarks/agent_pilot/runs/run-001/q09-tlparse-r2.json -> dynamo_diff-0.1.0/benchmarks/agent_pilot/runs/run-001
core (macos-latest)	Build wheel and source archive	2026-09-07T17:19:02.5657480Z copying benchmarks/agent_pilot/runs/run-001/q09-tlparse-r2.jsonl -> dynamo_diff-0.1.0/benchmarks/agent_pilot/runs/run-001
core (macos-latest)	Build wheel and source archive	2026-09-07T17:19:02.5662670Z copying benchmarks/agent_pilot/runs/run-001/q10-dynamo-r1.json -> dynamo_diff-0.1.0/benchmarks/agent_pilot/runs/run-001
core (macos-latest)	Build wheel and source archive	2026-09-07T17:19:02.5666850Z copying benchmarks/agent_pilot/runs/run-001/q10-dynamo-r1.jsonl -> dynamo_diff-0.1.0/benchmarks/agent_pilot/runs/run-001
core (macos-latest)	Build wheel and source archive	2026-09-07T17:19:02.5669310Z copying benchmarks/agent_pilot/runs/run-001/q10-dynamo-r2.json -> dynamo_diff-0.1.0/benchmarks/agent_pilot/runs/run-001
core (macos-latest)	Build wheel and source archive	2026-09-07T17:19:02.5671440Z copying benchmarks/agent_pilot/runs/run-001/q10-dynamo-r2.jsonl -> dynamo_diff-0.1.0/benchmarks/agent_pilot/runs/run-001
core (macos-latest)	Build wheel and source archive	2026-09-07T17:19:02.5674360Z copying benchmarks/agent_pilot/runs/run-001/q10-raw-r1.json -> dynamo_diff-0.1.0/benchmarks/agent_pilot/runs/run-001
core (macos-latest)	Build wheel and source archive	2026-09-07T17:19:02.5677500Z copying benchmarks/agent_pilot/runs/run-001/q10-raw-r1.jsonl -> dynamo_diff-0.1.0/benchmarks/agent_pilot/runs/run-001
core (macos-latest)	Build wheel and source archive	2026-09-07T17:19:02.5682230Z copying benchmarks/agent_pilot/runs/run-001/q10-raw-r2.json -> dynamo_diff-0.1.0/benchmarks/agent_pilot/runs/run-001
core (macos-latest)	Build wheel and source archive	2026-09-07T17:19:02.5688040Z copying benchmarks/agent_pilot/runs/run-001/q10-raw-r2.jsonl -> dynamo_diff-0.1.0/benchmarks/agent_pilot/runs/run-001
core (macos-latest)	Build wheel and source archive	2026-09-07T17:19:02.5694880Z copying benchmarks/agent_pilot/runs/run-001/q10-tlparse-r1.json -> dynamo_diff-0.1.0/benchmarks/agent_pilot/runs/run-001
core (macos-latest)	Build wheel and source archive	2026-09-07T17:19:02.5699100Z copying benchmarks/agent_pilot/runs/run-001/q10-tlparse-r1.jsonl -> dynamo_diff-0.1.0/benchmarks/agent_pilot/runs/run-001
core (macos-latest)	Build wheel and source archive	2026-09-07T17:19:02.5703210Z copying benchmarks/agent_pilot/runs/run-001/q10-tlparse-r2.json -> dynamo_diff-0.1.0/benchmarks/agent_pilot/runs/run-001
core (macos-latest)	Build wheel and source archive	2026-09-07T17:19:02.5709270Z copying benchmarks/agent_pilot/runs/run-001/q10-tlparse-r2.jsonl -> dynamo_diff-0.1.0/benchmarks/agent_pilot/runs/run-001
core (macos-latest)	Build wheel and source archive	2026-09-07T17:19:02.5714970Z copying benchmarks/agent_pilot/runs/run-001/receipt.json -> dynamo_diff-0.1.0/benchmarks/agent_pilot/runs/run-001
core (macos-latest)	Build wheel and source archive	2026-09-07T17:19:02.5721990Z copying benchmarks/agent_pilot/runs/run-001/analysis/MODEL_REVIEW.md -> dynamo_diff-0.1.0/benchmarks/agent_pilot/runs/run-001/analysis
core (macos-latest)	Build wheel and source archive	2026-09-07T17:19:02.5734870Z copying benchmarks/agent_pilot/runs/run-001/analysis/RESULTS.md -> dynamo_diff-0.1.0/benchmarks/agent_pilot/runs/run-001/analysis
core (macos-latest)	Build wheel and source archive	2026-09-07T17:19:02.5738920Z copying benchmarks/agent_pilot/runs/run-001/analysis/SCORING_NOTES.md -> dynamo_diff-0.1.0/benchmarks/agent_pilot/runs/run-001/analysis
core (macos-latest)	Build wheel and source archive	2026-09-07T17:19:02.5743570Z copying benchmarks/agent_pilot/runs/run-001/analysis/format-sensitivity.json -> dynamo_diff-0.1.0/benchmarks/agent_pilot/runs/run-001/analysis
core (macos-latest)	Build wheel and source archive	2026-09-07T17:19:02.5750820Z copying benchmarks/agent_pilot/runs/run-001/analysis/scorer-v1.py -> dynamo_diff-0.1.0/benchmarks/agent_pilot/runs/run-001/analysis
core (macos-latest)	Build wheel and source archive	2026-09-07T17:19:02.5757590Z copying benchmarks/agent_pilot/runs/run-001/analysis/scores.json -> dynamo_diff-0.1.0/benchmarks/agent_pilot/runs/run-001/analysis
core (macos-latest)	Build wheel and source archive	2026-09-07T17:19:02.5769920Z copying benchmarks/results/conversion-baseline.json -> dynamo_diff-0.1.0/benchmarks/results
core (macos-latest)	Build wheel and source archive	2026-09-07T17:19:02.5778470Z copying benchmarks/results/import-baseline.json -> dynamo_diff-0.1.0/benchmarks/results
core (macos-latest)	Build wheel and source archive	2026-09-07T17:19:02.5782270Z copying benchmarks/results/import-hardening-v4.json -> dynamo_diff-0.1.0/benchmarks/results
core (macos-latest)	Build wheel and source archive	2026-09-07T17:19:02.5794350Z copying case_studies/transformers_cache/README.md -> dynamo_diff-0.1.0/case_studies/transformers_cache
core (macos-latest)	Build wheel and source archive	2026-09-07T17:19:02.5804510Z copying case_studies/transformers_cache/comparison.json -> dynamo_diff-0.1.0/case_studies/transformers_cache
core (macos-latest)	Build wheel and source archive	2026-09-07T17:19:02.5813410Z copying case_studies/transformers_cache/expected.json -> dynamo_diff-0.1.0/case_studies/transformers_cache
core (macos-latest)	Build wheel and source archive	2026-09-07T17:19:02.5821360Z copying case_studies/transformers_cache/reproduce.py -> dynamo_diff-0.1.0/case_studies/transformers_cache
core (macos-latest)	Build wheel and source archive	2026-09-07T17:19:02.5829070Z copying case_studies/transformers_cache/verify.py -> dynamo_diff-0.1.0/case_studies/transformers_cache
core (macos-latest)	Build wheel and source archive	2026-09-07T17:19:02.5837600Z copying case_studies/transformers_cache/workload.py.in -> dynamo_diff-0.1.0/case_studies/transformers_cache
core (macos-latest)	Build wheel and source archive	2026-09-07T17:19:02.5845300Z copying case_studies/transformers_cache/captures/baseline/conversion.txt -> dynamo_diff-0.1.0/case_studies/transformers_cache/captures/baseline
core (macos-latest)	Build wheel and source archive	2026-09-07T17:19:02.5850290Z copying case_studies/transformers_cache/captures/baseline/manifest.json -> dynamo_diff-0.1.0/case_studies/transformers_cache/captures/baseline
core (macos-latest)	Build wheel and source archive	2026-09-07T17:19:02.5858580Z copying case_studies/transformers_cache/captures/baseline/stderr.txt -> dynamo_diff-0.1.0/case_studies/transformers_cache/captures/baseline
core (macos-latest)	Build wheel and source archive	2026-09-07T17:19:02.5869690Z copying case_studies/transformers_cache/captures/baseline/stdout.txt -> dynamo_diff-0.1.0/case_studies/transformers_cache/captures/baseline
core (macos-latest)	Build wheel and source archive	2026-09-07T17:19:02.5877040Z copying case_studies/transformers_cache/captures/baseline/workload-result.json -> dynamo_diff-0.1.0/case_studies/transformers_cache/captures/baseline
core (macos-latest)	Build wheel and source archive	2026-09-07T17:19:02.5882440Z copying case_studies/transformers_cache/captures/baseline/raw/dedicated_log_torch_trace_dl7bdncq.log -> dynamo_diff-0.1.0/case_studies/transformers_cache/captures/baseline/raw
core (macos-latest)	Build wheel and source archive	2026-09-07T17:19:02.5928340Z copying case_studies/transformers_cache/captures/baseline/report/chromium_events.json -> dynamo_diff-0.1.0/case_studies/transformers_cache/captures/baseline/report
core (macos-latest)	Build wheel and source archive	2026-09-07T17:19:02.5937210Z copying case_studies/transformers_cache/captures/baseline/report/compile_directory.json -> dynamo_diff-0.1.0/case_studies/transformers_cache/captures/baseline/report
core (macos-latest)	Build wheel and source archive	2026-09-07T17:19:02.5940310Z copying case_studies/transformers_cache/captures/baseline/report/failures_and_restarts.html -> dynamo_diff-0.1.0/case_studies/transformers_cache/captures/baseline/report
core (macos-latest)	Build wheel and source archive	2026-09-07T17:19:02.5944900Z copying case_studies/transformers_cache/captures/baseline/report/index.html -> dynamo_diff-0.1.0/case_studies/transformers_cache/captures/baseline/report
core (macos-latest)	Build wheel and source archive	2026-09-07T17:19:02.5952800Z copying case_studies/transformers_cache/captures/baseline/report/raw.jsonl -> dynamo_diff-0.1.0/case_studies/transformers_cache/captures/baseline/report
core (macos-latest)	Build wheel and source archive	2026-09-07T17:19:02.5961720Z copying case_studies/transformers_cache/captures/baseline/report/raw.log -> dynamo_diff-0.1.0/case_studies/transformers_cache/captures/baseline/report
core (macos-latest)	Build wheel and source archive	2026-09-07T17:19:02.5991250Z copying case_studies/transformers_cache/captures/baseline/report/-_-_-_-/torch_version_0.json -> dynamo_diff-0.1.0/case_studies/transformers_cache/captures/baseline/report/-_-_-_-
core (macos-latest)	Build wheel and source archive	2026-09-07T17:19:02.5999870Z copying case_studies/transformers_cache/captures/baseline/report/-_0_0_0/compilation_metrics_4.html -> dynamo_diff-0.1.0/case_studies/transformers_cache/captures/baseline/report/-_0_0_0
core (macos-latest)	Build wheel and source archive	2026-09-07T17:19:02.6005880Z copying case_studies/transformers_cache/captures/baseline/report/-_0_0_0/dynamo_cpp_guards_str_3.txt -> dynamo_diff-0.1.0/case_studies/transformers_cache/captures/baseline/report/-_0_0_0
core (macos-latest)	Build wheel and source archive	2026-09-07T17:19:02.6021740Z copying case_studies/transformers_cache/captures/baseline/report/-_0_0_0/dynamo_output_graph_2.txt -> dynamo_diff-0.1.0/case_studies/transformers_cache/captures/baseline/report/-_0_0_0
core (macos-latest)	Build wheel and source archive	2026-09-07T17:19:02.6028670Z copying case_studies/transformers_cache/captures/baseline/report/-_0_0_0/dynamo_side_effects_1.txt -> dynamo_diff-0.1.0/case_studies/transformers_cache/captures/baseline/report/-_0_0_0
core (macos-latest)	Build wheel and source archive	2026-09-07T17:19:02.6039910Z copying case_studies/transformers_cache/captures/baseline/report/-_0_1_0/compilation_metrics_9.html -> dynamo_diff-0.1.0/case_studies/transformers_cache/captures/baseline/report/-_0_1_0
core (macos-latest)	Build wheel and source archive	2026-09-07T17:19:02.6047040Z copying case_studies/transformers_cache/captures/baseline/report/-_0_1_0/dynamo_cpp_guards_str_8.txt -> dynamo_diff-0.1.0/case_studies/transformers_cache/captures/baseline/report/-_0_1_0
core (macos-latest)	Build wheel and source archive	2026-09-07T17:19:02.6061970Z copying case_studies/transformers_cache/captures/baseline/report/-_0_1_0/dynamo_output_graph_7.txt -> dynamo_diff-0.1.0/case_studies/transformers_cache/captures/baseline/report/-_0_1_0
core (macos-latest)	Build wheel and source archive	2026-09-07T17:19:02.6069110Z copying case_studies/transformers_cache/captures/baseline/report/-_0_1_0/dynamo_side_effects_6.txt -> dynamo_diff-0.1.0/case_studies/transformers_cache/captures/baseline/report/-_0_1_0
core (macos-latest)	Build wheel and source archive	2026-09-07T17:19:02.6076350Z copying case_studies/transformers_cache/captures/baseline/report/-_0_1_0/recompile_reasons_5.json -> dynamo_diff-0.1.0/case_studies/transformers_cache/captures/baseline/report/-_0_1_0
core (macos-latest)	Build wheel and source archive	2026-09-07T17:19:02.6079310Z copying case_studies/transformers_cache/captures/baseline/report/-_0_2_0/compilation_metrics_14.html -> dynamo_diff-0.1.0/case_studies/transformers_cache/captures/baseline/report/-_0_2_0
core (macos-latest)	Build wheel and source archive	2026-09-07T17:19:02.6084180Z copying case_studies/transformers_cache/captures/baseline/report/-_0_2_0/dynamo_cpp_guards_str_13.txt -> dynamo_diff-0.1.0/case_studies/transformers_cache/captures/baseline/report/-_0_2_0
core (macos-latest)	Build wheel and source archive	2026-09-07T17:19:02.6095670Z copying case_studies/transformers_cache/captures/baseline/report/-_0_2_0/dynamo_output_graph_12.txt -> dynamo_diff-0.1.0/case_studies/transformers_cache/captures/baseline/report/-_0_2_0
core (macos-latest)	Build wheel and source archive	2026-09-07T17:19:02.6102280Z copying case_studies/transformers_cache/captures/baseline/report/-_0_2_0/dynamo_side_effects_11.txt -> dynamo_diff-0.1.0/case_studies/transformers_cache/captures/baseline/report/-_0_2_0
core (macos-latest)	Build wheel and source archive	2026-09-07T17:19:02.6108360Z copying case_studies/transformers_cache/captures/baseline/report/-_0_2_0/recompile_reasons_10.json -> dynamo_diff-0.1.0/case_studies/transformers_cache/captures/baseline/report/-_0_2_0
core (macos-latest)	Build wheel and source archive	2026-09-07T17:19:02.6113160Z copying case_studies/transformers_cache/captures/baseline/sources/run.py -> dynamo_diff-0.1.0/case_studies/transformers_cache/captures/baseline/sources
core (macos-latest)	Build wheel and source archive	2026-09-07T17:19:02.6117840Z copying case_studies/transformers_cache/captures/baseline/sources/torch/_dynamo/convert_frame.py -> dynamo_diff-0.1.0/case_studies/transformers_cache/captures/baseline/sources/torch/_dynamo
core (macos-latest)	Build wheel and source archive	2026-09-07T17:19:02.6125320Z copying case_studies/transformers_cache/captures/baseline/sources/torch/_dynamo/eval_frame.py -> dynamo_diff-0.1.0/case_studies/transformers_cache/captures/baseline/sources/torch/_dynamo
core (macos-latest)	Build wheel and source archive	2026-09-07T17:19:02.6132600Z copying case_studies/transformers_cache/captures/baseline/sources/torch/utils/_contextlib.py -> dynamo_diff-0.1.0/case_studies/transformers_cache/captures/baseline/sources/torch/utils
core (macos-latest)	Build wheel and source archive	2026-09-07T17:19:02.6137380Z copying case_studies/transformers_cache/captures/baseline/sources/transformers/cache_utils.py -> dynamo_diff-0.1.0/case_studies/transformers_cache/captures/baseline/sources/transformers
core (macos-latest)	Build wheel and source archive	2026-09-07T17:19:02.6143880Z copying case_studies/transformers_cache/captures/baseline/sources/transformers/generation/utils.py -> dynamo_diff-0.1.0/case_studies/transformers_cache/captures/baseline/sources/transformers/generation
core (macos-latest)	Build wheel and source archive	2026-09-07T17:19:02.6154480Z copying case_studies/transformers_cache/captures/baseline/sources/transformers/models/llama/modeling_llama.py -> dynamo_diff-0.1.0/case_studies/transformers_cache/captures/baseline/sources/transformers/models/llama
core (macos-latest)	Build wheel and source archive	2026-09-07T17:19:02.6160430Z copying case_studies/transformers_cache/captures/baseline/sources/transformers/utils/generic.py -> dynamo_diff-0.1.0/case_studies/transformers_cache/captures/baseline/sources/transformers/utils
core (macos-latest)	Build wheel and source archive	2026-09-07T17:19:02.6165930Z copying case_studies/transformers_cache/captures/candidate/conversion.txt -> dynamo_diff-0.1.0/case_studies/transformers_cache/captures/candidate
core (macos-latest)	Build wheel and source archive	2026-09-07T17:19:02.6171750Z copying case_studies/transformers_cache/captures/candidate/manifest.json -> dynamo_diff-0.1.0/case_studies/transformers_cache/captures/candidate
core (macos-latest)	Build wheel and source archive	2026-09-07T17:19:02.6177750Z copying case_studies/transformers_cache/captures/candidate/stderr.txt -> dynamo_diff-0.1.0/case_studies/transformers_cache/captures/candidate
core (macos-latest)	Build wheel and source archive	2026-09-07T17:19:02.6183840Z copying case_studies/transformers_cache/captures/candidate/stdout.txt -> dynamo_diff-0.1.0/case_studies/transformers_cache/captures/candidate
core (macos-latest)	Build wheel and source archive	2026-09-07T17:19:02.6185760Z copying case_studies/transformers_cache/captures/candidate/workload-result.json -> dynamo_diff-0.1.0/case_studies/transformers_cache/captures/candidate
core (macos-latest)	Build wheel and source archive	2026-09-07T17:19:02.6191850Z copying case_studies/transformers_cache/captures/candidate/raw/dedicated_log_torch_trace_6zafb6vo.log -> dynamo_diff-0.1.0/case_studies/transformers_cache/captures/candidate/raw
core (macos-latest)	Build wheel and source archive	2026-09-07T17:19:02.6216420Z copying case_studies/transformers_cache/captures/candidate/report/chromium_events.json -> dynamo_diff-0.1.0/case_studies/transformers_cache/captures/candidate/report
core (macos-latest)	Build wheel and source archive	2026-09-07T17:19:02.6219610Z copying case_studies/transformers_cache/captures/candidate/report/compile_directory.json -> dynamo_diff-0.1.0/case_studies/transformers_cache/captures/candidate/report
core (macos-latest)	Build wheel and source archive	2026-09-07T17:19:02.6223280Z copying case_studies/transformers_cache/captures/candidate/report/failures_and_restarts.html -> dynamo_diff-0.1.0/case_studies/transformers_cache/captures/candidate/report
core (macos-latest)	Build wheel and source archive	2026-09-07T17:19:02.6228160Z copying case_studies/transformers_cache/captures/candidate/report/index.html -> dynamo_diff-0.1.0/case_studies/transformers_cache/captures/candidate/report
core (macos-latest)	Build wheel and source archive	2026-09-07T17:19:02.6231240Z copying case_studies/transformers_cache/captures/candidate/report/raw.jsonl -> dynamo_diff-0.1.0/case_studies/transformers_cache/captures/candidate/report
core (macos-latest)	Build wheel and source archive	2026-09-07T17:19:02.6241720Z copying case_studies/transformers_cache/captures/candidate/report/raw.log -> dynamo_diff-0.1.0/case_studies/transformers_cache/captures/candidate/report
core (macos-latest)	Build wheel and source archive	2026-09-07T17:19:02.6259270Z copying case_studies/transformers_cache/captures/candidate/report/-_-_-_-/torch_version_0.json -> dynamo_diff-0.1.0/case_studies/transformers_cache/captures/candidate/report/-_-_-_-
core (macos-latest)	Build wheel and source archive	2026-09-07T17:19:02.6265840Z copying case_studies/transformers_cache/captures/candidate/report/-_0_0_0/compilation_metrics_4.html -> dynamo_diff-0.1.0/case_studies/transformers_cache/captures/candidate/report/-_0_0_0
core (macos-latest)	Build wheel and source archive	2026-09-07T17:19:02.6268610Z copying case_studies/transformers_cache/captures/candidate/report/-_0_0_0/dynamo_cpp_guards_str_3.txt -> dynamo_diff-0.1.0/case_studies/transformers_cache/captures/candidate/report/-_0_0_0
core (macos-latest)	Build wheel and source archive	2026-09-07T17:19:02.6278800Z copying case_studies/transformers_cache/captures/candidate/report/-_0_0_0/dynamo_output_graph_2.txt -> dynamo_diff-0.1.0/case_studies/transformers_cache/captures/candidate/report/-_0_0_0
core (macos-latest)	Build wheel and source archive	2026-09-07T17:19:02.6283720Z copying case_studies/transformers_cache/captures/candidate/report/-_0_0_0/dynamo_side_effects_1.txt -> dynamo_diff-0.1.0/case_studies/transformers_cache/captures/candidate/report/-_0_0_0
core (macos-latest)	Build wheel and source archive	2026-09-07T17:19:02.6288540Z copying case_studies/transformers_cache/captures/candidate/report/-_0_1_0/compilation_metrics_9.html -> dynamo_diff-0.1.0/case_studies/transformers_cache/captures/candidate/report/-_0_1_0
core (macos-latest)	Build wheel and source archive	2026-09-07T17:19:02.6293530Z copying case_studies/transformers_cache/captures/candidate/report/-_0_1_0/dynamo_cpp_guards_str_8.txt -> dynamo_diff-0.1.0/case_studies/transformers_cache/captures/candidate/report/-_0_1_0
core (macos-latest)	Build wheel and source archive	2026-09-07T17:19:02.6303480Z copying case_studies/transformers_cache/captures/candidate/report/-_0_1_0/dynamo_output_graph_7.txt -> dynamo_diff-0.1.0/case_studies/transformers_cache/captures/candidate/report/-_0_1_0
core (macos-latest)	Build wheel and source archive	2026-09-07T17:19:02.6310320Z copying case_studies/transformers_cache/captures/candidate/report/-_0_1_0/dynamo_side_effects_6.txt -> dynamo_diff-0.1.0/case_studies/transformers_cache/captures/candidate/report/-_0_1_0
core (macos-latest)	Build wheel and source archive	2026-09-07T17:19:02.6316470Z copying case_studies/transformers_cache/captures/candidate/report/-_0_1_0/recompile_reasons_5.json -> dynamo_diff-0.1.0/case_studies/transformers_cache/captures/candidate/report/-_0_1_0
core (macos-latest)	Build wheel and source archive	2026-09-07T17:19:02.6317990Z copying case_studies/transformers_cache/captures/candidate/sources/run.py -> dynamo_diff-0.1.0/case_studies/transformers_cache/captures/candidate/sources
core (macos-latest)	Build wheel and source archive	2026-09-07T17:19:02.6324570Z copying case_studies/transformers_cache/captures/candidate/sources/torch/_dynamo/convert_frame.py -> dynamo_diff-0.1.0/case_studies/transformers_cache/captures/candidate/sources/torch/_dynamo
core (macos-latest)	Build wheel and source archive	2026-09-07T17:19:02.6332250Z copying case_studies/transformers_cache/captures/candidate/sources/torch/_dynamo/eval_frame.py -> dynamo_diff-0.1.0/case_studies/transformers_cache/captures/candidate/sources/torch/_dynamo
core (macos-latest)	Build wheel and source archive	2026-09-07T17:19:02.6339570Z copying case_studies/transformers_cache/captures/candidate/sources/torch/utils/_contextlib.py -> dynamo_diff-0.1.0/case_studies/transformers_cache/captures/candidate/sources/torch/utils
core (macos-latest)	Build wheel and source archive	2026-09-07T17:19:02.6345820Z copying case_studies/transformers_cache/captures/candidate/sources/transformers/cache_utils.py -> dynamo_diff-0.1.0/case_studies/transformers_cache/captures/candidate/sources/transformers
core (macos-latest)	Build wheel and source archive	2026-09-07T17:19:02.6352590Z copying case_studies/transformers_cache/captures/candidate/sources/transformers/generation/utils.py -> dynamo_diff-0.1.0/case_studies/transformers_cache/captures/candidate/sources/transformers/generation
core (macos-latest)	Build wheel and source archive	2026-09-07T17:19:02.6363470Z copying case_studies/transformers_cache/captures/candidate/sources/transformers/models/llama/modeling_llama.py -> dynamo_diff-0.1.0/case_studies/transformers_cache/captures/candidate/sources/transformers/models/llama
core (macos-latest)	Build wheel and source archive	2026-09-07T17:19:02.6366770Z copying case_studies/transformers_cache/captures/candidate/sources/transformers/utils/generic.py -> dynamo_diff-0.1.0/case_studies/transformers_cache/captures/candidate/sources/transformers/utils
core (macos-latest)	Build wheel and source archive	2026-09-07T17:19:02.6371050Z copying docs/ARCHITECTURE.md -> dynamo_diff-0.1.0/docs
core (macos-latest)	Build wheel and source archive	2026-09-07T17:19:02.6378620Z copying docs/CAPTURING.md -> dynamo_diff-0.1.0/docs
core (macos-latest)	Build wheel and source archive	2026-09-07T17:19:02.6381210Z copying docs/COMPATIBILITY.md -> dynamo_diff-0.1.0/docs
core (macos-latest)	Build wheel and source archive	2026-09-07T17:19:02.6383970Z copying docs/COMPLETION_AUDIT.md -> dynamo_diff-0.1.0/docs
core (macos-latest)	Build wheel and source archive	2026-09-07T17:19:02.6386390Z copying docs/DEMO.md -> dynamo_diff-0.1.0/docs
core (macos-latest)	Build wheel and source archive	2026-09-07T17:19:02.6390370Z copying docs/FEASIBILITY.md -> dynamo_diff-0.1.0/docs
core (macos-latest)	Build wheel and source archive	2026-09-07T17:19:02.6391680Z copying docs/INPUT_AUDIT.md -> dynamo_diff-0.1.0/docs
core (macos-latest)	Build wheel and source archive	2026-09-07T17:19:02.6396860Z copying docs/INTEGRATIONS.md -> dynamo_diff-0.1.0/docs
core (macos-latest)	Build wheel and source archive	2026-09-07T17:19:02.6398840Z copying docs/PERFORMANCE.md -> dynamo_diff-0.1.0/docs
core (macos-latest)	Build wheel and source archive	2026-09-07T17:19:02.6404180Z copying docs/PROJECT_SCOPE.md -> dynamo_diff-0.1.0/docs
core (macos-latest)	Build wheel and source archive	2026-09-07T17:19:02.6409940Z copying docs/RELEASING.md -> dynamo_diff-0.1.0/docs
core (macos-latest)	Build wheel and source archive	2026-09-07T17:19:02.6413450Z copying docs/SEMANTICS.md -> dynamo_diff-0.1.0/docs
core (macos-latest)	Build wheel and source archive	2026-09-07T17:19:02.6416150Z copying docs/STATUS.md -> dynamo_diff-0.1.0/docs
core (macos-latest)	Build wheel and source archive	2026-09-07T17:19:02.6418660Z copying docs/THIRD_PARTY_NOTICES.md -> dynamo_diff-0.1.0/docs
core (macos-latest)	Build wheel and source archive	2026-09-07T17:19:02.6423950Z copying docs/manifest.template.json -> dynamo_diff-0.1.0/docs
core (macos-latest)	Build wheel and source archive	2026-09-07T17:19:02.6430070Z copying docs/licenses/pytorch-2.14.0-LICENSE.txt -> dynamo_diff-0.1.0/docs/licenses
core (macos-latest)	Build wheel and source archive	2026-09-07T17:19:02.6434690Z copying docs/licenses/tlparse-0.4.3-LICENSE.txt -> dynamo_diff-0.1.0/docs/licenses
core (macos-latest)	Build wheel and source archive	2026-09-07T17:19:02.6437140Z copying docs/licenses/transformers-5.10.1-LICENSE.txt -> dynamo_diff-0.1.0/docs/licenses
core (macos-latest)	Build wheel and source archive	2026-09-07T17:19:02.6443540Z copying docs/schemas/capture-v1.schema.json -> dynamo_diff-0.1.0/docs/schemas
core (macos-latest)	Build wheel and source archive	2026-09-07T17:19:02.6448750Z copying docs/schemas/comparison-v1.schema.json -> dynamo_diff-0.1.0/docs/schemas
core (macos-latest)	Build wheel and source archive	2026-09-07T17:19:02.6453420Z copying fixtures/REVIEW.md -> dynamo_diff-0.1.0/fixtures
core (macos-latest)	Build wheel and source archive	2026-09-07T17:19:02.6457700Z copying fixtures/expected.json -> dynamo_diff-0.1.0/fixtures
core (macos-latest)	Build wheel and source archive	2026-09-07T17:19:02.6460640Z copying fixtures/captures/backend_failure/conversion.txt -> dynamo_diff-0.1.0/fixtures/captures/backend_failure
core (macos-latest)	Build wheel and source archive	2026-09-07T17:19:02.6467930Z copying fixtures/captures/backend_failure/manifest.json -> dynamo_diff-0.1.0/fixtures/captures/backend_failure
core (macos-latest)	Build wheel and source archive	2026-09-07T17:19:02.6472580Z copying fixtures/captures/backend_failure/stderr.txt -> dynamo_diff-0.1.0/fixtures/captures/backend_failure
core (macos-latest)	Build wheel and source archive	2026-09-07T17:19:02.6477280Z copying fixtures/captures/backend_failure/stdout.txt -> dynamo_diff-0.1.0/fixtures/captures/backend_failure
core (macos-latest)	Build wheel and source archive	2026-09-07T17:19:02.6479300Z copying fixtures/captures/backend_failure/workload-result.json -> dynamo_diff-0.1.0/fixtures/captures/backend_failure
core (macos-latest)	Build wheel and source archive	2026-09-07T17:19:02.6484750Z copying fixtures/captures/backend_failure/raw/dedicated_log_torch_trace_dhx_vygs.log -> dynamo_diff-0.1.0/fixtures/captures/backend_failure/raw
core (macos-latest)	Build wheel and source archive	2026-09-07T17:19:02.6491790Z copying fixtures/captures/backend_failure/report/chromium_events.json -> dynamo_diff-0.1.0/fixtures/captures/backend_failure/report
core (macos-latest)	Build wheel and source archive	2026-09-07T17:19:02.6497390Z copying fixtures/captures/backend_failure/report/compile_directory.json -> dynamo_diff-0.1.0/fixtures/captures/backend_failure/report
core (macos-latest)	Build wheel and source archive	2026-09-07T17:19:02.6501290Z copying fixtures/captures/backend_failure/report/failures_and_restarts.html -> dynamo_diff-0.1.0/fixtures/captures/backend_failure/report
core (macos-latest)	Build wheel and source archive	2026-09-07T17:19:02.6505590Z copying fixtures/captures/backend_failure/report/index.html -> dynamo_diff-0.1.0/fixtures/captures/backend_failure/report
core (macos-latest)	Build wheel and source archive	2026-09-07T17:19:02.6511710Z copying fixtures/captures/backend_failure/report/raw.jsonl -> dynamo_diff-0.1.0/fixtures/captures/backend_failure/report
core (macos-latest)	Build wheel and source archive	2026-09-07T17:19:02.6518570Z copying fixtures/captures/backend_failure/report/raw.log -> dynamo_diff-0.1.0/fixtures/captures/backend_failure/report
core (macos-latest)	Build wheel and source archive	2026-09-07T17:19:02.6525310Z copying fixtures/captures/backend_failure/report/-_-_-_-/torch_version_0.json -> dynamo_diff-0.1.0/fixtures/captures/backend_failure/report/-_-_-_-
core (macos-latest)	Build wheel and source archive	2026-09-07T17:19:02.6529760Z copying fixtures/captures/backend_failure/report/-_0_0_0/compilation_metrics_3.html -> dynamo_diff-0.1.0/fixtures/captures/backend_failure/report/-_0_0_0
core (macos-latest)	Build wheel and source archive	2026-09-07T17:19:02.6533840Z copying fixtures/captures/backend_failure/report/-_0_0_0/dynamo_error_2.txt -> dynamo_diff-0.1.0/fixtures/captures/backend_failure/report/-_0_0_0
core (macos-latest)	Build wheel and source archive	2026-09-07T17:19:02.6538700Z copying fixtures/captures/backend_failure/report/-_0_0_0/dynamo_output_graph_1.txt -> dynamo_diff-0.1.0/fixtures/captures/backend_failure/report/-_0_0_0
core (macos-latest)	Build wheel and source archive	2026-09-07T17:19:02.6545110Z copying fixtures/captures/backend_failure/sources/compiler_cases.py -> dynamo_diff-0.1.0/fixtures/captures/backend_failure/sources
core (macos-latest)	Build wheel and source archive	2026-09-07T17:19:02.6549210Z copying fixtures/captures/dynamic/conversion.txt -> dynamo_diff-0.1.0/fixtures/captures/dynamic
core (macos-latest)	Build wheel and source archive	2026-09-07T17:19:02.6553120Z copying fixtures/captures/dynamic/manifest.json -> dynamo_diff-0.1.0/fixtures/captures/dynamic
core (macos-latest)	Build wheel and source archive	2026-09-07T17:19:02.6557610Z copying fixtures/captures/dynamic/stderr.txt -> dynamo_diff-0.1.0/fixtures/captures/dynamic
core (macos-latest)	Build wheel and source archive	2026-09-07T17:19:02.6566080Z copying fixtures/captures/dynamic/stdout.txt -> dynamo_diff-0.1.0/fixtures/captures/dynamic
core (macos-latest)	Build wheel and source archive	2026-09-07T17:19:02.6568110Z copying fixtures/captures/dynamic/workload-result.json -> dynamo_diff-0.1.0/fixtures/captures/dynamic
core (macos-latest)	Build wheel and source archive	2026-09-07T17:19:02.6572610Z copying fixtures/captures/dynamic/raw/dedicated_log_torch_trace_2_0mlr_o.log -> dynamo_diff-0.1.0/fixtures/captures/dynamic/raw
core (macos-latest)	Build wheel and source archive	2026-09-07T17:19:02.6581530Z copying fixtures/captures/dynamic/report/chromium_events.json -> dynamo_diff-0.1.0/fixtures/captures/dynamic/report
core (macos-latest)	Build wheel and source archive	2026-09-07T17:19:02.6590130Z copying fixtures/captures/dynamic/report/compile_directory.json -> dynamo_diff-0.1.0/fixtures/captures/dynamic/report
core (macos-latest)	Build wheel and source archive	2026-09-07T17:19:02.6595360Z copying fixtures/captures/dynamic/report/failures_and_restarts.html -> dynamo_diff-0.1.0/fixtures/captures/dynamic/report
core (macos-latest)	Build wheel and source archive	2026-09-07T17:19:02.6599790Z copying fixtures/captures/dynamic/report/index.html -> dynamo_diff-0.1.0/fixtures/captures/dynamic/report
core (macos-latest)	Build wheel and source archive	2026-09-07T17:19:02.6604690Z copying fixtures/captures/dynamic/report/raw.jsonl -> dynamo_diff-0.1.0/fixtures/captures/dynamic/report
core (macos-latest)	Build wheel and source archive	2026-09-07T17:19:02.6612220Z copying fixtures/captures/dynamic/report/raw.log -> dynamo_diff-0.1.0/fixtures/captures/dynamic/report
core (macos-latest)	Build wheel and source archive	2026-09-07T17:19:02.6619520Z copying fixtures/captures/dynamic/report/-_-_-_-/torch_version_0.json -> dynamo_diff-0.1.0/fixtures/captures/dynamic/report/-_-_-_-
core (macos-latest)	Build wheel and source archive	2026-09-07T17:19:02.6624500Z copying fixtures/captures/dynamic/report/-_0_0_0/compilation_metrics_3.html -> dynamo_diff-0.1.0/fixtures/captures/dynamic/report/-_0_0_0
core (macos-latest)	Build wheel and source archive	2026-09-07T17:19:02.6630960Z copying fixtures/captures/dynamic/report/-_0_0_0/dynamo_cpp_guards_str_2.txt -> dynamo_diff-0.1.0/fixtures/captures/dynamic/report/-_0_0_0
core (macos-latest)	Build wheel and source archive	2026-09-07T17:19:02.6635610Z copying fixtures/captures/dynamic/report/-_0_0_0/dynamo_output_graph_1.txt -> dynamo_diff-0.1.0/fixtures/captures/dynamic/report/-_0_0_0
core (macos-latest)	Build wheel and source archive	2026-09-07T17:19:02.6640550Z copying fixtures/captures/dynamic/report/-_0_1_0/compilation_metrics_7.html -> dynamo_diff-0.1.0/fixtures/captures/dynamic/report/-_0_1_0
core (macos-latest)	Build wheel and source archive	2026-09-07T17:19:02.6648350Z copying fixtures/captures/dynamic/report/-_0_1_0/dynamo_cpp_guards_str_6.txt -> dynamo_diff-0.1.0/fixtures/captures/dynamic/report/-_0_1_0
core (macos-latest)	Build wheel and source archive	2026-09-07T17:19:02.6652470Z copying fixtures/captures/dynamic/report/-_0_1_0/dynamo_output_graph_5.txt -> dynamo_diff-0.1.0/fixtures/captures/dynamic/report/-_0_1_0
core (macos-latest)	Build wheel and source archive	2026-09-07T17:19:02.6659500Z copying fixtures/captures/dynamic/report/-_0_1_0/recompile_reasons_4.json -> dynamo_diff-0.1.0/fixtures/captures/dynamic/report/-_0_1_0
core (macos-latest)	Build wheel and source archive	2026-09-07T17:19:02.6662900Z copying fixtures/captures/dynamic/sources/compiler_cases.py -> dynamo_diff-0.1.0/fixtures/captures/dynamic/sources
core (macos-latest)	Build wheel and source archive	2026-09-07T17:19:02.6666870Z copying fixtures/captures/edit_after/conversion.txt -> dynamo_diff-0.1.0/fixtures/captures/edit_after
core (macos-latest)	Build wheel and source archive	2026-09-07T17:19:02.6672950Z copying fixtures/captures/edit_after/manifest.json -> dynamo_diff-0.1.0/fixtures/captures/edit_after
core (macos-latest)	Build wheel and source archive	2026-09-07T17:19:02.6677740Z copying fixtures/captures/edit_after/stderr.txt -> dynamo_diff-0.1.0/fixtures/captures/edit_after
core (macos-latest)	Build wheel and source archive	2026-09-07T17:19:02.6684930Z copying fixtures/captures/edit_after/stdout.txt -> dynamo_diff-0.1.0/fixtures/captures/edit_after
core (macos-latest)	Build wheel and source archive	2026-09-07T17:19:02.6686590Z copying fixtures/captures/edit_after/workload-result.json -> dynamo_diff-0.1.0/fixtures/captures/edit_after
core (macos-latest)	Build wheel and source archive	2026-09-07T17:19:02.6691480Z copying fixtures/captures/edit_after/raw/dedicated_log_torch_trace_u550j1sl.log -> dynamo_diff-0.1.0/fixtures/captures/edit_after/raw
core (macos-latest)	Build wheel and source archive	2026-09-07T17:19:02.6699400Z copying fixtures/captures/edit_after/report/chromium_events.json -> dynamo_diff-0.1.0/fixtures/captures/edit_after/report
core (macos-latest)	Build wheel and source archive	2026-09-07T17:19:02.6703500Z copying fixtures/captures/edit_after/report/compile_directory.json -> dynamo_diff-0.1.0/fixtures/captures/edit_after/report
core (macos-latest)	Build wheel and source archive	2026-09-07T17:19:02.6711960Z copying fixtures/captures/edit_after/report/failures_and_restarts.html -> dynamo_diff-0.1.0/fixtures/captures/edit_after/report
core (macos-latest)	Build wheel and source archive	2026-09-07T17:19:02.6717460Z copying fixtures/captures/edit_after/report/index.html -> dynamo_diff-0.1.0/fixtures/captures/edit_after/report
core (macos-latest)	Build wheel and source archive	2026-09-07T17:19:02.6723120Z copying fixtures/captures/edit_after/report/raw.jsonl -> dynamo_diff-0.1.0/fixtures/captures/edit_after/report
core (macos-latest)	Build wheel and source archive	2026-09-07T17:19:02.6729130Z copying fixtures/captures/edit_after/report/raw.log -> dynamo_diff-0.1.0/fixtures/captures/edit_after/report
core (macos-latest)	Build wheel and source archive	2026-09-07T17:19:02.6736860Z copying fixtures/captures/edit_after/report/-_-_-_-/torch_version_0.json -> dynamo_diff-0.1.0/fixtures/captures/edit_after/report/-_-_-_-
core (macos-latest)	Build wheel and source archive	2026-09-07T17:19:02.6740960Z copying fixtures/captures/edit_after/report/-_0_0_0/compilation_metrics_3.html -> dynamo_diff-0.1.0/fixtures/captures/edit_after/report/-_0_0_0
core (macos-latest)	Build wheel and source archive	2026-09-07T17:19:02.6746240Z copying fixtures/captures/edit_after/report/-_0_0_0/dynamo_cpp_guards_str_2.txt -> dynamo_diff-0.1.0/fixtures/captures/edit_after/report/-_0_0_0
core (macos-latest)	Build wheel and source archive	2026-09-07T17:19:02.6750520Z copying fixtures/captures/edit_after/report/-_0_0_0/dynamo_output_graph_1.txt -> dynamo_diff-0.1.0/fixtures/captures/edit_after/report/-_0_0_0
core (macos-latest)	Build wheel and source archive	2026-09-07T17:19:02.6753880Z copying fixtures/captures/edit_after/report/-_1_0_0/compilation_metrics_6.html -> dynamo_diff-0.1.0/fixtures/captures/edit_after/report/-_1_0_0
core (macos-latest)	Build wheel and source archive	2026-09-07T17:19:02.6759930Z copying fixtures/captures/edit_after/report/-_1_0_0/dynamo_cpp_guards_str_5.txt -> dynamo_diff-0.1.0/fixtures/captures/edit_after/report/-_1_0_0
core (macos-latest)	Build wheel and source archive	2026-09-07T17:19:02.6765070Z copying fixtures/captures/edit_after/report/-_1_0_0/dynamo_output_graph_4.txt -> dynamo_diff-0.1.0/fixtures/captures/edit_after/report/-_1_0_0
core (macos-latest)	Build wheel and source archive	2026-09-07T17:19:02.6769190Z copying fixtures/captures/edit_after/sources/model.py -> dynamo_diff-0.1.0/fixtures/captures/edit_after/sources
core (macos-latest)	Build wheel and source archive	2026-09-07T17:19:02.6773040Z copying fixtures/captures/edit_before/conversion.txt -> dynamo_diff-0.1.0/fixtures/captures/edit_before
core (macos-latest)	Build wheel and source archive	2026-09-07T17:19:02.6776990Z copying fixtures/captures/edit_before/manifest.json -> dynamo_diff-0.1.0/fixtures/captures/edit_before
core (macos-latest)	Build wheel and source archive	2026-09-07T17:19:02.6781290Z copying fixtures/captures/edit_before/stderr.txt -> dynamo_diff-0.1.0/fixtures/captures/edit_before
core (macos-latest)	Build wheel and source archive	2026-09-07T17:19:02.6789260Z copying fixtures/captures/edit_before/stdout.txt -> dynamo_diff-0.1.0/fixtures/captures/edit_before
core (macos-latest)	Build wheel and source archive	2026-09-07T17:19:02.6791080Z copying fixtures/captures/edit_before/workload-result.json -> dynamo_diff-0.1.0/fixtures/captures/edit_before
core (macos-latest)	Build wheel and source archive	2026-09-07T17:19:02.6795730Z copying fixtures/captures/edit_before/raw/dedicated_log_torch_trace_oy3d846h.log -> dynamo_diff-0.1.0/fixtures/captures/edit_before/raw
core (macos-latest)	Build wheel and source archive	2026-09-07T17:19:02.6806970Z copying fixtures/captures/edit_before/report/chromium_events.json -> dynamo_diff-0.1.0/fixtures/captures/edit_before/report
core (macos-latest)	Build wheel and source archive	2026-09-07T17:19:02.6810370Z copying fixtures/captures/edit_before/report/compile_directory.json -> dynamo_diff-0.1.0/fixtures/captures/edit_before/report
core (macos-latest)	Build wheel and source archive	2026-09-07T17:19:02.6816330Z copying fixtures/captures/edit_before/report/failures_and_restarts.html -> dynamo_diff-0.1.0/fixtures/captures/edit_before/report
core (macos-latest)	Build wheel and source archive	2026-09-07T17:19:02.6820800Z copying fixtures/captures/edit_before/report/index.html -> dynamo_diff-0.1.0/fixtures/captures/edit_before/report
core (macos-latest)	Build wheel and source archive	2026-09-07T17:19:02.6825150Z copying fixtures/captures/edit_before/report/raw.jsonl -> dynamo_diff-0.1.0/fixtures/captures/edit_before/report
core (macos-latest)	Build wheel and source archive	2026-09-07T17:19:02.6833560Z copying fixtures/captures/edit_before/report/raw.log -> dynamo_diff-0.1.0/fixtures/captures/edit_before/report
core (macos-latest)	Build wheel and source archive	2026-09-07T17:19:02.6843470Z copying fixtures/captures/edit_before/report/-_-_-_-/torch_version_0.json -> dynamo_diff-0.1.0/fixtures/captures/edit_before/report/-_-_-_-
core (macos-latest)	Build wheel and source archive	2026-09-07T17:19:02.6846070Z copying fixtures/captures/edit_before/report/-_0_0_0/compilation_metrics_3.html -> dynamo_diff-0.1.0/fixtures/captures/edit_before/report/-_0_0_0
core (macos-latest)	Build wheel and source archive	2026-09-07T17:19:02.6848970Z copying fixtures/captures/edit_before/report/-_0_0_0/dynamo_cpp_guards_str_2.txt -> dynamo_diff-0.1.0/fixtures/captures/edit_before/report/-_0_0_0
core (macos-latest)	Build wheel and source archive	2026-09-07T17:19:02.6854670Z copying fixtures/captures/edit_before/report/-_0_0_0/dynamo_output_graph_1.txt -> dynamo_diff-0.1.0/fixtures/captures/edit_before/report/-_0_0_0
core (macos-latest)	Build wheel and source archive	2026-09-07T17:19:02.6858100Z copying fixtures/captures/edit_before/report/-_0_1_0/compilation_metrics_7.html -> dynamo_diff-0.1.0/fixtures/captures/edit_before/report/-_0_1_0
core (macos-latest)	Build wheel and source archive	2026-09-07T17:19:02.6864080Z copying fixtures/captures/edit_before/report/-_0_1_0/dynamo_cpp_guards_str_6.txt -> dynamo_diff-0.1.0/fixtures/captures/edit_before/report/-_0_1_0
core (macos-latest)	Build wheel and source archive	2026-09-07T17:19:02.6866680Z copying fixtures/captures/edit_before/report/-_0_1_0/dynamo_output_graph_5.txt -> dynamo_diff-0.1.0/fixtures/captures/edit_before/report/-_0_1_0
core (macos-latest)	Build wheel and source archive	2026-09-07T17:19:02.6872350Z copying fixtures/captures/edit_before/report/-_0_1_0/recompile_reasons_4.json -> dynamo_diff-0.1.0/fixtures/captures/edit_before/report/-_0_1_0
core (macos-latest)	Build wheel and source archive	2026-09-07T17:19:02.6878720Z copying fixtures/captures/edit_before/report/-_0_2_0/compilation_metrics_11.html -> dynamo_diff-0.1.0/fixtures/captures/edit_before/report/-_0_2_0
core (macos-latest)	Build wheel and source archive	2026-09-07T17:19:02.6883170Z copying fixtures/captures/edit_before/report/-_0_2_0/dynamo_cpp_guards_str_10.txt -> dynamo_diff-0.1.0/fixtures/captures/edit_before/report/-_0_2_0
core (macos-latest)	Build wheel and source archive	2026-09-07T17:19:02.6887490Z copying fixtures/captures/edit_before/report/-_0_2_0/dynamo_output_graph_9.txt -> dynamo_diff-0.1.0/fixtures/captures/edit_before/report/-_0_2_0
core (macos-latest)	Build wheel and source archive	2026-09-07T17:19:02.6900120Z copying fixtures/captures/edit_before/report/-_0_2_0/recompile_reasons_8.json -> dynamo_diff-0.1.0/fixtures/captures/edit_before/report/-_0_2_0
core (macos-latest)	Build wheel and source archive	2026-09-07T17:19:02.6901230Z copying fixtures/captures/edit_before/sources/model.py -> dynamo_diff-0.1.0/fixtures/captures/edit_before/sources
core (macos-latest)	Build wheel and source archive	2026-09-07T17:19:02.6902430Z copying fixtures/captures/grad/conversion.txt -> dynamo_diff-0.1.0/fixtures/captures/grad
core (macos-latest)	Build wheel and source archive	2026-09-07T17:19:02.6908330Z copying fixtures/captures/grad/manifest.json -> dynamo_diff-0.1.0/fixtures/captures/grad
core (macos-latest)	Build wheel and source archive	2026-09-07T17:19:02.6912730Z copying fixtures/captures/grad/stderr.txt -> dynamo_diff-0.1.0/fixtures/captures/grad
core (macos-latest)	Build wheel and source archive	2026-09-07T17:19:02.6919930Z copying fixtures/captures/grad/stdout.txt -> dynamo_diff-0.1.0/fixtures/captures/grad
core (macos-latest)	Build wheel and source archive	2026-09-07T17:19:02.6921680Z copying fixtures/captures/grad/workload-result.json -> dynamo_diff-0.1.0/fixtures/captures/grad
core (macos-latest)	Build wheel and source archive	2026-09-07T17:19:02.6943310Z copying fixtures/captures/grad/raw/dedicated_log_torch_trace_cgjupozt.log -> dynamo_diff-0.1.0/fixtures/captures/grad/raw
core (macos-latest)	Build wheel and source archive	2026-09-07T17:19:02.6945040Z copying fixtures/captures/grad/report/chromium_events.json -> dynamo_diff-0.1.0/fixtures/captures/grad/report
core (macos-latest)	Build wheel and source archive	2026-09-07T17:19:02.6945760Z copying fixtures/captures/grad/report/compile_directory.json -> dynamo_diff-0.1.0/fixtures/captures/grad/report
core (macos-latest)	Build wheel and source archive	2026-09-07T17:19:02.6954460Z copying fixtures/captures/grad/report/failures_and_restarts.html -> dynamo_diff-0.1.0/fixtures/captures/grad/report
core (macos-latest)	Build wheel and source archive	2026-09-07T17:19:02.6959740Z copying fixtures/captures/grad/report/index.html -> dynamo_diff-0.1.0/fixtures/captures/grad/report
core (macos-latest)	Build wheel and source archive	2026-09-07T17:19:02.6967220Z copying fixtures/captures/grad/report/raw.jsonl -> dynamo_diff-0.1.0/fixtures/captures/grad/report
core (macos-latest)	Build wheel and source archive	2026-09-07T17:19:02.6975670Z copying fixtures/captures/grad/report/raw.log -> dynamo_diff-0.1.0/fixtures/captures/grad/report
core (macos-latest)	Build wheel and source archive	2026-09-07T17:19:02.6984460Z copying fixtures/captures/grad/report/-_-_-_-/torch_version_0.json -> dynamo_diff-0.1.0/fixtures/captures/grad/report/-_-_-_-
core (macos-latest)	Build wheel and source archive	2026-09-07T17:19:02.6987060Z copying fixtures/captures/grad/report/-_0_0_0/compilation_metrics_3.html -> dynamo_diff-0.1.0/fixtures/captures/grad/report/-_0_0_0
core (macos-latest)	Build wheel and source archive	2026-09-07T17:19:02.6994020Z copying fixtures/captures/grad/report/-_0_0_0/dynamo_cpp_guards_str_2.txt -> dynamo_diff-0.1.0/fixtures/captures/grad/report/-_0_0_0
core (macos-latest)	Build wheel and source archive	2026-09-07T17:19:02.6998860Z copying fixtures/captures/grad/report/-_0_0_0/dynamo_output_graph_1.txt -> dynamo_diff-0.1.0/fixtures/captures/grad/report/-_0_0_0
core (macos-latest)	Build wheel and source archive	2026-09-07T17:19:02.7004510Z copying fixtures/captures/grad/report/-_0_1_0/compilation_metrics_7.html -> dynamo_diff-0.1.0/fixtures/captures/grad/report/-_0_1_0
core (macos-latest)	Build wheel and source archive	2026-09-07T17:19:02.7007470Z copying fixtures/captures/grad/report/-_0_1_0/dynamo_cpp_guards_str_6.txt -> dynamo_diff-0.1.0/fixtures/captures/grad/report/-_0_1_0
core (macos-latest)	Build wheel and source archive	2026-09-07T17:19:02.7011590Z copying fixtures/captures/grad/report/-_0_1_0/dynamo_output_graph_5.txt -> dynamo_diff-0.1.0/fixtures/captures/grad/report/-_0_1_0
core (macos-latest)	Build wheel and source archive	2026-09-07T17:19:02.7016370Z copying fixtures/captures/grad/report/-_0_1_0/recompile_reasons_4.json -> dynamo_diff-0.1.0/fixtures/captures/grad/report/-_0_1_0
core (macos-latest)	Build wheel and source archive	2026-09-07T17:19:02.7021570Z copying fixtures/captures/grad/sources/compiler_cases.py -> dynamo_diff-0.1.0/fixtures/captures/grad/sources
core (macos-latest)	Build wheel and source archive	2026-09-07T17:19:02.7025130Z copying fixtures/captures/graph_break/conversion.txt -> dynamo_diff-0.1.0/fixtures/captures/graph_break
core (macos-latest)	Build wheel and source archive	2026-09-07T17:19:02.7029340Z copying fixtures/captures/graph_break/manifest.json -> dynamo_diff-0.1.0/fixtures/captures/graph_break
core (macos-latest)	Build wheel and source archive	2026-09-07T17:19:02.7034410Z copying fixtures/captures/graph_break/stderr.txt -> dynamo_diff-0.1.0/fixtures/captures/graph_break
core (macos-latest)	Build wheel and source archive	2026-09-07T17:19:02.7039350Z copying fixtures/captures/graph_break/stdout.txt -> dynamo_diff-0.1.0/fixtures/captures/graph_break
core (macos-latest)	Build wheel and source archive	2026-09-07T17:19:02.7041310Z copying fixtures/captures/graph_break/workload-result.json -> dynamo_diff-0.1.0/fixtures/captures/graph_break
core (macos-latest)	Build wheel and source archive	2026-09-07T17:19:02.7043480Z copying fixtures/captures/graph_break/raw/dedicated_log_torch_trace_sam21mqs.log -> dynamo_diff-0.1.0/fixtures/captures/graph_break/raw
core (macos-latest)	Build wheel and source archive	2026-09-07T17:19:02.7051400Z copying fixtures/captures/graph_break/report/chromium_events.json -> dynamo_diff-0.1.0/fixtures/captures/graph_break/report
core (macos-latest)	Build wheel and source archive	2026-09-07T17:19:02.7056690Z copying fixtures/captures/graph_break/report/compile_directory.json -> dynamo_diff-0.1.0/fixtures/captures/graph_break/report
core (macos-latest)	Build wheel and source archive	2026-09-07T17:19:02.7062550Z copying fixtures/captures/graph_break/report/failures_and_restarts.html -> dynamo_diff-0.1.0/fixtures/captures/graph_break/report
core (macos-latest)	Build wheel and source archive	2026-09-07T17:19:02.7066660Z copying fixtures/captures/graph_break/report/index.html -> dynamo_diff-0.1.0/fixtures/captures/graph_break/report
core (macos-latest)	Build wheel and source archive	2026-09-07T17:19:02.7071860Z copying fixtures/captures/graph_break/report/raw.jsonl -> dynamo_diff-0.1.0/fixtures/captures/graph_break/report
core (macos-latest)	Build wheel and source archive	2026-09-07T17:19:02.7078860Z copying fixtures/captures/graph_break/report/raw.log -> dynamo_diff-0.1.0/fixtures/captures/graph_break/report
core (macos-latest)	Build wheel and source archive	2026-09-07T17:19:02.7087980Z copying fixtures/captures/graph_break/report/-_-_-_-/torch_version_0.json -> dynamo_diff-0.1.0/fixtures/captures/graph_break/report/-_-_-_-
core (macos-latest)	Build wheel and source archive	2026-09-07T17:19:02.7090850Z copying fixtures/captures/graph_break/report/-_0_0_0/dynamo_graph_break_reason_1.txt -> dynamo_diff-0.1.0/fixtures/captures/graph_break/report/-_0_0_0
core (macos-latest)	Build wheel and source archive	2026-09-07T17:19:02.7093480Z copying fixtures/captures/graph_break/report/-_0_0_1/compilation_metrics_4.html -> dynamo_diff-0.1.0/fixtures/captures/graph_break/report/-_0_0_1
core (macos-latest)	Build wheel and source archive	2026-09-07T17:19:02.7098250Z copying fixtures/captures/graph_break/report/-_0_0_1/dynamo_cpp_guards_str_3.txt -> dynamo_diff-0.1.0/fixtures/captures/graph_break/report/-_0_0_1
core (macos-latest)	Build wheel and source archive	2026-09-07T17:19:02.7102270Z copying fixtures/captures/graph_break/report/-_0_0_1/dynamo_output_graph_2.txt -> dynamo_diff-0.1.0/fixtures/captures/graph_break/report/-_0_0_1
core (macos-latest)	Build wheel and source archive	2026-09-07T17:19:02.7108590Z copying fixtures/captures/graph_break/report/-_1_0_0/compilation_metrics_9.html -> dynamo_diff-0.1.0/fixtures/captures/graph_break/report/-_1_0_0
core (macos-latest)	Build wheel and source archive	2026-09-07T17:19:02.7111810Z copying fixtures/captures/graph_break/report/-_1_0_0/dynamo_cpp_guards_str_8.txt -> dynamo_diff-0.1.0/fixtures/captures/graph_break/report/-_1_0_0
core (macos-latest)	Build wheel and source archive	2026-09-07T17:19:02.7113430Z copying fixtures/captures/graph_break/report/-_1_0_0/dynamo_output_graph_6.txt -> dynamo_diff-0.1.0/fixtures/captures/graph_break/report/-_1_0_0
core (macos-latest)	Build wheel and source archive	2026-09-07T17:19:02.7116160Z copying fixtures/captures/graph_break/report/-_1_0_0/torch_dynamo_resume_in_graph_break_compute_at_22_MODIFIED_BYTECODE_7.txt -> dynamo_diff-0.1.0/fixtures/captures/graph_break/report/-_1_0_0
core (macos-latest)	Build wheel and source archive	2026-09-07T17:19:02.7119210Z copying fixtures/captures/graph_break/report/-_1_0_0/torch_dynamo_resume_in_graph_break_compute_at_22_ORIGINAL_BYTECODE_5.txt -> dynamo_diff-0.1.0/fixtures/captures/graph_break/report/-_1_0_0
core (macos-latest)	Build wheel and source archive	2026-09-07T17:19:02.7122980Z copying fixtures/captures/graph_break/sources/compiler_cases.py -> dynamo_diff-0.1.0/fixtures/captures/graph_break/sources
core (macos-latest)	Build wheel and source archive	2026-09-07T17:19:02.7124290Z copying fixtures/captures/identity/conversion.txt -> dynamo_diff-0.1.0/fixtures/captures/identity
core (macos-latest)	Build wheel and source archive	2026-09-07T17:19:02.7127890Z copying fixtures/captures/identity/manifest.json -> dynamo_diff-0.1.0/fixtures/captures/identity
core (macos-latest)	Build wheel and source archive	2026-09-07T17:19:02.7130600Z copying fixtures/captures/identity/stderr.txt -> dynamo_diff-0.1.0/fixtures/captures/identity
core (macos-latest)	Build wheel and source archive	2026-09-07T17:19:02.7135410Z copying fixtures/captures/identity/stdout.txt -> dynamo_diff-0.1.0/fixtures/captures/identity
core (macos-latest)	Build wheel and source archive	2026-09-07T17:19:02.7137290Z copying fixtures/captures/identity/workload-result.json -> dynamo_diff-0.1.0/fixtures/captures/identity
core (macos-latest)	Build wheel and source archive	2026-09-07T17:19:02.7142270Z copying fixtures/captures/identity/raw/dedicated_log_torch_trace_ddfbqjww.log -> dynamo_diff-0.1.0/fixtures/captures/identity/raw
core (macos-latest)	Build wheel and source archive	2026-09-07T17:19:02.7151160Z copying fixtures/captures/identity/report/chromium_events.json -> dynamo_diff-0.1.0/fixtures/captures/identity/report
core (macos-latest)	Build wheel and source archive	2026-09-07T17:19:02.7156370Z copying fixtures/captures/identity/report/compile_directory.json -> dynamo_diff-0.1.0/fixtures/captures/identity/report
core (macos-latest)	Build wheel and source archive	2026-09-07T17:19:02.7161630Z copying fixtures/captures/identity/report/failures_and_restarts.html -> dynamo_diff-0.1.0/fixtures/captures/identity/report
core (macos-latest)	Build wheel and source archive	2026-09-07T17:19:02.7164220Z copying fixtures/captures/identity/report/index.html -> dynamo_diff-0.1.0/fixtures/captures/identity/report
core (macos-latest)	Build wheel and source archive	2026-09-07T17:19:02.7171940Z copying fixtures/captures/identity/report/raw.jsonl -> dynamo_diff-0.1.0/fixtures/captures/identity/report
core (macos-latest)	Build wheel and source archive	2026-09-07T17:19:02.7180590Z copying fixtures/captures/identity/report/raw.log -> dynamo_diff-0.1.0/fixtures/captures/identity/report
core (macos-latest)	Build wheel and source archive	2026-09-07T17:19:02.7189490Z copying fixtures/captures/identity/report/-_-_-_-/torch_version_0.json -> dynamo_diff-0.1.0/fixtures/captures/identity/report/-_-_-_-
core (macos-latest)	Build wheel and source archive	2026-09-07T17:19:02.7193810Z copying fixtures/captures/identity/report/-_0_0_0/compilation_metrics_3.html -> dynamo_diff-0.1.0/fixtures/captures/identity/report/-_0_0_0
core (macos-latest)	Build wheel and source archive	2026-09-07T17:19:02.7201020Z copying fixtures/captures/identity/report/-_0_0_0/dynamo_cpp_guards_str_2.txt -> dynamo_diff-0.1.0/fixtures/captures/identity/report/-_0_0_0
core (macos-latest)	Build wheel and source archive	2026-09-07T17:19:02.7204450Z copying fixtures/captures/identity/report/-_0_0_0/dynamo_output_graph_1.txt -> dynamo_diff-0.1.0/fixtures/captures/identity/report/-_0_0_0
core (macos-latest)	Build wheel and source archive	2026-09-07T17:19:02.7207820Z copying fixtures/captures/identity/report/-_0_1_0/compilation_metrics_7.html -> dynamo_diff-0.1.0/fixtures/captures/identity/report/-_0_1_0
core (macos-latest)	Build wheel and source archive	2026-09-07T17:19:02.7211350Z copying fixtures/captures/identity/report/-_0_1_0/dynamo_cpp_guards_str_6.txt -> dynamo_diff-0.1.0/fixtures/captures/identity/report/-_0_1_0
core (macos-latest)	Build wheel and source archive	2026-09-07T17:19:02.7216420Z copying fixtures/captures/identity/report/-_0_1_0/dynamo_output_graph_5.txt -> dynamo_diff-0.1.0/fixtures/captures/identity/report/-_0_1_0
core (macos-latest)	Build wheel and source archive	2026-09-07T17:19:02.7222090Z copying fixtures/captures/identity/report/-_0_1_0/recompile_reasons_4.json -> dynamo_diff-0.1.0/fixtures/captures/identity/report/-_0_1_0
core (macos-latest)	Build wheel and source archive	2026-09-07T17:19:02.7227380Z copying fixtures/captures/identity/report/-_0_2_0/compilation_metrics_11.html -> dynamo_diff-0.1.0/fixtures/captures/identity/report/-_0_2_0
core (macos-latest)	Build wheel and source archive	2026-09-07T17:19:02.7233400Z copying fixtures/captures/identity/report/-_0_2_0/dynamo_cpp_guards_str_10.txt -> dynamo_diff-0.1.0/fixtures/captures/identity/report/-_0_2_0
core (macos-latest)	Build wheel and source archive	2026-09-07T17:19:02.7236820Z copying fixtures/captures/identity/report/-_0_2_0/dynamo_output_graph_9.txt -> dynamo_diff-0.1.0/fixtures/captures/identity/report/-_0_2_0
core (macos-latest)	Build wheel and source archive	2026-09-07T17:19:02.7241680Z copying fixtures/captures/identity/report/-_0_2_0/recompile_reasons_8.json -> dynamo_diff-0.1.0/fixtures/captures/identity/report/-_0_2_0
core (macos-latest)	Build wheel and source archive	2026-09-07T17:19:02.7248310Z copying fixtures/captures/identity/sources/compiler_cases.py -> dynamo_diff-0.1.0/fixtures/captures/identity/sources
core (macos-latest)	Build wheel and source archive	2026-09-07T17:19:02.7254420Z copying fixtures/captures/identity_partitioned/conversion.txt -> dynamo_diff-0.1.0/fixtures/captures/identity_partitioned
core (macos-latest)	Build wheel and source archive	2026-09-07T17:19:02.7257010Z copying fixtures/captures/identity_partitioned/manifest.json -> dynamo_diff-0.1.0/fixtures/captures/identity_partitioned
core (macos-latest)	Build wheel and source archive	2026-09-07T17:19:02.7261400Z copying fixtures/captures/identity_partitioned/stderr.txt -> dynamo_diff-0.1.0/fixtures/captures/identity_partitioned
core (macos-latest)	Build wheel and source archive	2026-09-07T17:19:02.7271940Z copying fixtures/captures/identity_partitioned/stdout.txt -> dynamo_diff-0.1.0/fixtures/captures/identity_partitioned
core (macos-latest)	Build wheel and source archive	2026-09-07T17:19:02.7273430Z copying fixtures/captures/identity_partitioned/workload-result.json -> dynamo_diff-0.1.0/fixtures/captures/identity_partitioned
core (macos-latest)	Build wheel and source archive	2026-09-07T17:19:02.7278070Z copying fixtures/captures/identity_partitioned/raw/dedicated_log_torch_trace_y2569el1.log -> dynamo_diff-0.1.0/fixtures/captures/identity_partitioned/raw
core (macos-latest)	Build wheel and source archive	2026-09-07T17:19:02.7287710Z copying fixtures/captures/identity_partitioned/report/chromium_events.json -> dynamo_diff-0.1.0/fixtures/captures/identity_partitioned/report
core (macos-latest)	Build wheel and source archive	2026-09-07T17:19:02.7292350Z copying fixtures/captures/identity_partitioned/report/compile_directory.json -> dynamo_diff-0.1.0/fixtures/captures/identity_partitioned/report
core (macos-latest)	Build wheel and source archive	2026-09-07T17:19:02.7296940Z copying fixtures/captures/identity_partitioned/report/failures_and_restarts.html -> dynamo_diff-0.1.0/fixtures/captures/identity_partitioned/report
core (macos-latest)	Build wheel and source archive	2026-09-07T17:19:02.7301450Z copying fixtures/captures/identity_partitioned/report/index.html -> dynamo_diff-0.1.0/fixtures/captures/identity_partitioned/report
core (macos-latest)	Build wheel and source archive	2026-09-07T17:19:02.7305550Z copying fixtures/captures/identity_partitioned/report/raw.jsonl -> dynamo_diff-0.1.0/fixtures/captures/identity_partitioned/report
core (macos-latest)	Build wheel and source archive	2026-09-07T17:19:02.7313090Z copying fixtures/captures/identity_partitioned/report/raw.log -> dynamo_diff-0.1.0/fixtures/captures/identity_partitioned/report
core (macos-latest)	Build wheel and source archive	2026-09-07T17:19:02.7321960Z copying fixtures/captures/identity_partitioned/report/-_-_-_-/torch_version_0.json -> dynamo_diff-0.1.0/fixtures/captures/identity_partitioned/report/-_-_-_-
core (macos-latest)	Build wheel and source archive	2026-09-07T17:19:02.7326460Z copying fixtures/captures/identity_partitioned/report/-_0_0_0/compilation_metrics_3.html -> dynamo_diff-0.1.0/fixtures/captures/identity_partitioned/report/-_0_0_0
core (macos-latest)	Build wheel and source archive	2026-09-07T17:19:02.7330750Z copying fixtures/captures/identity_partitioned/report/-_0_0_0/dynamo_cpp_guards_str_2.txt -> dynamo_diff-0.1.0/fixtures/captures/identity_partitioned/report/-_0_0_0
core (macos-latest)	Build wheel and source archive	2026-09-07T17:19:02.7337990Z copying fixtures/captures/identity_partitioned/report/-_0_0_0/dynamo_output_graph_1.txt -> dynamo_diff-0.1.0/fixtures/captures/identity_partitioned/report/-_0_0_0
core (macos-latest)	Build wheel and source archive	2026-09-07T17:19:02.7343950Z copying fixtures/captures/identity_partitioned/report/-_0_1_0/compilation_metrics_6.html -> dynamo_diff-0.1.0/fixtures/captures/identity_partitioned/report/-_0_1_0
core (macos-latest)	Build wheel and source archive	2026-09-07T17:19:02.7350620Z copying fixtures/captures/identity_partitioned/report/-_0_1_0/dynamo_cpp_guards_str_5.txt -> dynamo_diff-0.1.0/fixtures/captures/identity_partitioned/report/-_0_1_0
core (macos-latest)	Build wheel and source archive	2026-09-07T17:19:02.7354180Z copying fixtures/captures/identity_partitioned/report/-_0_1_0/dynamo_output_graph_4.txt -> dynamo_diff-0.1.0/fixtures/captures/identity_partitioned/report/-_0_1_0
core (macos-latest)	Build wheel and source archive	2026-09-07T17:19:02.7357830Z copying fixtures/captures/identity_partitioned/report/-_0_2_0/compilation_metrics_9.html -> dynamo_diff-0.1.0/fixtures/captures/identity_partitioned/report/-_0_2_0
core (macos-latest)	Build wheel and source archive	2026-09-07T17:19:02.7361050Z copying fixtures/captures/identity_partitioned/report/-_0_2_0/dynamo_cpp_guards_str_8.txt -> dynamo_diff-0.1.0/fixtures/captures/identity_partitioned/report/-_0_2_0
core (macos-latest)	Build wheel and source archive	2026-09-07T17:19:02.7366150Z copying fixtures/captures/identity_partitioned/report/-_0_2_0/dynamo_output_graph_7.txt -> dynamo_diff-0.1.0/fixtures/captures/identity_partitioned/report/-_0_2_0
core (macos-latest)	Build wheel and source archive	2026-09-07T17:19:02.7369670Z copying fixtures/captures/identity_partitioned/sources/compiler_cases.py -> dynamo_diff-0.1.0/fixtures/captures/identity_partitioned/sources
core (macos-latest)	Build wheel and source archive	2026-09-07T17:19:02.7374880Z copying fixtures/captures/limit/conversion.txt -> dynamo_diff-0.1.0/fixtures/captures/limit
core (macos-latest)	Build wheel and source archive	2026-09-07T17:19:02.7378610Z copying fixtures/captures/limit/manifest.json -> dynamo_diff-0.1.0/fixtures/captures/limit
core (macos-latest)	Build wheel and source archive	2026-09-07T17:19:02.7383390Z copying fixtures/captures/limit/stderr.txt -> dynamo_diff-0.1.0/fixtures/captures/limit
core (macos-latest)	Build wheel and source archive	2026-09-07T17:19:02.7389310Z copying fixtures/captures/limit/stdout.txt -> dynamo_diff-0.1.0/fixtures/captures/limit
core (macos-latest)	Build wheel and source archive	2026-09-07T17:19:02.7390950Z copying fixtures/captures/limit/workload-result.json -> dynamo_diff-0.1.0/fixtures/captures/limit
core (macos-latest)	Build wheel and source archive	2026-09-07T17:19:02.7395320Z copying fixtures/captures/limit/raw/dedicated_log_torch_trace_j2999d7f.log -> dynamo_diff-0.1.0/fixtures/captures/limit/raw
core (macos-latest)	Build wheel and source archive	2026-09-07T17:19:02.7404960Z copying fixtures/captures/limit/report/chromium_events.json -> dynamo_diff-0.1.0/fixtures/captures/limit/report
core (macos-latest)	Build wheel and source archive	2026-09-07T17:19:02.7409160Z copying fixtures/captures/limit/report/compile_directory.json -> dynamo_diff-0.1.0/fixtures/captures/limit/report
core (macos-latest)	Build wheel and source archive	2026-09-07T17:19:02.7413250Z copying fixtures/captures/limit/report/failures_and_restarts.html -> dynamo_diff-0.1.0/fixtures/captures/limit/report
core (macos-latest)	Build wheel and source archive	2026-09-07T17:19:02.7417220Z copying fixtures/captures/limit/report/index.html -> dynamo_diff-0.1.0/fixtures/captures/limit/report
core (macos-latest)	Build wheel and source archive	2026-09-07T17:19:02.7422850Z copying fixtures/captures/limit/report/raw.jsonl -> dynamo_diff-0.1.0/fixtures/captures/limit/report
core (macos-latest)	Build wheel and source archive	2026-09-07T17:19:02.7431370Z copying fixtures/captures/limit/report/raw.log -> dynamo_diff-0.1.0/fixtures/captures/limit/report
core (macos-latest)	Build wheel and source archive	2026-09-07T17:19:02.7439520Z copying fixtures/captures/limit/report/-_-_-_-/torch_version_0.json -> dynamo_diff-0.1.0/fixtures/captures/limit/report/-_-_-_-
core (macos-latest)	Build wheel and source archive	2026-09-07T17:19:02.7443930Z copying fixtures/captures/limit/report/-_0_0_0/compilation_metrics_3.html -> dynamo_diff-0.1.0/fixtures/captures/limit/report/-_0_0_0
core (macos-latest)	Build wheel and source archive	2026-09-07T17:19:02.7448450Z copying fixtures/captures/limit/report/-_0_0_0/dynamo_cpp_guards_str_2.txt -> dynamo_diff-0.1.0/fixtures/captures/limit/report/-_0_0_0
core (macos-latest)	Build wheel and source archive	2026-09-07T17:19:02.7454060Z copying fixtures/captures/limit/report/-_0_0_0/dynamo_output_graph_1.txt -> dynamo_diff-0.1.0/fixtures/captures/limit/report/-_0_0_0
core (macos-latest)	Build wheel and source archive	2026-09-07T17:19:02.7457750Z copying fixtures/captures/limit/report/-_0_1_0/compilation_metrics_7.html -> dynamo_diff-0.1.0/fixtures/captures/limit/report/-_0_1_0
core (macos-latest)	Build wheel and source archive	2026-09-07T17:19:02.7462310Z copying fixtures/captures/limit/report/-_0_1_0/dynamo_cpp_guards_str_6.txt -> dynamo_diff-0.1.0/fixtures/captures/limit/report/-_0_1_0
core (macos-latest)	Build wheel and source archive	2026-09-07T17:19:02.7467550Z copying fixtures/captures/limit/report/-_0_1_0/dynamo_output_graph_5.txt -> dynamo_diff-0.1.0/fixtures/captures/limit/report/-_0_1_0
core (macos-latest)	Build wheel and source archive	2026-09-07T17:19:02.7473670Z copying fixtures/captures/limit/report/-_0_1_0/recompile_reasons_4.json -> dynamo_diff-0.1.0/fixtures/captures/limit/report/-_0_1_0
core (macos-latest)	Build wheel and source archive	2026-09-07T17:19:02.7476470Z copying fixtures/captures/limit/report/-_0_2_0/compilation_metrics_9.html -> dynamo_diff-0.1.0/fixtures/captures/limit/report/-_0_2_0
core (macos-latest)	Build wheel and source archive	2026-09-07T17:19:02.7478360Z copying fixtures/captures/limit/report/-_0_2_0/recompile_reasons_8.json -> dynamo_diff-0.1.0/fixtures/captures/limit/report/-_0_2_0
core (macos-latest)	Build wheel and source archive	2026-09-07T17:19:02.7480070Z copying fixtures/captures/limit/sources/compiler_cases.py -> dynamo_diff-0.1.0/fixtures/captures/limit/sources
core (macos-latest)	Build wheel and source archive	2026-09-07T17:19:02.7482920Z copying fixtures/captures/multiple_guards/conversion.txt -> dynamo_diff-0.1.0/fixtures/captures/multiple_guards
core (macos-latest)	Build wheel and source archive	2026-09-07T17:19:02.7489600Z copying fixtures/captures/multiple_guards/manifest.json -> dynamo_diff-0.1.0/fixtures/captures/multiple_guards
core (macos-latest)	Build wheel and source archive	2026-09-07T17:19:02.7494930Z copying fixtures/captures/multiple_guards/stderr.txt -> dynamo_diff-0.1.0/fixtures/captures/multiple_guards
core (macos-latest)	Build wheel and source archive	2026-09-07T17:19:02.7500200Z copying fixtures/captures/multiple_guards/stdout.txt -> dynamo_diff-0.1.0/fixtures/captures/multiple_guards
core (macos-latest)	Build wheel and source archive	2026-09-07T17:19:02.7502260Z copying fixtures/captures/multiple_guards/workload-result.json -> dynamo_diff-0.1.0/fixtures/captures/multiple_guards
core (macos-latest)	Build wheel and source archive	2026-09-07T17:19:02.7504090Z copying fixtures/captures/multiple_guards/raw/dedicated_log_torch_trace_pdh9d9y2.log -> dynamo_diff-0.1.0/fixtures/captures/multiple_guards/raw
core (macos-latest)	Build wheel and source archive	2026-09-07T17:19:02.7514210Z copying fixtures/captures/multiple_guards/report/chromium_events.json -> dynamo_diff-0.1.0/fixtures/captures/multiple_guards/report
core (macos-latest)	Build wheel and source archive	2026-09-07T17:19:02.7518940Z copying fixtures/captures/multiple_guards/report/compile_directory.json -> dynamo_diff-0.1.0/fixtures/captures/multiple_guards/report
core (macos-latest)	Build wheel and source archive	2026-09-07T17:19:02.7524530Z copying fixtures/captures/multiple_guards/report/failures_and_restarts.html -> dynamo_diff-0.1.0/fixtures/captures/multiple_guards/report
core (macos-latest)	Build wheel and source archive	2026-09-07T17:19:02.7528960Z copying fixtures/captures/multiple_guards/report/index.html -> dynamo_diff-0.1.0/fixtures/captures/multiple_guards/report
core (macos-latest)	Build wheel and source archive	2026-09-07T17:19:02.7534390Z copying fixtures/captures/multiple_guards/report/raw.jsonl -> dynamo_diff-0.1.0/fixtures/captures/multiple_guards/report
core (macos-latest)	Build wheel and source archive	2026-09-07T17:19:02.7543190Z copying fixtures/captures/multiple_guards/report/raw.log -> dynamo_diff-0.1.0/fixtures/captures/multiple_guards/report
core (macos-latest)	Build wheel and source archive	2026-09-07T17:19:02.7552690Z copying fixtures/captures/multiple_guards/report/-_-_-_-/torch_version_0.json -> dynamo_diff-0.1.0/fixtures/captures/multiple_guards/report/-_-_-_-
core (macos-latest)	Build wheel and source archive	2026-09-07T17:19:02.7557520Z copying fixtures/captures/multiple_guards/report/-_0_0_0/compilation_metrics_3.html -> dynamo_diff-0.1.0/fixtures/captures/multiple_guards/report/-_0_0_0
core (macos-latest)	Build wheel and source archive	2026-09-07T17:19:02.7561870Z copying fixtures/captures/multiple_guards/report/-_0_0_0/dynamo_cpp_guards_str_2.txt -> dynamo_diff-0.1.0/fixtures/captures/multiple_guards/report/-_0_0_0
core (macos-latest)	Build wheel and source archive	2026-09-07T17:19:02.7565090Z copying fixtures/captures/multiple_guards/report/-_0_0_0/dynamo_output_graph_1.txt -> dynamo_diff-0.1.0/fixtures/captures/multiple_guards/report/-_0_0_0
core (macos-latest)	Build wheel and source archive	2026-09-07T17:19:02.7570030Z copying fixtures/captures/multiple_guards/report/-_0_1_0/compilation_metrics_7.html -> dynamo_diff-0.1.0/fixtures/captures/multiple_guards/report/-_0_1_0
core (macos-latest)	Build wheel and source archive	2026-09-07T17:19:02.7574970Z copying fixtures/captures/multiple_guards/report/-_0_1_0/dynamo_cpp_guards_str_6.txt -> dynamo_diff-0.1.0/fixtures/captures/multiple_guards/report/-_0_1_0
core (macos-latest)	Build wheel and source archive	2026-09-07T17:19:02.7577280Z copying fixtures/captures/multiple_guards/report/-_0_1_0/dynamo_output_graph_5.txt -> dynamo_diff-0.1.0/fixtures/captures/multiple_guards/report/-_0_1_0
core (macos-latest)	Build wheel and source archive	2026-09-07T17:19:02.7582770Z copying fixtures/captures/multiple_guards/report/-_0_1_0/recompile_reasons_4.json -> dynamo_diff-0.1.0/fixtures/captures/multiple_guards/report/-_0_1_0
core (macos-latest)	Build wheel and source archive	2026-09-07T17:19:02.7586130Z copying fixtures/captures/multiple_guards/report/-_0_2_0/compilation_metrics_11.html -> dynamo_diff-0.1.0/fixtures/captures/multiple_guards/report/-_0_2_0
core (macos-latest)	Build wheel and source archive	2026-09-07T17:19:02.7590290Z copying fixtures/captures/multiple_guards/report/-_0_2_0/dynamo_cpp_guards_str_10.txt -> dynamo_diff-0.1.0/fixtures/captures/multiple_guards/report/-_0_2_0
core (macos-latest)	Build wheel and source archive	2026-09-07T17:19:02.7594470Z copying fixtures/captures/multiple_guards/report/-_0_2_0/dynamo_output_graph_9.txt -> dynamo_diff-0.1.0/fixtures/captures/multiple_guards/report/-_0_2_0
core (macos-latest)	Build wheel and source archive	2026-09-07T17:19:02.7598710Z copying fixtures/captures/multiple_guards/report/-_0_2_0/recompile_reasons_8.json -> dynamo_diff-0.1.0/fixtures/captures/multiple_guards/report/-_0_2_0
core (macos-latest)	Build wheel and source archive	2026-09-07T17:19:02.7604820Z copying fixtures/captures/multiple_guards/sources/compiler_cases.py -> dynamo_diff-0.1.0/fixtures/captures/multiple_guards/sources
core (macos-latest)	Build wheel and source archive	2026-09-07T17:19:02.7607430Z copying fixtures/captures/no_graph/conversion.txt -> dynamo_diff-0.1.0/fixtures/captures/no_graph
core (macos-latest)	Build wheel and source archive	2026-09-07T17:19:02.7613770Z copying fixtures/captures/no_graph/manifest.json -> dynamo_diff-0.1.0/fixtures/captures/no_graph
core (macos-latest)	Build wheel and source archive	2026-09-07T17:19:02.7618650Z copying fixtures/captures/no_graph/stderr.txt -> dynamo_diff-0.1.0/fixtures/captures/no_graph
core (macos-latest)	Build wheel and source archive	2026-09-07T17:19:02.7623960Z copying fixtures/captures/no_graph/stdout.txt -> dynamo_diff-0.1.0/fixtures/captures/no_graph
core (macos-latest)	Build wheel and source archive	2026-09-07T17:19:02.7626420Z copying fixtures/captures/no_graph/workload-result.json -> dynamo_diff-0.1.0/fixtures/captures/no_graph
core (macos-latest)	Build wheel and source archive	2026-09-07T17:19:02.7629480Z copying fixtures/captures/no_graph/raw/dedicated_log_torch_trace_rilshkzg.log -> dynamo_diff-0.1.0/fixtures/captures/no_graph/raw
core (macos-latest)	Build wheel and source archive	2026-09-07T17:19:02.7635740Z copying fixtures/captures/no_graph/report/chromium_events.json -> dynamo_diff-0.1.0/fixtures/captures/no_graph/report
core (macos-latest)	Build wheel and source archive	2026-09-07T17:19:02.7640660Z copying fixtures/captures/no_graph/report/compile_directory.json -> dynamo_diff-0.1.0/fixtures/captures/no_graph/report
core (macos-latest)	Build wheel and source archive	2026-09-07T17:19:02.7645240Z copying fixtures/captures/no_graph/report/failures_and_restarts.html -> dynamo_diff-0.1.0/fixtures/captures/no_graph/report
core (macos-latest)	Build wheel and source archive	2026-09-07T17:19:02.7650990Z copying fixtures/captures/no_graph/report/index.html -> dynamo_diff-0.1.0/fixtures/captures/no_graph/report
core (macos-latest)	Build wheel and source archive	2026-09-07T17:19:02.7656440Z copying fixtures/captures/no_graph/report/raw.jsonl -> dynamo_diff-0.1.0/fixtures/captures/no_graph/report
core (macos-latest)	Build wheel and source archive	2026-09-07T17:19:02.7662230Z copying fixtures/captures/no_graph/report/raw.log -> dynamo_diff-0.1.0/fixtures/captures/no_graph/report
core (macos-latest)	Build wheel and source archive	2026-09-07T17:19:02.7668990Z copying fixtures/captures/no_graph/report/-_-_-_-/torch_version_0.json -> dynamo_diff-0.1.0/fixtures/captures/no_graph/report/-_-_-_-
core (macos-latest)	Build wheel and source archive	2026-09-07T17:19:02.7673470Z copying fixtures/captures/no_graph/report/-_0_0_0/compilation_metrics_1.html -> dynamo_diff-0.1.0/fixtures/captures/no_graph/report/-_0_0_0
core (macos-latest)	Build wheel and source archive	2026-09-07T17:19:02.7676250Z copying fixtures/captures/no_graph/sources/compiler_cases.py -> dynamo_diff-0.1.0/fixtures/captures/no_graph/sources
core (macos-latest)	Build wheel and source archive	2026-09-07T17:19:02.7680730Z copying fixtures/captures/scalar/conversion.txt -> dynamo_diff-0.1.0/fixtures/captures/scalar
core (macos-latest)	Build wheel and source archive	2026-09-07T17:19:02.7686110Z copying fixtures/captures/scalar/manifest.json -> dynamo_diff-0.1.0/fixtures/captures/scalar
core (macos-latest)	Build wheel and source archive	2026-09-07T17:19:02.7689330Z copying fixtures/captures/scalar/stderr.txt -> dynamo_diff-0.1.0/fixtures/captures/scalar
core (macos-latest)	Build wheel and source archive	2026-09-07T17:19:02.7693090Z copying fixtures/captures/scalar/stdout.txt -> dynamo_diff-0.1.0/fixtures/captures/scalar
core (macos-latest)	Build wheel and source archive	2026-09-07T17:19:02.7694590Z copying fixtures/captures/scalar/workload-result.json -> dynamo_diff-0.1.0/fixtures/captures/scalar
core (macos-latest)	Build wheel and source archive	2026-09-07T17:19:02.7698830Z copying fixtures/captures/scalar/raw/dedicated_log_torch_trace_sxtxxr97.log -> dynamo_diff-0.1.0/fixtures/captures/scalar/raw
core (macos-latest)	Build wheel and source archive	2026-09-07T17:19:02.7705480Z copying fixtures/captures/scalar/report/chromium_events.json -> dynamo_diff-0.1.0/fixtures/captures/scalar/report
core (macos-latest)	Build wheel and source archive	2026-09-07T17:19:02.7709880Z copying fixtures/captures/scalar/report/compile_directory.json -> dynamo_diff-0.1.0/fixtures/captures/scalar/report
core (macos-latest)	Build wheel and source archive	2026-09-07T17:19:02.7713900Z copying fixtures/captures/scalar/report/failures_and_restarts.html -> dynamo_diff-0.1.0/fixtures/captures/scalar/report
core (macos-latest)	Build wheel and source archive	2026-09-07T17:19:02.7719660Z copying fixtures/captures/scalar/report/index.html -> dynamo_diff-0.1.0/fixtures/captures/scalar/report
core (macos-latest)	Build wheel and source archive	2026-09-07T17:19:02.7723860Z copying fixtures/captures/scalar/report/raw.jsonl -> dynamo_diff-0.1.0/fixtures/captures/scalar/report
core (macos-latest)	Build wheel and source archive	2026-09-07T17:19:02.7736450Z copying fixtures/captures/scalar/report/raw.log -> dynamo_diff-0.1.0/fixtures/captures/scalar/report
core (macos-latest)	Build wheel and source archive	2026-09-07T17:19:02.7747760Z copying fixtures/captures/scalar/report/-_-_-_-/torch_version_0.json -> dynamo_diff-0.1.0/fixtures/captures/scalar/report/-_-_-_-
core (macos-latest)	Build wheel and source archive	2026-09-07T17:19:02.7754040Z copying fixtures/captures/scalar/report/-_0_0_0/compilation_metrics_3.html -> dynamo_diff-0.1.0/fixtures/captures/scalar/report/-_0_0_0
core (macos-latest)	Build wheel and source archive	2026-09-07T17:19:02.7762220Z copying fixtures/captures/scalar/report/-_0_0_0/dynamo_cpp_guards_str_2.txt -> dynamo_diff-0.1.0/fixtures/captures/scalar/report/-_0_0_0
core (macos-latest)	Build wheel and source archive	2026-09-07T17:19:02.7766650Z copying fixtures/captures/scalar/report/-_0_0_0/dynamo_output_graph_1.txt -> dynamo_diff-0.1.0/fixtures/captures/scalar/report/-_0_0_0
core (macos-latest)	Build wheel and source archive	2026-09-07T17:19:02.7771670Z copying fixtures/captures/scalar/report/-_0_1_0/compilation_metrics_7.html -> dynamo_diff-0.1.0/fixtures/captures/scalar/report/-_0_1_0
core (macos-latest)	Build wheel and source archive	2026-09-07T17:19:02.7777730Z copying fixtures/captures/scalar/report/-_0_1_0/dynamo_cpp_guards_str_6.txt -> dynamo_diff-0.1.0/fixtures/captures/scalar/report/-_0_1_0
core (macos-latest)	Build wheel and source archive	2026-09-07T17:19:02.7782510Z copying fixtures/captures/scalar/report/-_0_1_0/dynamo_output_graph_5.txt -> dynamo_diff-0.1.0/fixtures/captures/scalar/report/-_0_1_0
core (macos-latest)	Build wheel and source archive	2026-09-07T17:19:02.7784650Z copying fixtures/captures/scalar/report/-_0_1_0/recompile_reasons_4.json -> dynamo_diff-0.1.0/fixtures/captures/scalar/report/-_0_1_0
core (macos-latest)	Build wheel and source archive	2026-09-07T17:19:02.7787040Z copying fixtures/captures/scalar/sources/compiler_cases.py -> dynamo_diff-0.1.0/fixtures/captures/scalar/sources
core (macos-latest)	Build wheel and source archive	2026-09-07T17:19:02.7791370Z copying fixtures/captures/shape/conversion.txt -> dynamo_diff-0.1.0/fixtures/captures/shape
core (macos-latest)	Build wheel and source archive	2026-09-07T17:19:02.7797420Z copying fixtures/captures/shape/manifest.json -> dynamo_diff-0.1.0/fixtures/captures/shape
core (macos-latest)	Build wheel and source archive	2026-09-07T17:19:02.7799250Z copying fixtures/captures/shape/stderr.txt -> dynamo_diff-0.1.0/fixtures/captures/shape
core (macos-latest)	Build wheel and source archive	2026-09-07T17:19:02.7804140Z copying fixtures/captures/shape/stdout.txt -> dynamo_diff-0.1.0/fixtures/captures/shape
core (macos-latest)	Build wheel and source archive	2026-09-07T17:19:02.7805850Z copying fixtures/captures/shape/workload-result.json -> dynamo_diff-0.1.0/fixtures/captures/shape
core (macos-latest)	Build wheel and source archive	2026-09-07T17:19:02.7811450Z copying fixtures/captures/shape/raw/dedicated_log_torch_trace_df2kmuni.log -> dynamo_diff-0.1.0/fixtures/captures/shape/raw
core (macos-latest)	Build wheel and source archive	2026-09-07T17:19:02.7828950Z copying fixtures/captures/shape/report/chromium_events.json -> dynamo_diff-0.1.0/fixtures/captures/shape/report
core (macos-latest)	Build wheel and source archive	2026-09-07T17:19:02.7835220Z copying fixtures/captures/shape/report/compile_directory.json -> dynamo_diff-0.1.0/fixtures/captures/shape/report
core (macos-latest)	Build wheel and source archive	2026-09-07T17:19:02.7840470Z copying fixtures/captures/shape/report/failures_and_restarts.html -> dynamo_diff-0.1.0/fixtures/captures/shape/report
core (macos-latest)	Build wheel and source archive	2026-09-07T17:19:02.7845010Z copying fixtures/captures/shape/report/index.html -> dynamo_diff-0.1.0/fixtures/captures/shape/report
core (macos-latest)	Build wheel and source archive	2026-09-07T17:19:02.7849360Z copying fixtures/captures/shape/report/raw.jsonl -> dynamo_diff-0.1.0/fixtures/captures/shape/report
core (macos-latest)	Build wheel and source archive	2026-09-07T17:19:02.7859720Z copying fixtures/captures/shape/report/raw.log -> dynamo_diff-0.1.0/fixtures/captures/shape/report
core (macos-latest)	Build wheel and source archive	2026-09-07T17:19:02.7867880Z copying fixtures/captures/shape/report/-_-_-_-/torch_version_0.json -> dynamo_diff-0.1.0/fixtures/captures/shape/report/-_-_-_-
core (macos-latest)	Build wheel and source archive	2026-09-07T17:19:02.7870580Z copying fixtures/captures/shape/report/-_0_0_0/compilation_metrics_3.html -> dynamo_diff-0.1.0/fixtures/captures/shape/report/-_0_0_0
core (macos-latest)	Build wheel and source archive	2026-09-07T17:19:02.7876440Z copying fixtures/captures/shape/report/-_0_0_0/dynamo_cpp_guards_str_2.txt -> dynamo_diff-0.1.0/fixtures/captures/shape/report/-_0_0_0
core (macos-latest)	Build wheel and source archive	2026-09-07T17:19:02.7882730Z copying fixtures/captures/shape/report/-_0_0_0/dynamo_output_graph_1.txt -> dynamo_diff-0.1.0/fixtures/captures/shape/report/-_0_0_0
core (macos-latest)	Build wheel and source archive	2026-09-07T17:19:02.7887690Z copying fixtures/captures/shape/report/-_0_1_0/compilation_metrics_7.html -> dynamo_diff-0.1.0/fixtures/captures/shape/report/-_0_1_0
core (macos-latest)	Build wheel and source archive	2026-09-07T17:19:02.7892300Z copying fixtures/captures/shape/report/-_0_1_0/dynamo_cpp_guards_str_6.txt -> dynamo_diff-0.1.0/fixtures/captures/shape/report/-_0_1_0
core (macos-latest)	Build wheel and source archive	2026-09-07T17:19:02.7894550Z copying fixtures/captures/shape/report/-_0_1_0/dynamo_output_graph_5.txt -> dynamo_diff-0.1.0/fixtures/captures/shape/report/-_0_1_0
core (macos-latest)	Build wheel and source archive	2026-09-07T17:19:02.7899590Z copying fixtures/captures/shape/report/-_0_1_0/recompile_reasons_4.json -> dynamo_diff-0.1.0/fixtures/captures/shape/report/-_0_1_0
core (macos-latest)	Build wheel and source archive	2026-09-07T17:19:02.7902690Z copying fixtures/captures/shape/sources/compiler_cases.py -> dynamo_diff-0.1.0/fixtures/captures/shape/sources
core (macos-latest)	Build wheel and source archive	2026-09-07T17:19:02.7904710Z copying fixtures/captures/stable/conversion.txt -> dynamo_diff-0.1.0/fixtures/captures/stable
core (macos-latest)	Build wheel and source archive	2026-09-07T17:19:02.7907940Z copying fixtures/captures/stable/manifest.json -> dynamo_diff-0.1.0/fixtures/captures/stable
core (macos-latest)	Build wheel and source archive	2026-09-07T17:19:02.7912310Z copying fixtures/captures/stable/stderr.txt -> dynamo_diff-0.1.0/fixtures/captures/stable
core (macos-latest)	Build wheel and source archive	2026-09-07T17:19:02.7918030Z copying fixtures/captures/stable/stdout.txt -> dynamo_diff-0.1.0/fixtures/captures/stable
core (macos-latest)	Build wheel and source archive	2026-09-07T17:19:02.7918890Z copying fixtures/captures/stable/workload-result.json -> dynamo_diff-0.1.0/fixtures/captures/stable
core (macos-latest)	Build wheel and source archive	2026-09-07T17:19:02.7921890Z copying fixtures/captures/stable/raw/dedicated_log_torch_trace_y15iqe9y.log -> dynamo_diff-0.1.0/fixtures/captures/stable/raw
core (macos-latest)	Build wheel and source archive	2026-09-07T17:19:02.7928880Z copying fixtures/captures/stable/report/chromium_events.json -> dynamo_diff-0.1.0/fixtures/captures/stable/report
core (macos-latest)	Build wheel and source archive	2026-09-07T17:19:02.7935830Z copying fixtures/captures/stable/report/compile_directory.json -> dynamo_diff-0.1.0/fixtures/captures/stable/report
core (macos-latest)	Build wheel and source archive	2026-09-07T17:19:02.7937690Z copying fixtures/captures/stable/report/failures_and_restarts.html -> dynamo_diff-0.1.0/fixtures/captures/stable/report
core (macos-latest)	Build wheel and source archive	2026-09-07T17:19:02.7939410Z copying fixtures/captures/stable/report/index.html -> dynamo_diff-0.1.0/fixtures/captures/stable/report
core (macos-latest)	Build wheel and source archive	2026-09-07T17:19:02.7943640Z copying fixtures/captures/stable/report/raw.jsonl -> dynamo_diff-0.1.0/fixtures/captures/stable/report
core (macos-latest)	Build wheel and source archive	2026-09-07T17:19:02.7947410Z copying fixtures/captures/stable/report/raw.log -> dynamo_diff-0.1.0/fixtures/captures/stable/report
core (macos-latest)	Build wheel and source archive	2026-09-07T17:19:02.7952310Z copying fixtures/captures/stable/report/-_-_-_-/torch_version_0.json -> dynamo_diff-0.1.0/fixtures/captures/stable/report/-_-_-_-
core (macos-latest)	Build wheel and source archive	2026-09-07T17:19:02.7955190Z copying fixtures/captures/stable/report/-_0_0_0/compilation_metrics_3.html -> dynamo_diff-0.1.0/fixtures/captures/stable/report/-_0_0_0
core (macos-latest)	Build wheel and source archive	2026-09-07T17:19:02.7961520Z copying fixtures/captures/stable/report/-_0_0_0/dynamo_cpp_guards_str_2.txt -> dynamo_diff-0.1.0/fixtures/captures/stable/report/-_0_0_0
core (macos-latest)	Build wheel and source archive	2026-09-07T17:19:02.7966270Z copying fixtures/captures/stable/report/-_0_0_0/dynamo_output_graph_1.txt -> dynamo_diff-0.1.0/fixtures/captures/stable/report/-_0_0_0
core (macos-latest)	Build wheel and source archive	2026-09-07T17:19:02.7972630Z copying fixtures/captures/stable/sources/compiler_cases.py -> dynamo_diff-0.1.0/fixtures/captures/stable/sources
core (macos-latest)	Build wheel and source archive	2026-09-07T17:19:02.7974800Z copying fixtures/workloads/compiler_cases.py -> dynamo_diff-0.1.0/fixtures/workloads
core (macos-latest)	Build wheel and source archive	2026-09-07T17:19:02.7977450Z copying src/dynamo_diff/__init__.py -> dynamo_diff-0.1.0/src/dynamo_diff
core (macos-latest)	Build wheel and source archive	2026-09-07T17:19:02.7982400Z copying src/dynamo_diff/cli.py -> dynamo_diff-0.1.0/src/dynamo_diff
core (macos-latest)	Build wheel and source archive	2026-09-07T17:19:02.7990090Z copying src/dynamo_diff/compare.py -> dynamo_diff-0.1.0/src/dynamo_diff
core (macos-latest)	Build wheel and source archive	2026-09-07T17:19:02.7995780Z copying src/dynamo_diff/errors.py -> dynamo_diff-0.1.0/src/dynamo_diff
core (macos-latest)	Build wheel and source archive	2026-09-07T17:19:02.8000660Z copying src/dynamo_diff/io.py -> dynamo_diff-0.1.0/src/dynamo_diff
core (macos-latest)	Build wheel and source archive	2026-09-07T17:19:02.8004410Z copying src/dynamo_diff/manifest.py -> dynamo_diff-0.1.0/src/dynamo_diff
core (macos-latest)	Build wheel and source archive	2026-09-07T17:19:02.8009210Z copying src/dynamo_diff/mcp_server.py -> dynamo_diff-0.1.0/src/dynamo_diff
core (macos-latest)	Build wheel and source archive	2026-09-07T17:19:02.8011610Z copying src/dynamo_diff/model.py -> dynamo_diff-0.1.0/src/dynamo_diff
core (macos-latest)	Build wheel and source archive	2026-09-07T17:19:02.8013800Z copying src/dynamo_diff/render.py -> dynamo_diff-0.1.0/src/dynamo_diff
core (macos-latest)	Build wheel and source archive	2026-09-07T17:19:02.8018100Z copying src/dynamo_diff/store.py -> dynamo_diff-0.1.0/src/dynamo_diff
core (macos-latest)	Build wheel and source archive	2026-09-07T17:19:02.8025410Z copying src/dynamo_diff.egg-info/PKG-INFO -> dynamo_diff-0.1.0/src/dynamo_diff.egg-info
core (macos-latest)	Build wheel and source archive	2026-09-07T17:19:02.8026810Z copying src/dynamo_diff.egg-info/SOURCES.txt -> dynamo_diff-0.1.0/src/dynamo_diff.egg-info
core (macos-latest)	Build wheel and source archive	2026-09-07T17:19:02.8028480Z copying src/dynamo_diff.egg-info/dependency_links.txt -> dynamo_diff-0.1.0/src/dynamo_diff.egg-info
core (macos-latest)	Build wheel and source archive	2026-09-07T17:19:02.8030240Z copying src/dynamo_diff.egg-info/entry_points.txt -> dynamo_diff-0.1.0/src/dynamo_diff.egg-info
core (macos-latest)	Build wheel and source archive	2026-09-07T17:19:02.8035210Z copying src/dynamo_diff.egg-info/requires.txt -> dynamo_diff-0.1.0/src/dynamo_diff.egg-info
core (macos-latest)	Build wheel and source archive	2026-09-07T17:19:02.8047660Z copying src/dynamo_diff.egg-info/top_level.txt -> dynamo_diff-0.1.0/src/dynamo_diff.egg-info
core (macos-latest)	Build wheel and source archive	2026-09-07T17:19:02.8048400Z copying src/dynamo_diff/adapters/__init__.py -> dynamo_diff-0.1.0/src/dynamo_diff/adapters
core (macos-latest)	Build wheel and source archive	2026-09-07T17:19:02.8049270Z copying src/dynamo_diff/adapters/tlparse.py -> dynamo_diff-0.1.0/src/dynamo_diff/adapters
core (macos-latest)	Build wheel and source archive	2026-09-07T17:19:02.8059480Z copying tests/test_compare_cli.py -> dynamo_diff-0.1.0/tests
core (macos-latest)	Build wheel and source archive	2026-09-07T17:19:02.8065680Z copying tests/test_input_boundaries.py -> dynamo_diff-0.1.0/tests
core (macos-latest)	Build wheel and source archive	2026-09-07T17:19:02.8070180Z copying tests/test_malformed_captures.py -> dynamo_diff-0.1.0/tests
core (macos-latest)	Build wheel and source archive	2026-09-07T17:19:02.8071990Z copying tests/test_mcp.py -> dynamo_diff-0.1.0/tests
core (macos-latest)	Build wheel and source archive	2026-09-07T17:19:02.8079360Z copying tests/test_real_captures.py -> dynamo_diff-0.1.0/tests
core (macos-latest)	Build wheel and source archive	2026-09-07T17:19:02.8085640Z copying tests/test_store.py -> dynamo_diff-0.1.0/tests
core (macos-latest)	Build wheel and source archive	2026-09-07T17:19:02.8091010Z copying tests/test_transformers_case.py -> dynamo_diff-0.1.0/tests
core (macos-latest)	Build wheel and source archive	2026-09-07T17:19:02.8093320Z copying tests/test_validation.py -> dynamo_diff-0.1.0/tests
core (macos-latest)	Build wheel and source archive	2026-09-07T17:19:02.8099340Z copying tools/check_release.py -> dynamo_diff-0.1.0/tools
core (macos-latest)	Build wheel and source archive	2026-09-07T17:19:02.8102050Z copying tools/demo.py -> dynamo_diff-0.1.0/tools
core (macos-latest)	Build wheel and source archive	2026-09-07T17:19:02.8104880Z copying tools/generate_edit_pair.py -> dynamo_diff-0.1.0/tools
core (macos-latest)	Build wheel and source archive	2026-09-07T17:19:02.8107540Z copying tools/generate_fixtures.py -> dynamo_diff-0.1.0/tools
core (macos-latest)	Build wheel and source archive	2026-09-07T17:19:02.8112460Z copying tools/record_demo.py -> dynamo_diff-0.1.0/tools
core (macos-latest)	Build wheel and source archive	2026-09-07T17:19:02.8125480Z Writing dynamo_diff-0.1.0/setup.cfg
core (macos-latest)	Build wheel and source archive	2026-09-07T17:19:02.8126720Z Creating tar archive
core (macos-latest)	Build wheel and source archive	2026-09-07T17:19:03.8137970Z removing 'dynamo_diff-0.1.0' (and everything under it)
core (macos-latest)	Build wheel and source archive	2026-09-07T17:19:04.3185460Z * Building wheel from sdist
core (macos-latest)	Build wheel and source archive	2026-09-07T17:19:04.3187420Z * Getting build dependencies for wheel...
core (macos-latest)	Build wheel and source archive	2026-09-07T17:19:04.4707050Z running egg_info
core (macos-latest)	Build wheel and source archive	2026-09-07T17:19:04.4727030Z writing src/dynamo_diff.egg-info/PKG-INFO
core (macos-latest)	Build wheel and source archive	2026-09-07T17:19:04.4735550Z writing dependency_links to src/dynamo_diff.egg-info/dependency_links.txt
core (macos-latest)	Build wheel and source archive	2026-09-07T17:19:04.4737380Z writing entry points to src/dynamo_diff.egg-info/entry_points.txt
core (macos-latest)	Build wheel and source archive	2026-09-07T17:19:04.4741500Z writing requirements to src/dynamo_diff.egg-info/requires.txt
core (macos-latest)	Build wheel and source archive	2026-09-07T17:19:04.4742750Z writing top-level names to src/dynamo_diff.egg-info/top_level.txt
core (macos-latest)	Build wheel and source archive	2026-09-07T17:19:04.4814840Z reading manifest file 'src/dynamo_diff.egg-info/SOURCES.txt'
core (macos-latest)	Build wheel and source archive	2026-09-07T17:19:04.4874210Z reading manifest template 'MANIFEST.in'
core (macos-latest)	Build wheel and source archive	2026-09-07T17:19:04.4983870Z warning: no previously-included files matching '__pycache__' found anywhere in distribution
core (macos-latest)	Build wheel and source archive	2026-09-07T17:19:04.4992950Z warning: no previously-included files matching '*.py[cod]' found anywhere in distribution
core (macos-latest)	Build wheel and source archive	2026-09-07T17:19:04.5000860Z warning: no previously-included files matching '.DS_Store' found anywhere in distribution
core (macos-latest)	Build wheel and source archive	2026-09-07T17:19:04.5009050Z warning: no previously-included files matching '.lock' found anywhere in distribution
core (macos-latest)	Build wheel and source archive	2026-09-07T17:19:04.5010090Z adding license file 'LICENSE'
core (macos-latest)	Build wheel and source archive	2026-09-07T17:19:04.5086700Z writing manifest file 'src/dynamo_diff.egg-info/SOURCES.txt'
core (macos-latest)	Build wheel and source archive	2026-09-07T17:19:04.5310660Z * Building wheel...
core (macos-latest)	Build wheel and source archive	2026-09-07T17:19:04.6688120Z running bdist_wheel
core (macos-latest)	Build wheel and source archive	2026-09-07T17:19:04.6764210Z running build
core (macos-latest)	Build wheel and source archive	2026-09-07T17:19:04.6764820Z running build_py
core (macos-latest)	Build wheel and source archive	2026-09-07T17:19:04.6786450Z creating build/lib/dynamo_diff
core (macos-latest)	Build wheel and source archive	2026-09-07T17:19:04.6788510Z copying src/dynamo_diff/store.py -> build/lib/dynamo_diff
core (macos-latest)	Build wheel and source archive	2026-09-07T17:19:04.6792430Z copying src/dynamo_diff/manifest.py -> build/lib/dynamo_diff
core (macos-latest)	Build wheel and source archive	2026-09-07T17:19:04.6794490Z copying src/dynamo_diff/render.py -> build/lib/dynamo_diff
core (macos-latest)	Build wheel and source archive	2026-09-07T17:19:04.6795620Z copying src/dynamo_diff/io.py -> build/lib/dynamo_diff
core (macos-latest)	Build wheel and source archive	2026-09-07T17:19:04.6797430Z copying src/dynamo_diff/__init__.py -> build/lib/dynamo_diff
core (macos-latest)	Build wheel and source archive	2026-09-07T17:19:04.6800540Z copying src/dynamo_diff/model.py -> build/lib/dynamo_diff
core (macos-latest)	Build wheel and source archive	2026-09-07T17:19:04.6801380Z copying src/dynamo_diff/cli.py -> build/lib/dynamo_diff
core (macos-latest)	Build wheel and source archive	2026-09-07T17:19:04.6803620Z copying src/dynamo_diff/errors.py -> build/lib/dynamo_diff
core (macos-latest)	Build wheel and source archive	2026-09-07T17:19:04.6805290Z copying src/dynamo_diff/compare.py -> build/lib/dynamo_diff
core (macos-latest)	Build wheel and source archive	2026-09-07T17:19:04.6807280Z copying src/dynamo_diff/mcp_server.py -> build/lib/dynamo_diff
core (macos-latest)	Build wheel and source archive	2026-09-07T17:19:04.6810200Z creating build/lib/dynamo_diff/adapters
core (macos-latest)	Build wheel and source archive	2026-09-07T17:19:04.6811900Z copying src/dynamo_diff/adapters/tlparse.py -> build/lib/dynamo_diff/adapters
core (macos-latest)	Build wheel and source archive	2026-09-07T17:19:04.6838030Z copying src/dynamo_diff/adapters/__init__.py -> build/lib/dynamo_diff/adapters
core (macos-latest)	Build wheel and source archive	2026-09-07T17:19:04.6838740Z running egg_info
core (macos-latest)	Build wheel and source archive	2026-09-07T17:19:04.6862110Z writing src/dynamo_diff.egg-info/PKG-INFO
core (macos-latest)	Build wheel and source archive	2026-09-07T17:19:04.6870920Z writing dependency_links to src/dynamo_diff.egg-info/dependency_links.txt
core (macos-latest)	Build wheel and source archive	2026-09-07T17:19:04.6872710Z writing entry points to src/dynamo_diff.egg-info/entry_points.txt
core (macos-latest)	Build wheel and source archive	2026-09-07T17:19:04.6876720Z writing requirements to src/dynamo_diff.egg-info/requires.txt
core (macos-latest)	Build wheel and source archive	2026-09-07T17:19:04.6879590Z writing top-level names to src/dynamo_diff.egg-info/top_level.txt
core (macos-latest)	Build wheel and source archive	2026-09-07T17:19:04.6916910Z reading manifest file 'src/dynamo_diff.egg-info/SOURCES.txt'
core (macos-latest)	Build wheel and source archive	2026-09-07T17:19:04.6974260Z reading manifest template 'MANIFEST.in'
core (macos-latest)	Build wheel and source archive	2026-09-07T17:19:04.7099330Z warning: no previously-included files matching '__pycache__' found anywhere in distribution
core (macos-latest)	Build wheel and source archive	2026-09-07T17:19:04.7109390Z warning: no previously-included files matching '*.py[cod]' found anywhere in distribution
core (macos-latest)	Build wheel and source archive	2026-09-07T17:19:04.7117340Z warning: no previously-included files matching '.DS_Store' found anywhere in distribution
core (macos-latest)	Build wheel and source archive	2026-09-07T17:19:04.7126150Z warning: no previously-included files matching '.lock' found anywhere in distribution
core (macos-latest)	Build wheel and source archive	2026-09-07T17:19:04.7127160Z adding license file 'LICENSE'
core (macos-latest)	Build wheel and source archive	2026-09-07T17:19:04.7192430Z writing manifest file 'src/dynamo_diff.egg-info/SOURCES.txt'
core (macos-latest)	Build wheel and source archive	2026-09-07T17:19:04.7268870Z installing to build/bdist.macosx-10.13-universal2/wheel
core (macos-latest)	Build wheel and source archive	2026-09-07T17:19:04.7269570Z running install
core (macos-latest)	Build wheel and source archive	2026-09-07T17:19:04.7306240Z running install_lib
core (macos-latest)	Build wheel and source archive	2026-09-07T17:19:04.7351780Z creating build/bdist.macosx-10.13-universal2/wheel
core (macos-latest)	Build wheel and source archive	2026-09-07T17:19:04.7353950Z creating build/bdist.macosx-10.13-universal2/wheel/dynamo_diff
core (macos-latest)	Build wheel and source archive	2026-09-07T17:19:04.7355270Z copying build/lib/dynamo_diff/store.py -> build/bdist.macosx-10.13-universal2/wheel/./dynamo_diff
core (macos-latest)	Build wheel and source archive	2026-09-07T17:19:04.7358430Z copying build/lib/dynamo_diff/manifest.py -> build/bdist.macosx-10.13-universal2/wheel/./dynamo_diff
core (macos-latest)	Build wheel and source archive	2026-09-07T17:19:04.7361490Z copying build/lib/dynamo_diff/render.py -> build/bdist.macosx-10.13-universal2/wheel/./dynamo_diff
core (macos-latest)	Build wheel and source archive	2026-09-07T17:19:04.7364620Z copying build/lib/dynamo_diff/io.py -> build/bdist.macosx-10.13-universal2/wheel/./dynamo_diff
core (macos-latest)	Build wheel and source archive	2026-09-07T17:19:04.7369210Z copying build/lib/dynamo_diff/__init__.py -> build/bdist.macosx-10.13-universal2/wheel/./dynamo_diff
core (macos-latest)	Build wheel and source archive	2026-09-07T17:19:04.7373820Z copying build/lib/dynamo_diff/model.py -> build/bdist.macosx-10.13-universal2/wheel/./dynamo_diff
core (macos-latest)	Build wheel and source archive	2026-09-07T17:19:04.7381100Z creating build/bdist.macosx-10.13-universal2/wheel/dynamo_diff/adapters
core (macos-latest)	Build wheel and source archive	2026-09-07T17:19:04.7383260Z copying build/lib/dynamo_diff/adapters/tlparse.py -> build/bdist.macosx-10.13-universal2/wheel/./dynamo_diff/adapters
core (macos-latest)	Build wheel and source archive	2026-09-07T17:19:04.7389600Z copying build/lib/dynamo_diff/adapters/__init__.py -> build/bdist.macosx-10.13-universal2/wheel/./dynamo_diff/adapters
core (macos-latest)	Build wheel and source archive	2026-09-07T17:19:04.7393880Z copying build/lib/dynamo_diff/cli.py -> build/bdist.macosx-10.13-universal2/wheel/./dynamo_diff
core (macos-latest)	Build wheel and source archive	2026-09-07T17:19:04.7397880Z copying build/lib/dynamo_diff/errors.py -> build/bdist.macosx-10.13-universal2/wheel/./dynamo_diff
core (macos-latest)	Build wheel and source archive	2026-09-07T17:19:04.7401960Z copying build/lib/dynamo_diff/compare.py -> build/bdist.macosx-10.13-universal2/wheel/./dynamo_diff
core (macos-latest)	Build wheel and source archive	2026-09-07T17:19:04.7406860Z copying build/lib/dynamo_diff/mcp_server.py -> build/bdist.macosx-10.13-universal2/wheel/./dynamo_diff
core (macos-latest)	Build wheel and source archive	2026-09-07T17:19:04.7411350Z running install_egg_info
core (macos-latest)	Build wheel and source archive	2026-09-07T17:19:04.7437110Z Copying src/dynamo_diff.egg-info to build/bdist.macosx-10.13-universal2/wheel/./dynamo_diff-0.1.0-py3.13.egg-info
core (macos-latest)	Build wheel and source archive	2026-09-07T17:19:04.7454000Z running install_scripts
core (macos-latest)	Build wheel and source archive	2026-09-07T17:19:04.7471870Z creating build/bdist.macosx-10.13-universal2/wheel/dynamo_diff-0.1.0.dist-info/WHEEL
core (macos-latest)	Build wheel and source archive	2026-09-07T17:19:04.7477340Z creating '/Users/runner/work/dynamo-diff/dynamo-diff/dist/.tmp-ovl53uho/dynamo_diff-0.1.0-py3-none-any.whl' and adding 'build/bdist.macosx-10.13-universal2/wheel' to it
core (macos-latest)	Build wheel and source archive	2026-09-07T17:19:04.7484590Z adding 'dynamo_diff/__init__.py'
core (macos-latest)	Build wheel and source archive	2026-09-07T17:19:04.7490880Z adding 'dynamo_diff/cli.py'
core (macos-latest)	Build wheel and source archive	2026-09-07T17:19:04.7498410Z adding 'dynamo_diff/compare.py'
core (macos-latest)	Build wheel and source archive	2026-09-07T17:19:04.7501470Z adding 'dynamo_diff/errors.py'
core (macos-latest)	Build wheel and source archive	2026-09-07T17:19:04.7506130Z adding 'dynamo_diff/io.py'
core (macos-latest)	Build wheel and source archive	2026-09-07T17:19:04.7509910Z adding 'dynamo_diff/manifest.py'
core (macos-latest)	Build wheel and source archive	2026-09-07T17:19:04.7516120Z adding 'dynamo_diff/mcp_server.py'
core (macos-latest)	Build wheel and source archive	2026-09-07T17:19:04.7520890Z adding 'dynamo_diff/model.py'
core (macos-latest)	Build wheel and source archive	2026-09-07T17:19:04.7524980Z adding 'dynamo_diff/render.py'
core (macos-latest)	Build wheel and source archive	2026-09-07T17:19:04.7532600Z adding 'dynamo_diff/store.py'
core (macos-latest)	Build wheel and source archive	2026-09-07T17:19:04.7535170Z adding 'dynamo_diff/adapters/__init__.py'
core (macos-latest)	Build wheel and source archive	2026-09-07T17:19:04.7541770Z adding 'dynamo_diff/adapters/tlparse.py'
core (macos-latest)	Build wheel and source archive	2026-09-07T17:19:04.7544780Z adding 'dynamo_diff-0.1.0.dist-info/licenses/LICENSE'
core (macos-latest)	Build wheel and source archive	2026-09-07T17:19:04.7547290Z adding 'dynamo_diff-0.1.0.dist-info/METADATA'
core (macos-latest)	Build wheel and source archive	2026-09-07T17:19:04.7547830Z adding 'dynamo_diff-0.1.0.dist-info/WHEEL'
core (macos-latest)	Build wheel and source archive	2026-09-07T17:19:04.7549280Z adding 'dynamo_diff-0.1.0.dist-info/entry_points.txt'
core (macos-latest)	Build wheel and source archive	2026-09-07T17:19:04.7550590Z adding 'dynamo_diff-0.1.0.dist-info/top_level.txt'
core (macos-latest)	Build wheel and source archive	2026-09-07T17:19:04.7551300Z adding 'dynamo_diff-0.1.0.dist-info/RECORD'
core (macos-latest)	Build wheel and source archive	2026-09-07T17:19:04.7553130Z removing build/bdist.macosx-10.13-universal2/wheel
core (macos-latest)	Build wheel and source archive	2026-09-07T17:19:04.8453140Z Successfully built dynamo_diff-0.1.0.tar.gz and dynamo_diff-0.1.0-py3-none-any.whl
core (macos-latest)	Install wheel	﻿2026-09-07T17:19:04.8631710Z ##[group]Run python -m pip install --no-deps dist/dynamo_diff-0.1.0-py3-none-any.whl
core (macos-latest)	Install wheel	2026-09-07T17:19:04.8632240Z ^[[36;1mpython -m pip install --no-deps dist/dynamo_diff-0.1.0-py3-none-any.whl^[[0m
core (macos-latest)	Install wheel	2026-09-07T17:19:04.8668700Z shell: /bin/bash -e {0}
core (macos-latest)	Install wheel	2026-09-07T17:19:04.8668930Z env:
core (macos-latest)	Install wheel	2026-09-07T17:19:04.8669220Z   pythonLocation: /Users/runner/hostedtoolcache/Python/3.13.15/arm64
core (macos-latest)	Install wheel	2026-09-07T17:19:04.8669640Z   PKG_CONFIG_PATH: /Users/runner/hostedtoolcache/Python/3.13.15/arm64/lib/pkgconfig
core (macos-latest)	Install wheel	2026-09-07T17:19:04.8670040Z   Python_ROOT_DIR: /Users/runner/hostedtoolcache/Python/3.13.15/arm64
core (macos-latest)	Install wheel	2026-09-07T17:19:04.8670430Z   Python2_ROOT_DIR: /Users/runner/hostedtoolcache/Python/3.13.15/arm64
core (macos-latest)	Install wheel	2026-09-07T17:19:04.8670790Z   Python3_ROOT_DIR: /Users/runner/hostedtoolcache/Python/3.13.15/arm64
core (macos-latest)	Install wheel	2026-09-07T17:19:04.8671070Z ##[endgroup]
core (macos-latest)	Install wheel	2026-09-07T17:19:05.2905500Z Processing ./dist/dynamo_diff-0.1.0-py3-none-any.whl
core (macos-latest)	Install wheel	2026-09-07T17:19:05.3019520Z Installing collected packages: dynamo-diff
core (macos-latest)	Install wheel	2026-09-07T17:19:05.3306790Z Successfully installed dynamo-diff-0.1.0
core (macos-latest)	Verify wheel, schemas, tests and recorded demonstrations	﻿2026-09-07T17:19:05.3845500Z ##[group]Run python tools/check_release.py --require-wheel --junit artifacts/ci-core.xml
core (macos-latest)	Verify wheel, schemas, tests and recorded demonstrations	2026-09-07T17:19:05.3846110Z ^[[36;1mpython tools/check_release.py --require-wheel --junit artifacts/ci-core.xml^[[0m
core (macos-latest)	Verify wheel, schemas, tests and recorded demonstrations	2026-09-07T17:19:05.3880350Z shell: /bin/bash -e {0}
core (macos-latest)	Verify wheel, schemas, tests and recorded demonstrations	2026-09-07T17:19:05.3880610Z env:
core (macos-latest)	Verify wheel, schemas, tests and recorded demonstrations	2026-09-07T17:19:05.3880920Z   pythonLocation: /Users/runner/hostedtoolcache/Python/3.13.15/arm64
core (macos-latest)	Verify wheel, schemas, tests and recorded demonstrations	2026-09-07T17:19:05.3881560Z   PKG_CONFIG_PATH: /Users/runner/hostedtoolcache/Python/3.13.15/arm64/lib/pkgconfig
core (macos-latest)	Verify wheel, schemas, tests and recorded demonstrations	2026-09-07T17:19:05.3881990Z   Python_ROOT_DIR: /Users/runner/hostedtoolcache/Python/3.13.15/arm64
core (macos-latest)	Verify wheel, schemas, tests and recorded demonstrations	2026-09-07T17:19:05.3882400Z   Python2_ROOT_DIR: /Users/runner/hostedtoolcache/Python/3.13.15/arm64
core (macos-latest)	Verify wheel, schemas, tests and recorded demonstrations	2026-09-07T17:19:05.3882790Z   Python3_ROOT_DIR: /Users/runner/hostedtoolcache/Python/3.13.15/arm64
core (macos-latest)	Verify wheel, schemas, tests and recorded demonstrations	2026-09-07T17:19:05.3883080Z ##[endgroup]
core (macos-latest)	Verify wheel, schemas, tests and recorded demonstrations	2026-09-07T17:19:05.5390970Z Package under test: /Library/Frameworks/Python.framework/Versions/3.13/lib/python3.13/site-packages/dynamo_diff/__init__.py
core (macos-latest)	Verify wheel, schemas, tests and recorded demonstrations	2026-09-07T17:19:11.4856100Z ........................................................................ [ 75%]
core (macos-latest)	Verify wheel, schemas, tests and recorded demonstrations	2026-09-07T17:19:12.1348350Z ........................                                                 [100%]
core (macos-latest)	Verify wheel, schemas, tests and recorded demonstrations	2026-09-07T17:19:12.1349260Z 96 passed in 6.03s
core (macos-latest)	Verify wheel, schemas, tests and recorded demonstrations	2026-09-07T17:19:12.4988160Z # Dynamo comparison
core (macos-latest)	Verify wheel, schemas, tests and recorded demonstrations	2026-09-07T17:19:12.4988570Z 
core (macos-latest)	Verify wheel, schemas, tests and recorded demonstrations	2026-09-07T17:19:12.4989090Z Baseline: 4c89bff73d2fbba6bdc8021769723fe598d267c4c995c12bb8c6bf0599dba991
core (macos-latest)	Verify wheel, schemas, tests and recorded demonstrations	2026-09-07T17:19:12.4990250Z Candidate: d95713729bb764fe3ef768f44d23003d9c3eb6c174f447f2d8e57cdf7f8fcf58
core (macos-latest)	Verify wheel, schemas, tests and recorded demonstrations	2026-09-07T17:19:12.4992360Z Workload comparability: manifest_consistent
core (macos-latest)	Verify wheel, schemas, tests and recorded demonstrations	2026-09-07T17:19:12.4992810Z 
core (macos-latest)	Verify wheel, schemas, tests and recorded demonstrations	2026-09-07T17:19:12.4994280Z | Function | Match | Completed before → after | Confirmed recompiles before → after | Guard categories before → after |
core (macos-latest)	Verify wheel, schemas, tests and recorded demonstrations	2026-09-07T17:19:12.4995460Z |---|---|---:|---:|---|
core (macos-latest)	Verify wheel, schemas, tests and recorded demonstrations	2026-09-07T17:19:12.4996310Z | model.py:compute | matched | 3 → 1 | 2 → 0 | python_scalar → none recorded |
core (macos-latest)	Verify wheel, schemas, tests and recorded demonstrations	2026-09-07T17:19:12.4997520Z | model.py:helper | unmatched | 0 → 1 | 0 → 0 | function absent → none recorded |
core (macos-latest)	Verify wheel, schemas, tests and recorded demonstrations	2026-09-07T17:19:12.4998190Z 
core (macos-latest)	Verify wheel, schemas, tests and recorded demonstrations	2026-09-07T17:19:12.4998720Z Application performance: not measured. Counts describe captured compiler behavior.
core (macos-latest)	Verify wheel, schemas, tests and recorded demonstrations	2026-09-07T17:19:12.9097950Z {
core (macos-latest)	Verify wheel, schemas, tests and recorded demonstrations	2026-09-07T17:19:12.9098610Z   "checks": [
core (macos-latest)	Verify wheel, schemas, tests and recorded demonstrations	2026-09-07T17:19:12.9099750Z     "baseline: finalization, raw terminals, recompile artifacts, normalized events, backend totals and eager-output evidence",
core (macos-latest)	Verify wheel, schemas, tests and recorded demonstrations	2026-09-07T17:19:12.9101690Z     "candidate: finalization, raw terminals, recompile artifacts, normalized events, backend totals and eager-output evidence",
core (macos-latest)	Verify wheel, schemas, tests and recorded demonstrations	2026-09-07T17:19:12.9103800Z     "matched wrapper, one fewer completed recompile, cache-initialization reason removed, shape specialization retained, no speed verdict"
core (macos-latest)	Verify wheel, schemas, tests and recorded demonstrations	2026-09-07T17:19:12.9105110Z   ],
core (macos-latest)	Verify wheel, schemas, tests and recorded demonstrations	2026-09-07T17:19:12.9105580Z   "review_status": "human_review_pending"
core (macos-latest)	Verify wheel, schemas, tests and recorded demonstrations	2026-09-07T17:19:12.9106150Z }
core (macos-latest)	Verify wheel, schemas, tests and recorded demonstrations	2026-09-07T17:19:13.0299320Z Core release checks passed. Human review, agent evaluation and editor/release gates are separate.
core (macos-latest)	Verify evaluation access boundaries and scoring without model calls	﻿2026-09-07T17:19:13.0539340Z ##[group]Run python -m pytest -q -o pythonpath= --import-mode=importlib benchmarks/agent_pilot
core (macos-latest)	Verify evaluation access boundaries and scoring without model calls	2026-09-07T17:19:13.0540850Z ^[[36;1mpython -m pytest -q -o pythonpath= --import-mode=importlib benchmarks/agent_pilot^[[0m
core (macos-latest)	Verify evaluation access boundaries and scoring without model calls	2026-09-07T17:19:13.0577130Z shell: /bin/bash -e {0}
core (macos-latest)	Verify evaluation access boundaries and scoring without model calls	2026-09-07T17:19:13.0577430Z env:
core (macos-latest)	Verify evaluation access boundaries and scoring without model calls	2026-09-07T17:19:13.0577720Z   pythonLocation: /Users/runner/hostedtoolcache/Python/3.13.15/arm64
core (macos-latest)	Verify evaluation access boundaries and scoring without model calls	2026-09-07T17:19:13.0578150Z   PKG_CONFIG_PATH: /Users/runner/hostedtoolcache/Python/3.13.15/arm64/lib/pkgconfig
core (macos-latest)	Verify evaluation access boundaries and scoring without model calls	2026-09-07T17:19:13.0578630Z   Python_ROOT_DIR: /Users/runner/hostedtoolcache/Python/3.13.15/arm64
core (macos-latest)	Verify evaluation access boundaries and scoring without model calls	2026-09-07T17:19:13.0579080Z   Python2_ROOT_DIR: /Users/runner/hostedtoolcache/Python/3.13.15/arm64
core (macos-latest)	Verify evaluation access boundaries and scoring without model calls	2026-09-07T17:19:13.0579470Z   Python3_ROOT_DIR: /Users/runner/hostedtoolcache/Python/3.13.15/arm64
core (macos-latest)	Verify evaluation access boundaries and scoring without model calls	2026-09-07T17:19:13.0579790Z ##[endgroup]
core (macos-latest)	Verify evaluation access boundaries and scoring without model calls	2026-09-07T17:19:14.0190110Z ............                                                             [100%]
core (macos-latest)	Verify evaluation access boundaries and scoring without model calls	2026-09-07T17:19:14.0190630Z 12 passed in 0.60s
core (macos-latest)	Post Run actions/setup-python@e797f83bcb11b83ae66e0230d6156d7c80228e7c	﻿2026-09-07T17:19:14.1913130Z Post job cleanup.
core (macos-latest)	Post Run actions/setup-python@e797f83bcb11b83ae66e0230d6156d7c80228e7c	2026-09-07T17:19:14.5645270Z (node:1509) [DEP0040] DeprecationWarning: The `punycode` module is deprecated. Please use a userland alternative instead.
core (macos-latest)	Post Run actions/setup-python@e797f83bcb11b83ae66e0230d6156d7c80228e7c	2026-09-07T17:19:14.5646920Z (Use `node --trace-deprecation ...` to show where the warning was created)
core (macos-latest)	Post Run actions/checkout@08c6903cd8c0fde910a37f88322edcfb5dd907a8	﻿2026-09-07T17:19:14.5860310Z Post job cleanup.
core (macos-latest)	Post Run actions/checkout@08c6903cd8c0fde910a37f88322edcfb5dd907a8	2026-09-07T17:19:14.6890180Z [command]/opt/homebrew/bin/git version
core (macos-latest)	Post Run actions/checkout@08c6903cd8c0fde910a37f88322edcfb5dd907a8	2026-09-07T17:19:14.7113570Z git version 2.55.0
core (macos-latest)	Post Run actions/checkout@08c6903cd8c0fde910a37f88322edcfb5dd907a8	2026-09-07T17:19:14.7135930Z Copying '/Users/runner/.gitconfig' to '/Users/runner/work/_temp/7fa98939-5f16-433b-8605-b609205fe5db/.gitconfig'
core (macos-latest)	Post Run actions/checkout@08c6903cd8c0fde910a37f88322edcfb5dd907a8	2026-09-07T17:19:14.7147910Z Temporarily overriding HOME='/Users/runner/work/_temp/7fa98939-5f16-433b-8605-b609205fe5db' before making global git config changes
core (macos-latest)	Post Run actions/checkout@08c6903cd8c0fde910a37f88322edcfb5dd907a8	2026-09-07T17:19:14.7149960Z Adding repository directory to the temporary git global config as a safe directory
core (macos-latest)	Post Run actions/checkout@08c6903cd8c0fde910a37f88322edcfb5dd907a8	2026-09-07T17:19:14.7152700Z [command]/opt/homebrew/bin/git config --global --add safe.directory /Users/runner/work/dynamo-diff/dynamo-diff
core (macos-latest)	Post Run actions/checkout@08c6903cd8c0fde910a37f88322edcfb5dd907a8	2026-09-07T17:19:14.7307120Z [command]/opt/homebrew/bin/git config --local --name-only --get-regexp core\.sshCommand
core (macos-latest)	Post Run actions/checkout@08c6903cd8c0fde910a37f88322edcfb5dd907a8	2026-09-07T17:19:14.7394010Z [command]/opt/homebrew/bin/git submodule foreach --recursive sh -c "git config --local --name-only --get-regexp 'core\.sshCommand' && git config --local --unset-all 'core.sshCommand' || :"
core (macos-latest)	Post Run actions/checkout@08c6903cd8c0fde910a37f88322edcfb5dd907a8	2026-09-07T17:19:14.8556410Z [command]/opt/homebrew/bin/git config --local --name-only --get-regexp http\.https\:\/\/github\.com\/\.extraheader
core (macos-latest)	Post Run actions/checkout@08c6903cd8c0fde910a37f88322edcfb5dd907a8	2026-09-07T17:19:14.8584380Z http.https://github.com/.extraheader
core (macos-latest)	Post Run actions/checkout@08c6903cd8c0fde910a37f88322edcfb5dd907a8	2026-09-07T17:19:14.8593570Z [command]/opt/homebrew/bin/git config --local --unset-all http.https://github.com/.extraheader
core (macos-latest)	Post Run actions/checkout@08c6903cd8c0fde910a37f88322edcfb5dd907a8	2026-09-07T17:19:14.8677770Z [command]/opt/homebrew/bin/git submodule foreach --recursive sh -c "git config --local --name-only --get-regexp 'http\.https\:\/\/github\.com\/\.extraheader' && git config --local --unset-all 'http.https://github.com/.extraheader' || :"
core (macos-latest)	Complete job	﻿2026-09-07T17:19:15.0207130Z Cleaning up orphan processes
core (ubuntu-latest)	Set up job	﻿2026-09-07T17:18:45.6442717Z Current runner version: '2.337.0'
core (ubuntu-latest)	Set up job	2026-09-07T17:18:45.6480026Z ##[group]Runner Image Provisioner
core (ubuntu-latest)	Set up job	2026-09-07T17:18:45.6481300Z Hosted Compute Agent
core (ubuntu-latest)	Set up job	2026-09-07T17:18:45.6482188Z Version: 20260828.587
core (ubuntu-latest)	Set up job	2026-09-07T17:18:45.6483272Z Commit: abac92662cab4cc7352de4f9f9d2e2419aad9c29
core (ubuntu-latest)	Set up job	2026-09-07T17:18:45.6484479Z Build Date: 2026-08-28T16:44:25Z
core (ubuntu-latest)	Set up job	2026-09-07T17:18:45.6485495Z Worker ID: {07533041-cfb1-4b10-9de4-6de5fd2e4f61}
core (ubuntu-latest)	Set up job	2026-09-07T17:18:45.6486951Z Azure Region: eastus2
core (ubuntu-latest)	Set up job	2026-09-07T17:18:45.6487875Z ##[endgroup]
core (ubuntu-latest)	Set up job	2026-09-07T17:18:45.6490074Z ##[group]Operating System
core (ubuntu-latest)	Set up job	2026-09-07T17:18:45.6491095Z Ubuntu
core (ubuntu-latest)	Set up job	2026-09-07T17:18:45.6491942Z 24.04.4
core (ubuntu-latest)	Set up job	2026-09-07T17:18:45.6492746Z LTS
core (ubuntu-latest)	Set up job	2026-09-07T17:18:45.6493530Z ##[endgroup]
core (ubuntu-latest)	Set up job	2026-09-07T17:18:45.6494443Z ##[group]Runner Image
core (ubuntu-latest)	Set up job	2026-09-07T17:18:45.6495394Z Image: ubuntu-24.04
core (ubuntu-latest)	Set up job	2026-09-07T17:18:45.6496230Z Version: 20260831.293.1
core (ubuntu-latest)	Set up job	2026-09-07T17:18:45.6498501Z Included Software: https://github.com/actions/runner-images/blob/ubuntu24/20260831.293/images/ubuntu/Ubuntu2404-Readme.md
core (ubuntu-latest)	Set up job	2026-09-07T17:18:45.6501447Z Image Release: https://github.com/actions/runner-images/releases/tag/ubuntu24%2F20260831.293
core (ubuntu-latest)	Set up job	2026-09-07T17:18:45.6503056Z ##[endgroup]
core (ubuntu-latest)	Set up job	2026-09-07T17:18:45.6504859Z ##[group]GITHUB_TOKEN Permissions
core (ubuntu-latest)	Set up job	2026-09-07T17:18:45.6507685Z Contents: read
core (ubuntu-latest)	Set up job	2026-09-07T17:18:45.6509247Z Metadata: read
core (ubuntu-latest)	Set up job	2026-09-07T17:18:45.6510251Z ##[endgroup]
core (ubuntu-latest)	Set up job	2026-09-07T17:18:45.6513642Z Secret source: Actions
core (ubuntu-latest)	Set up job	2026-09-07T17:18:45.6515552Z Prepare workflow directory
core (ubuntu-latest)	Set up job	2026-09-07T17:18:45.6988485Z Prepare all required actions
core (ubuntu-latest)	Set up job	2026-09-07T17:18:45.7058029Z Getting action download info
core (ubuntu-latest)	Set up job	2026-09-07T17:18:45.9682795Z Download action repository 'actions/checkout@08c6903cd8c0fde910a37f88322edcfb5dd907a8' (SHA:08c6903cd8c0fde910a37f88322edcfb5dd907a8)
core (ubuntu-latest)	Set up job	2026-09-07T17:18:46.1052591Z Download action repository 'actions/setup-python@e797f83bcb11b83ae66e0230d6156d7c80228e7c' (SHA:e797f83bcb11b83ae66e0230d6156d7c80228e7c)
core (ubuntu-latest)	Set up job	2026-09-07T17:18:46.3535126Z Complete job name: core (ubuntu-latest)
core (ubuntu-latest)	Run actions/checkout@08c6903cd8c0fde910a37f88322edcfb5dd907a8	﻿2026-09-07T17:18:46.4280813Z ##[group]Run actions/checkout@08c6903cd8c0fde910a37f88322edcfb5dd907a8
core (ubuntu-latest)	Run actions/checkout@08c6903cd8c0fde910a37f88322edcfb5dd907a8	2026-09-07T17:18:46.4281909Z with:
core (ubuntu-latest)	Run actions/checkout@08c6903cd8c0fde910a37f88322edcfb5dd907a8	2026-09-07T17:18:46.4282383Z   repository: Arnavsharma2/dynamo-diff
core (ubuntu-latest)	Run actions/checkout@08c6903cd8c0fde910a37f88322edcfb5dd907a8	2026-09-07T17:18:46.4286357Z   token: ***
core (ubuntu-latest)	Run actions/checkout@08c6903cd8c0fde910a37f88322edcfb5dd907a8	2026-09-07T17:18:46.4287202Z   ssh-strict: true
core (ubuntu-latest)	Run actions/checkout@08c6903cd8c0fde910a37f88322edcfb5dd907a8	2026-09-07T17:18:46.4287685Z   ssh-user: git
core (ubuntu-latest)	Run actions/checkout@08c6903cd8c0fde910a37f88322edcfb5dd907a8	2026-09-07T17:18:46.4288149Z   persist-credentials: true
core (ubuntu-latest)	Run actions/checkout@08c6903cd8c0fde910a37f88322edcfb5dd907a8	2026-09-07T17:18:46.4288650Z   clean: true
core (ubuntu-latest)	Run actions/checkout@08c6903cd8c0fde910a37f88322edcfb5dd907a8	2026-09-07T17:18:46.4289102Z   sparse-checkout-cone-mode: true
core (ubuntu-latest)	Run actions/checkout@08c6903cd8c0fde910a37f88322edcfb5dd907a8	2026-09-07T17:18:46.4289629Z   fetch-depth: 1
core (ubuntu-latest)	Run actions/checkout@08c6903cd8c0fde910a37f88322edcfb5dd907a8	2026-09-07T17:18:46.4290062Z   fetch-tags: false
core (ubuntu-latest)	Run actions/checkout@08c6903cd8c0fde910a37f88322edcfb5dd907a8	2026-09-07T17:18:46.4290514Z   show-progress: true
core (ubuntu-latest)	Run actions/checkout@08c6903cd8c0fde910a37f88322edcfb5dd907a8	2026-09-07T17:18:46.4290966Z   lfs: false
core (ubuntu-latest)	Run actions/checkout@08c6903cd8c0fde910a37f88322edcfb5dd907a8	2026-09-07T17:18:46.4291380Z   submodules: false
core (ubuntu-latest)	Run actions/checkout@08c6903cd8c0fde910a37f88322edcfb5dd907a8	2026-09-07T17:18:46.4291837Z   set-safe-directory: true
core (ubuntu-latest)	Run actions/checkout@08c6903cd8c0fde910a37f88322edcfb5dd907a8	2026-09-07T17:18:46.4292604Z ##[endgroup]
core (ubuntu-latest)	Run actions/checkout@08c6903cd8c0fde910a37f88322edcfb5dd907a8	2026-09-07T17:18:46.5678759Z Syncing repository: Arnavsharma2/dynamo-diff
core (ubuntu-latest)	Run actions/checkout@08c6903cd8c0fde910a37f88322edcfb5dd907a8	2026-09-07T17:18:46.5684824Z ##[group]Getting Git version info
core (ubuntu-latest)	Run actions/checkout@08c6903cd8c0fde910a37f88322edcfb5dd907a8	2026-09-07T17:18:46.5687140Z Working directory is '/home/runner/work/dynamo-diff/dynamo-diff'
core (ubuntu-latest)	Run actions/checkout@08c6903cd8c0fde910a37f88322edcfb5dd907a8	2026-09-07T17:18:46.5690673Z [command]/usr/bin/git version
core (ubuntu-latest)	Run actions/checkout@08c6903cd8c0fde910a37f88322edcfb5dd907a8	2026-09-07T17:18:46.5694798Z git version 2.55.0
core (ubuntu-latest)	Run actions/checkout@08c6903cd8c0fde910a37f88322edcfb5dd907a8	2026-09-07T17:18:46.5699326Z ##[endgroup]
core (ubuntu-latest)	Run actions/checkout@08c6903cd8c0fde910a37f88322edcfb5dd907a8	2026-09-07T17:18:46.5707272Z Temporarily overriding HOME='/home/runner/work/_temp/35ae0ac5-d08c-439f-bac1-cb703a3a4d2c' before making global git config changes
core (ubuntu-latest)	Run actions/checkout@08c6903cd8c0fde910a37f88322edcfb5dd907a8	2026-09-07T17:18:46.5710117Z Adding repository directory to the temporary git global config as a safe directory
core (ubuntu-latest)	Run actions/checkout@08c6903cd8c0fde910a37f88322edcfb5dd907a8	2026-09-07T17:18:46.5712260Z [command]/usr/bin/git config --global --add safe.directory /home/runner/work/dynamo-diff/dynamo-diff
core (ubuntu-latest)	Run actions/checkout@08c6903cd8c0fde910a37f88322edcfb5dd907a8	2026-09-07T17:18:46.5961631Z Deleting the contents of '/home/runner/work/dynamo-diff/dynamo-diff'
core (ubuntu-latest)	Run actions/checkout@08c6903cd8c0fde910a37f88322edcfb5dd907a8	2026-09-07T17:18:46.5963577Z ##[group]Initializing the repository
core (ubuntu-latest)	Run actions/checkout@08c6903cd8c0fde910a37f88322edcfb5dd907a8	2026-09-07T17:18:46.5964753Z [command]/usr/bin/git init /home/runner/work/dynamo-diff/dynamo-diff
core (ubuntu-latest)	Run actions/checkout@08c6903cd8c0fde910a37f88322edcfb5dd907a8	2026-09-07T17:18:46.5995025Z hint: Using 'master' as the name for the initial branch. This default branch name
core (ubuntu-latest)	Run actions/checkout@08c6903cd8c0fde910a37f88322edcfb5dd907a8	2026-09-07T17:18:46.5997280Z hint: will change to "main" in Git 3.0. To configure the initial branch name
core (ubuntu-latest)	Run actions/checkout@08c6903cd8c0fde910a37f88322edcfb5dd907a8	2026-09-07T17:18:46.5999798Z hint: to use in all of your new repositories, which will suppress this warning,
core (ubuntu-latest)	Run actions/checkout@08c6903cd8c0fde910a37f88322edcfb5dd907a8	2026-09-07T17:18:46.6001046Z hint: call:
core (ubuntu-latest)	Run actions/checkout@08c6903cd8c0fde910a37f88322edcfb5dd907a8	2026-09-07T17:18:46.6002267Z hint:
core (ubuntu-latest)	Run actions/checkout@08c6903cd8c0fde910a37f88322edcfb5dd907a8	2026-09-07T17:18:46.6003542Z hint: 	git config --global init.defaultBranch <name>
core (ubuntu-latest)	Run actions/checkout@08c6903cd8c0fde910a37f88322edcfb5dd907a8	2026-09-07T17:18:46.6005129Z hint:
core (ubuntu-latest)	Run actions/checkout@08c6903cd8c0fde910a37f88322edcfb5dd907a8	2026-09-07T17:18:46.6006259Z hint: Names commonly chosen instead of 'master' are 'main', 'trunk' and
core (ubuntu-latest)	Run actions/checkout@08c6903cd8c0fde910a37f88322edcfb5dd907a8	2026-09-07T17:18:46.6008818Z hint: 'development'. The just-created branch can be renamed via this command:
core (ubuntu-latest)	Run actions/checkout@08c6903cd8c0fde910a37f88322edcfb5dd907a8	2026-09-07T17:18:46.6010296Z hint:
core (ubuntu-latest)	Run actions/checkout@08c6903cd8c0fde910a37f88322edcfb5dd907a8	2026-09-07T17:18:46.6011680Z hint: 	git branch -m <name>
core (ubuntu-latest)	Run actions/checkout@08c6903cd8c0fde910a37f88322edcfb5dd907a8	2026-09-07T17:18:46.6012638Z hint:
core (ubuntu-latest)	Run actions/checkout@08c6903cd8c0fde910a37f88322edcfb5dd907a8	2026-09-07T17:18:46.6014479Z hint: Disable this message with "git config set advice.defaultBranchName false"
core (ubuntu-latest)	Run actions/checkout@08c6903cd8c0fde910a37f88322edcfb5dd907a8	2026-09-07T17:18:46.6016481Z Initialized empty Git repository in /home/runner/work/dynamo-diff/dynamo-diff/.git/
core (ubuntu-latest)	Run actions/checkout@08c6903cd8c0fde910a37f88322edcfb5dd907a8	2026-09-07T17:18:46.6021244Z [command]/usr/bin/git remote add origin https://github.com/Arnavsharma2/dynamo-diff
core (ubuntu-latest)	Run actions/checkout@08c6903cd8c0fde910a37f88322edcfb5dd907a8	2026-09-07T17:18:46.7392710Z ##[endgroup]
core (ubuntu-latest)	Run actions/checkout@08c6903cd8c0fde910a37f88322edcfb5dd907a8	2026-09-07T17:18:46.7401780Z ##[group]Disabling automatic garbage collection
core (ubuntu-latest)	Run actions/checkout@08c6903cd8c0fde910a37f88322edcfb5dd907a8	2026-09-07T17:18:46.7403138Z [command]/usr/bin/git config --local gc.auto 0
core (ubuntu-latest)	Run actions/checkout@08c6903cd8c0fde910a37f88322edcfb5dd907a8	2026-09-07T17:18:46.7405938Z ##[endgroup]
core (ubuntu-latest)	Run actions/checkout@08c6903cd8c0fde910a37f88322edcfb5dd907a8	2026-09-07T17:18:46.7407941Z ##[group]Setting up auth
core (ubuntu-latest)	Run actions/checkout@08c6903cd8c0fde910a37f88322edcfb5dd907a8	2026-09-07T17:18:46.7409283Z [command]/usr/bin/git config --local --name-only --get-regexp core\.sshCommand
core (ubuntu-latest)	Run actions/checkout@08c6903cd8c0fde910a37f88322edcfb5dd907a8	2026-09-07T17:18:46.7413198Z [command]/usr/bin/git submodule foreach --recursive sh -c "git config --local --name-only --get-regexp 'core\.sshCommand' && git config --local --unset-all 'core.sshCommand' || :"
core (ubuntu-latest)	Run actions/checkout@08c6903cd8c0fde910a37f88322edcfb5dd907a8	2026-09-07T17:18:46.7417598Z [command]/usr/bin/git config --local --name-only --get-regexp http\.https\:\/\/github\.com\/\.extraheader
core (ubuntu-latest)	Run actions/checkout@08c6903cd8c0fde910a37f88322edcfb5dd907a8	2026-09-07T17:18:46.7422487Z [command]/usr/bin/git submodule foreach --recursive sh -c "git config --local --name-only --get-regexp 'http\.https\:\/\/github\.com\/\.extraheader' && git config --local --unset-all 'http.https://github.com/.extraheader' || :"
core (ubuntu-latest)	Run actions/checkout@08c6903cd8c0fde910a37f88322edcfb5dd907a8	2026-09-07T17:18:46.7542003Z [command]/usr/bin/git config --local http.https://github.com/.extraheader AUTHORIZATION: basic ***
core (ubuntu-latest)	Run actions/checkout@08c6903cd8c0fde910a37f88322edcfb5dd907a8	2026-09-07T17:18:46.7590075Z ##[endgroup]
core (ubuntu-latest)	Run actions/checkout@08c6903cd8c0fde910a37f88322edcfb5dd907a8	2026-09-07T17:18:46.7591760Z ##[group]Fetching the repository
core (ubuntu-latest)	Run actions/checkout@08c6903cd8c0fde910a37f88322edcfb5dd907a8	2026-09-07T17:18:46.7602146Z [command]/usr/bin/git -c protocol.version=2 fetch --no-tags --prune --no-recurse-submodules --depth=1 origin +813b7f8407175c14ffb666eb4c0af1aa541a03d5:refs/remotes/origin/codex/dynamo-diff
core (ubuntu-latest)	Run actions/checkout@08c6903cd8c0fde910a37f88322edcfb5dd907a8	2026-09-07T17:18:47.1919243Z From https://github.com/Arnavsharma2/dynamo-diff
core (ubuntu-latest)	Run actions/checkout@08c6903cd8c0fde910a37f88322edcfb5dd907a8	2026-09-07T17:18:47.1921490Z  * [new ref]         813b7f8407175c14ffb666eb4c0af1aa541a03d5 -> origin/codex/dynamo-diff
core (ubuntu-latest)	Run actions/checkout@08c6903cd8c0fde910a37f88322edcfb5dd907a8	2026-09-07T17:18:47.1925124Z ##[endgroup]
core (ubuntu-latest)	Run actions/checkout@08c6903cd8c0fde910a37f88322edcfb5dd907a8	2026-09-07T17:18:47.1926533Z ##[group]Determining the checkout info
core (ubuntu-latest)	Run actions/checkout@08c6903cd8c0fde910a37f88322edcfb5dd907a8	2026-09-07T17:18:47.1929197Z ##[endgroup]
core (ubuntu-latest)	Run actions/checkout@08c6903cd8c0fde910a37f88322edcfb5dd907a8	2026-09-07T17:18:47.1930711Z [command]/usr/bin/git sparse-checkout disable
core (ubuntu-latest)	Run actions/checkout@08c6903cd8c0fde910a37f88322edcfb5dd907a8	2026-09-07T17:18:47.1988125Z [command]/usr/bin/git config --local --unset-all extensions.worktreeConfig
core (ubuntu-latest)	Run actions/checkout@08c6903cd8c0fde910a37f88322edcfb5dd907a8	2026-09-07T17:18:47.2030389Z ##[group]Checking out the ref
core (ubuntu-latest)	Run actions/checkout@08c6903cd8c0fde910a37f88322edcfb5dd907a8	2026-09-07T17:18:47.2035520Z [command]/usr/bin/git checkout --progress --force -B codex/dynamo-diff refs/remotes/origin/codex/dynamo-diff
core (ubuntu-latest)	Run actions/checkout@08c6903cd8c0fde910a37f88322edcfb5dd907a8	2026-09-07T17:18:47.2883608Z Switched to a new branch 'codex/dynamo-diff'
core (ubuntu-latest)	Run actions/checkout@08c6903cd8c0fde910a37f88322edcfb5dd907a8	2026-09-07T17:18:47.2890289Z branch 'codex/dynamo-diff' set up to track 'origin/codex/dynamo-diff'.
core (ubuntu-latest)	Run actions/checkout@08c6903cd8c0fde910a37f88322edcfb5dd907a8	2026-09-07T17:18:47.2896451Z ##[endgroup]
core (ubuntu-latest)	Run actions/checkout@08c6903cd8c0fde910a37f88322edcfb5dd907a8	2026-09-07T17:18:47.2939668Z [command]/usr/bin/git log -1 --format=%H
core (ubuntu-latest)	Run actions/checkout@08c6903cd8c0fde910a37f88322edcfb5dd907a8	2026-09-07T17:18:47.2974485Z 813b7f8407175c14ffb666eb4c0af1aa541a03d5
core (ubuntu-latest)	Run actions/setup-python@e797f83bcb11b83ae66e0230d6156d7c80228e7c	﻿2026-09-07T17:18:47.3405730Z ##[group]Run actions/setup-python@e797f83bcb11b83ae66e0230d6156d7c80228e7c
core (ubuntu-latest)	Run actions/setup-python@e797f83bcb11b83ae66e0230d6156d7c80228e7c	2026-09-07T17:18:47.3407639Z with:
core (ubuntu-latest)	Run actions/setup-python@e797f83bcb11b83ae66e0230d6156d7c80228e7c	2026-09-07T17:18:47.3408475Z   python-version: 3.13
core (ubuntu-latest)	Run actions/setup-python@e797f83bcb11b83ae66e0230d6156d7c80228e7c	2026-09-07T17:18:47.3409432Z   check-latest: false
core (ubuntu-latest)	Run actions/setup-python@e797f83bcb11b83ae66e0230d6156d7c80228e7c	2026-09-07T17:18:47.3419246Z   token: ***
core (ubuntu-latest)	Run actions/setup-python@e797f83bcb11b83ae66e0230d6156d7c80228e7c	2026-09-07T17:18:47.3420160Z   update-environment: true
core (ubuntu-latest)	Run actions/setup-python@e797f83bcb11b83ae66e0230d6156d7c80228e7c	2026-09-07T17:18:47.3421208Z   allow-prereleases: false
core (ubuntu-latest)	Run actions/setup-python@e797f83bcb11b83ae66e0230d6156d7c80228e7c	2026-09-07T17:18:47.3422212Z   freethreaded: false
core (ubuntu-latest)	Run actions/setup-python@e797f83bcb11b83ae66e0230d6156d7c80228e7c	2026-09-07T17:18:47.3423118Z ##[endgroup]
core (ubuntu-latest)	Run actions/setup-python@e797f83bcb11b83ae66e0230d6156d7c80228e7c	2026-09-07T17:18:47.4890081Z ##[group]Installed versions
core (ubuntu-latest)	Run actions/setup-python@e797f83bcb11b83ae66e0230d6156d7c80228e7c	2026-09-07T17:18:47.5009488Z (node:2043) [DEP0040] DeprecationWarning: The `punycode` module is deprecated. Please use a userland alternative instead.
core (ubuntu-latest)	Run actions/setup-python@e797f83bcb11b83ae66e0230d6156d7c80228e7c	2026-09-07T17:18:47.5028493Z (Use `node --trace-deprecation ...` to show where the warning was created)
core (ubuntu-latest)	Run actions/setup-python@e797f83bcb11b83ae66e0230d6156d7c80228e7c	2026-09-07T17:18:47.5049056Z Successfully set up CPython (3.13.15)
core (ubuntu-latest)	Run actions/setup-python@e797f83bcb11b83ae66e0230d6156d7c80228e7c	2026-09-07T17:18:47.5051534Z ##[endgroup]
core (ubuntu-latest)	Install pinned build and test tools without ML runtimes	﻿2026-09-07T17:18:47.5361908Z ##[group]Run python -m pip install --require-hashes -r requirements-test.lock
core (ubuntu-latest)	Install pinned build and test tools without ML runtimes	2026-09-07T17:18:47.5364883Z ^[[36;1mpython -m pip install --require-hashes -r requirements-test.lock^[[0m
core (ubuntu-latest)	Install pinned build and test tools without ML runtimes	2026-09-07T17:18:47.5457988Z shell: /usr/bin/bash -e {0}
core (ubuntu-latest)	Install pinned build and test tools without ML runtimes	2026-09-07T17:18:47.5459150Z env:
core (ubuntu-latest)	Install pinned build and test tools without ML runtimes	2026-09-07T17:18:47.5460206Z   pythonLocation: /opt/hostedtoolcache/Python/3.13.15/x64
core (ubuntu-latest)	Install pinned build and test tools without ML runtimes	2026-09-07T17:18:47.5461854Z   PKG_CONFIG_PATH: /opt/hostedtoolcache/Python/3.13.15/x64/lib/pkgconfig
core (ubuntu-latest)	Install pinned build and test tools without ML runtimes	2026-09-07T17:18:47.5463635Z   Python_ROOT_DIR: /opt/hostedtoolcache/Python/3.13.15/x64
core (ubuntu-latest)	Install pinned build and test tools without ML runtimes	2026-09-07T17:18:47.5465080Z   Python2_ROOT_DIR: /opt/hostedtoolcache/Python/3.13.15/x64
core (ubuntu-latest)	Install pinned build and test tools without ML runtimes	2026-09-07T17:18:47.5466514Z   Python3_ROOT_DIR: /opt/hostedtoolcache/Python/3.13.15/x64
core (ubuntu-latest)	Install pinned build and test tools without ML runtimes	2026-09-07T17:18:47.5471367Z   LD_LIBRARY_PATH: /opt/hostedtoolcache/Python/3.13.15/x64/lib
core (ubuntu-latest)	Install pinned build and test tools without ML runtimes	2026-09-07T17:18:47.5473140Z ##[endgroup]
core (ubuntu-latest)	Install pinned build and test tools without ML runtimes	2026-09-07T17:18:48.9969455Z Collecting annotated-types==0.8.0 (from -r requirements-test.lock (line 3))
core (ubuntu-latest)	Install pinned build and test tools without ML runtimes	2026-09-07T17:18:49.0625997Z   Downloading annotated_types-0.8.0-py3-none-any.whl (13 kB)
core (ubuntu-latest)	Install pinned build and test tools without ML runtimes	2026-09-07T17:18:49.0941514Z Collecting anyio==4.15.1 (from -r requirements-test.lock (line 7))
core (ubuntu-latest)	Install pinned build and test tools without ML runtimes	2026-09-07T17:18:49.1021371Z   Downloading anyio-4.15.1-py3-none-any.whl (132 kB)
core (ubuntu-latest)	Install pinned build and test tools without ML runtimes	2026-09-07T17:18:49.1424559Z Collecting attrs==26.1.0 (from -r requirements-test.lock (line 15))
core (ubuntu-latest)	Install pinned build and test tools without ML runtimes	2026-09-07T17:18:49.1504726Z   Downloading attrs-26.1.0-py3-none-any.whl (67 kB)
core (ubuntu-latest)	Install pinned build and test tools without ML runtimes	2026-09-07T17:18:49.1758406Z Collecting build==1.6.0 (from -r requirements-test.lock (line 21))
core (ubuntu-latest)	Install pinned build and test tools without ML runtimes	2026-09-07T17:18:49.1827470Z   Downloading build-1.6.0-py3-none-any.whl (31 kB)
core (ubuntu-latest)	Install pinned build and test tools without ML runtimes	2026-09-07T17:18:49.3281937Z Collecting cffi==2.1.1 (from -r requirements-test.lock (line 25))
core (ubuntu-latest)	Install pinned build and test tools without ML runtimes	2026-09-07T17:18:49.3361646Z   Downloading cffi-2.1.1-cp313-cp313-manylinux2014_x86_64.manylinux_2_17_x86_64.whl (221 kB)
core (ubuntu-latest)	Install pinned build and test tools without ML runtimes	2026-09-07T17:18:49.3709995Z Collecting click==8.5.0 (from -r requirements-test.lock (line 127))
core (ubuntu-latest)	Install pinned build and test tools without ML runtimes	2026-09-07T17:18:49.3790351Z   Downloading click-8.5.0-py3-none-any.whl (125 kB)
core (ubuntu-latest)	Install pinned build and test tools without ML runtimes	2026-09-07T17:18:49.5747558Z Collecting cryptography==50.0.1 (from -r requirements-test.lock (line 131))
core (ubuntu-latest)	Install pinned build and test tools without ML runtimes	2026-09-07T17:18:49.5827623Z   Downloading cryptography-50.0.1-cp311-abi3-manylinux_2_34_x86_64.whl (4.7 MB)
core (ubuntu-latest)	Install pinned build and test tools without ML runtimes	2026-09-07T17:18:49.7381861Z      ━━━━━━━━━━━━━━━━━━━━━━━━━━━━━━━━━━━━━━━━ 4.7/4.7 MB 32.9 MB/s  0:00:00
core (ubuntu-latest)	Install pinned build and test tools without ML runtimes	2026-09-07T17:18:49.7592876Z Collecting h11==0.16.0 (from -r requirements-test.lock (line 179))
core (ubuntu-latest)	Install pinned build and test tools without ML runtimes	2026-09-07T17:18:49.7669894Z   Downloading h11-0.16.0-py3-none-any.whl (37 kB)
core (ubuntu-latest)	Install pinned build and test tools without ML runtimes	2026-09-07T17:18:49.7834557Z Collecting httpcore2==2.12.0 (from -r requirements-test.lock (line 185))
core (ubuntu-latest)	Install pinned build and test tools without ML runtimes	2026-09-07T17:18:49.7911661Z   Downloading httpcore2-2.12.0-py3-none-any.whl (83 kB)
core (ubuntu-latest)	Install pinned build and test tools without ML runtimes	2026-09-07T17:18:49.8116895Z Collecting httpx2==2.12.0 (from -r requirements-test.lock (line 189))
core (ubuntu-latest)	Install pinned build and test tools without ML runtimes	2026-09-07T17:18:49.8195564Z   Downloading httpx2-2.12.0-py3-none-any.whl (95 kB)
core (ubuntu-latest)	Install pinned build and test tools without ML runtimes	2026-09-07T17:18:49.8398128Z Collecting idna==3.19 (from -r requirements-test.lock (line 193))
core (ubuntu-latest)	Install pinned build and test tools without ML runtimes	2026-09-07T17:18:49.8473963Z   Downloading idna-3.19-py3-none-any.whl (68 kB)
core (ubuntu-latest)	Install pinned build and test tools without ML runtimes	2026-09-07T17:18:49.8678592Z Collecting iniconfig==2.3.0 (from -r requirements-test.lock (line 199))
core (ubuntu-latest)	Install pinned build and test tools without ML runtimes	2026-09-07T17:18:49.8754376Z   Downloading iniconfig-2.3.0-py3-none-any.whl (7.5 kB)
core (ubuntu-latest)	Install pinned build and test tools without ML runtimes	2026-09-07T17:18:49.8995671Z Collecting jsonschema==4.26.0 (from -r requirements-test.lock (line 203))
core (ubuntu-latest)	Install pinned build and test tools without ML runtimes	2026-09-07T17:18:49.9073110Z   Downloading jsonschema-4.26.0-py3-none-any.whl (90 kB)
core (ubuntu-latest)	Install pinned build and test tools without ML runtimes	2026-09-07T17:18:49.9274634Z Collecting jsonschema-specifications==2025.9.1 (from -r requirements-test.lock (line 207))
core (ubuntu-latest)	Install pinned build and test tools without ML runtimes	2026-09-07T17:18:49.9353161Z   Downloading jsonschema_specifications-2025.9.1-py3-none-any.whl (18 kB)
core (ubuntu-latest)	Install pinned build and test tools without ML runtimes	2026-09-07T17:18:49.9598535Z Collecting mcp==2.1.1 (from -r requirements-test.lock (line 211))
core (ubuntu-latest)	Install pinned build and test tools without ML runtimes	2026-09-07T17:18:49.9688844Z   Downloading mcp-2.1.1-py3-none-any.whl (357 kB)
core (ubuntu-latest)	Install pinned build and test tools without ML runtimes	2026-09-07T17:18:49.9941017Z Collecting mcp-types==2.1.1 (from -r requirements-test.lock (line 215))
core (ubuntu-latest)	Install pinned build and test tools without ML runtimes	2026-09-07T17:18:50.0027064Z   Downloading mcp_types-2.1.1-py3-none-any.whl (69 kB)
core (ubuntu-latest)	Install pinned build and test tools without ML runtimes	2026-09-07T17:18:50.0244646Z Collecting opentelemetry-api==1.44.0 (from -r requirements-test.lock (line 219))
core (ubuntu-latest)	Install pinned build and test tools without ML runtimes	2026-09-07T17:18:50.0322156Z   Downloading opentelemetry_api-1.44.0-py3-none-any.whl (60 kB)
core (ubuntu-latest)	Install pinned build and test tools without ML runtimes	2026-09-07T17:18:50.0526231Z Collecting packaging==26.3 (from -r requirements-test.lock (line 223))
core (ubuntu-latest)	Install pinned build and test tools without ML runtimes	2026-09-07T17:18:50.0606023Z   Downloading packaging-26.3-py3-none-any.whl (129 kB)
core (ubuntu-latest)	Install pinned build and test tools without ML runtimes	2026-09-07T17:18:50.0780202Z Collecting pluggy==1.6.0 (from -r requirements-test.lock (line 229))
core (ubuntu-latest)	Install pinned build and test tools without ML runtimes	2026-09-07T17:18:50.0872713Z   Downloading pluggy-1.6.0-py3-none-any.whl (20 kB)
core (ubuntu-latest)	Install pinned build and test tools without ML runtimes	2026-09-07T17:18:50.1055827Z Collecting pycparser==3.0 (from -r requirements-test.lock (line 233))
core (ubuntu-latest)	Install pinned build and test tools without ML runtimes	2026-09-07T17:18:50.1138605Z   Downloading pycparser-3.0-py3-none-any.whl (48 kB)
core (ubuntu-latest)	Install pinned build and test tools without ML runtimes	2026-09-07T17:18:50.2216489Z Collecting pydantic==2.13.5 (from -r requirements-test.lock (line 237))
core (ubuntu-latest)	Install pinned build and test tools without ML runtimes	2026-09-07T17:18:50.2294436Z   Downloading pydantic-2.13.5-py3-none-any.whl (472 kB)
core (ubuntu-latest)	Install pinned build and test tools without ML runtimes	2026-09-07T17:18:50.8476154Z Collecting pydantic-core==2.46.5 (from -r requirements-test.lock (line 244))
core (ubuntu-latest)	Install pinned build and test tools without ML runtimes	2026-09-07T17:18:50.8556140Z   Downloading pydantic_core-2.46.5-cp313-cp313-manylinux_2_17_x86_64.manylinux2014_x86_64.whl (2.1 MB)
core (ubuntu-latest)	Install pinned build and test tools without ML runtimes	2026-09-07T17:18:50.8889113Z      ━━━━━━━━━━━━━━━━━━━━━━━━━━━━━━━━━━━━━━━━ 2.1/2.1 MB 61.2 MB/s  0:00:00
core (ubuntu-latest)	Install pinned build and test tools without ML runtimes	2026-09-07T17:18:50.9107245Z Collecting pygments==2.21.0 (from -r requirements-test.lock (line 366))
core (ubuntu-latest)	Install pinned build and test tools without ML runtimes	2026-09-07T17:18:50.9194950Z   Downloading pygments-2.21.0-py3-none-any.whl (1.3 MB)
core (ubuntu-latest)	Install pinned build and test tools without ML runtimes	2026-09-07T17:18:50.9361908Z      ━━━━━━━━━━━━━━━━━━━━━━━━━━━━━━━━━━━━━━━━ 1.3/1.3 MB 70.9 MB/s  0:00:00
core (ubuntu-latest)	Install pinned build and test tools without ML runtimes	2026-09-07T17:18:50.9565444Z Collecting pyjwt==2.13.0 (from -r requirements-test.lock (line 370))
core (ubuntu-latest)	Install pinned build and test tools without ML runtimes	2026-09-07T17:18:50.9648119Z   Downloading pyjwt-2.13.0-py3-none-any.whl (31 kB)
core (ubuntu-latest)	Install pinned build and test tools without ML runtimes	2026-09-07T17:18:50.9817288Z Collecting pyproject-hooks==1.2.0 (from -r requirements-test.lock (line 374))
core (ubuntu-latest)	Install pinned build and test tools without ML runtimes	2026-09-07T17:18:50.9897730Z   Downloading pyproject_hooks-1.2.0-py3-none-any.whl (10 kB)
core (ubuntu-latest)	Install pinned build and test tools without ML runtimes	2026-09-07T17:18:51.0182512Z Collecting pytest==9.1.1 (from -r requirements-test.lock (line 378))
core (ubuntu-latest)	Install pinned build and test tools without ML runtimes	2026-09-07T17:18:51.0272105Z   Downloading pytest-9.1.1-py3-none-any.whl (386 kB)
core (ubuntu-latest)	Install pinned build and test tools without ML runtimes	2026-09-07T17:18:51.0490118Z Collecting python-multipart==0.0.32 (from -r requirements-test.lock (line 382))
core (ubuntu-latest)	Install pinned build and test tools without ML runtimes	2026-09-07T17:18:51.0565506Z   Downloading python_multipart-0.0.32-py3-none-any.whl (30 kB)
core (ubuntu-latest)	Install pinned build and test tools without ML runtimes	2026-09-07T17:18:51.0807633Z Collecting referencing==0.37.0 (from -r requirements-test.lock (line 386))
core (ubuntu-latest)	Install pinned build and test tools without ML runtimes	2026-09-07T17:18:51.0887355Z   Downloading referencing-0.37.0-py3-none-any.whl (26 kB)
core (ubuntu-latest)	Install pinned build and test tools without ML runtimes	2026-09-07T17:18:51.3619453Z Collecting rpds-py==2026.6.3 (from -r requirements-test.lock (line 392))
core (ubuntu-latest)	Install pinned build and test tools without ML runtimes	2026-09-07T17:18:51.3699581Z   Downloading rpds_py-2026.6.3-cp313-cp313-manylinux_2_17_x86_64.manylinux2014_x86_64.whl (365 kB)
core (ubuntu-latest)	Install pinned build and test tools without ML runtimes	2026-09-07T17:18:51.4421482Z Collecting setuptools==84.0.0 (from -r requirements-test.lock (line 512))
core (ubuntu-latest)	Install pinned build and test tools without ML runtimes	2026-09-07T17:18:51.4501243Z   Downloading setuptools-84.0.0-py3-none-any.whl (818 kB)
core (ubuntu-latest)	Install pinned build and test tools without ML runtimes	2026-09-07T17:18:51.4622504Z      ━━━━━━━━━━━━━━━━━━━━━━━━━━━━━━━━━━━━━━━━ 818.2/818.2 kB 59.7 MB/s  0:00:00
core (ubuntu-latest)	Install pinned build and test tools without ML runtimes	2026-09-07T17:18:51.4863650Z Collecting sse-starlette==3.4.11 (from -r requirements-test.lock (line 516))
core (ubuntu-latest)	Install pinned build and test tools without ML runtimes	2026-09-07T17:18:51.4938221Z   Downloading sse_starlette-3.4.11-py3-none-any.whl (17 kB)
core (ubuntu-latest)	Install pinned build and test tools without ML runtimes	2026-09-07T17:18:51.5219098Z Collecting starlette==1.6.0 (from -r requirements-test.lock (line 520))
core (ubuntu-latest)	Install pinned build and test tools without ML runtimes	2026-09-07T17:18:51.5307884Z   Downloading starlette-1.6.0-py3-none-any.whl (75 kB)
core (ubuntu-latest)	Install pinned build and test tools without ML runtimes	2026-09-07T17:18:51.5470016Z Collecting truststore==0.10.4 (from -r requirements-test.lock (line 526))
core (ubuntu-latest)	Install pinned build and test tools without ML runtimes	2026-09-07T17:18:51.5545009Z   Downloading truststore-0.10.4-py3-none-any.whl (18 kB)
core (ubuntu-latest)	Install pinned build and test tools without ML runtimes	2026-09-07T17:18:51.5797799Z Collecting typing-extensions==4.16.0 (from -r requirements-test.lock (line 532))
core (ubuntu-latest)	Install pinned build and test tools without ML runtimes	2026-09-07T17:18:51.5863858Z   Downloading typing_extensions-4.16.0-py3-none-any.whl (45 kB)
core (ubuntu-latest)	Install pinned build and test tools without ML runtimes	2026-09-07T17:18:51.6025728Z Collecting typing-inspection==0.4.4 (from -r requirements-test.lock (line 543))
core (ubuntu-latest)	Install pinned build and test tools without ML runtimes	2026-09-07T17:18:51.6106090Z   Downloading typing_inspection-0.4.4-py3-none-any.whl (14 kB)
core (ubuntu-latest)	Install pinned build and test tools without ML runtimes	2026-09-07T17:18:51.6364239Z Collecting uvicorn==0.52.4 (from -r requirements-test.lock (line 549))
core (ubuntu-latest)	Install pinned build and test tools without ML runtimes	2026-09-07T17:18:51.6442086Z   Downloading uvicorn-0.52.4-py3-none-any.whl (79 kB)
core (ubuntu-latest)	Install pinned build and test tools without ML runtimes	2026-09-07T17:18:51.7858074Z Installing collected packages: typing-extensions, truststore, setuptools, rpds-py, python-multipart, pyproject-hooks, pyjwt, pygments, pycparser, pluggy, packaging, iniconfig, idna, h11, click, attrs, annotated-types, uvicorn, typing-inspection, referencing, pytest, pydantic-core, opentelemetry-api, httpcore2, cffi, build, anyio, starlette, pydantic, jsonschema-specifications, httpx2, cryptography, sse-starlette, mcp-types, jsonschema, mcp
core (ubuntu-latest)	Install pinned build and test tools without ML runtimes	2026-09-07T17:18:55.3607687Z 
core (ubuntu-latest)	Install pinned build and test tools without ML runtimes	2026-09-07T17:18:55.3638979Z Successfully installed annotated-types-0.8.0 anyio-4.15.1 attrs-26.1.0 build-1.6.0 cffi-2.1.1 click-8.5.0 cryptography-50.0.1 h11-0.16.0 httpcore2-2.12.0 httpx2-2.12.0 idna-3.19 iniconfig-2.3.0 jsonschema-4.26.0 jsonschema-specifications-2025.9.1 mcp-2.1.1 mcp-types-2.1.1 opentelemetry-api-1.44.0 packaging-26.3 pluggy-1.6.0 pycparser-3.0 pydantic-2.13.5 pydantic-core-2.46.5 pygments-2.21.0 pyjwt-2.13.0 pyproject-hooks-1.2.0 pytest-9.1.1 python-multipart-0.0.32 referencing-0.37.0 rpds-py-2026.6.3 setuptools-84.0.0 sse-starlette-3.4.11 starlette-1.6.0 truststore-0.10.4 typing-extensions-4.16.0 typing-inspection-0.4.4 uvicorn-0.52.4
core (ubuntu-latest)	Build wheel and source archive	﻿2026-09-07T17:18:55.5137893Z ##[group]Run python -m build --no-isolation
core (ubuntu-latest)	Build wheel and source archive	2026-09-07T17:18:55.5138301Z ^[[36;1mpython -m build --no-isolation^[[0m
core (ubuntu-latest)	Build wheel and source archive	2026-09-07T17:18:55.5181193Z shell: /usr/bin/bash -e {0}
core (ubuntu-latest)	Build wheel and source archive	2026-09-07T17:18:55.5181466Z env:
core (ubuntu-latest)	Build wheel and source archive	2026-09-07T17:18:55.5181741Z   pythonLocation: /opt/hostedtoolcache/Python/3.13.15/x64
core (ubuntu-latest)	Build wheel and source archive	2026-09-07T17:18:55.5182199Z   PKG_CONFIG_PATH: /opt/hostedtoolcache/Python/3.13.15/x64/lib/pkgconfig
core (ubuntu-latest)	Build wheel and source archive	2026-09-07T17:18:55.5182633Z   Python_ROOT_DIR: /opt/hostedtoolcache/Python/3.13.15/x64
core (ubuntu-latest)	Build wheel and source archive	2026-09-07T17:18:55.5183017Z   Python2_ROOT_DIR: /opt/hostedtoolcache/Python/3.13.15/x64
core (ubuntu-latest)	Build wheel and source archive	2026-09-07T17:18:55.5183400Z   Python3_ROOT_DIR: /opt/hostedtoolcache/Python/3.13.15/x64
core (ubuntu-latest)	Build wheel and source archive	2026-09-07T17:18:55.5183770Z   LD_LIBRARY_PATH: /opt/hostedtoolcache/Python/3.13.15/x64/lib
core (ubuntu-latest)	Build wheel and source archive	2026-09-07T17:18:55.5184092Z ##[endgroup]
core (ubuntu-latest)	Build wheel and source archive	2026-09-07T17:18:55.6259191Z * Getting build dependencies for sdist...
core (ubuntu-latest)	Build wheel and source archive	2026-09-07T17:18:55.8556251Z running egg_info
core (ubuntu-latest)	Build wheel and source archive	2026-09-07T17:18:55.8590829Z creating src/dynamo_diff.egg-info
core (ubuntu-latest)	Build wheel and source archive	2026-09-07T17:18:55.8592105Z writing src/dynamo_diff.egg-info/PKG-INFO
core (ubuntu-latest)	Build wheel and source archive	2026-09-07T17:18:55.8604489Z writing dependency_links to src/dynamo_diff.egg-info/dependency_links.txt
core (ubuntu-latest)	Build wheel and source archive	2026-09-07T17:18:55.8607482Z writing entry points to src/dynamo_diff.egg-info/entry_points.txt
core (ubuntu-latest)	Build wheel and source archive	2026-09-07T17:18:55.8615474Z writing requirements to src/dynamo_diff.egg-info/requires.txt
core (ubuntu-latest)	Build wheel and source archive	2026-09-07T17:18:55.8616498Z writing top-level names to src/dynamo_diff.egg-info/top_level.txt
core (ubuntu-latest)	Build wheel and source archive	2026-09-07T17:18:55.8617950Z writing manifest file 'src/dynamo_diff.egg-info/SOURCES.txt'
core (ubuntu-latest)	Build wheel and source archive	2026-09-07T17:18:55.8713423Z reading manifest file 'src/dynamo_diff.egg-info/SOURCES.txt'
core (ubuntu-latest)	Build wheel and source archive	2026-09-07T17:18:55.8715243Z reading manifest template 'MANIFEST.in'
core (ubuntu-latest)	Build wheel and source archive	2026-09-07T17:18:55.8865229Z warning: no previously-included files matching '__pycache__' found anywhere in distribution
core (ubuntu-latest)	Build wheel and source archive	2026-09-07T17:18:55.8874748Z warning: no previously-included files matching '*.py[cod]' found anywhere in distribution
core (ubuntu-latest)	Build wheel and source archive	2026-09-07T17:18:55.8882997Z warning: no previously-included files matching '.DS_Store' found anywhere in distribution
core (ubuntu-latest)	Build wheel and source archive	2026-09-07T17:18:55.8891147Z warning: no previously-included files matching '.lock' found anywhere in distribution
core (ubuntu-latest)	Build wheel and source archive	2026-09-07T17:18:55.8891930Z adding license file 'LICENSE'
core (ubuntu-latest)	Build wheel and source archive	2026-09-07T17:18:55.8966175Z writing manifest file 'src/dynamo_diff.egg-info/SOURCES.txt'
core (ubuntu-latest)	Build wheel and source archive	2026-09-07T17:18:55.9524600Z * Building sdist...
core (ubuntu-latest)	Build wheel and source archive	2026-09-07T17:18:56.2011692Z running sdist
core (ubuntu-latest)	Build wheel and source archive	2026-09-07T17:18:56.2012534Z running egg_info
core (ubuntu-latest)	Build wheel and source archive	2026-09-07T17:18:56.2071155Z writing src/dynamo_diff.egg-info/PKG-INFO
core (ubuntu-latest)	Build wheel and source archive	2026-09-07T17:18:56.2084738Z writing dependency_links to src/dynamo_diff.egg-info/dependency_links.txt
core (ubuntu-latest)	Build wheel and source archive	2026-09-07T17:18:56.2087509Z writing entry points to src/dynamo_diff.egg-info/entry_points.txt
core (ubuntu-latest)	Build wheel and source archive	2026-09-07T17:18:56.2095817Z writing requirements to src/dynamo_diff.egg-info/requires.txt
core (ubuntu-latest)	Build wheel and source archive	2026-09-07T17:18:56.2097311Z writing top-level names to src/dynamo_diff.egg-info/top_level.txt
core (ubuntu-latest)	Build wheel and source archive	2026-09-07T17:18:56.2197629Z reading manifest file 'src/dynamo_diff.egg-info/SOURCES.txt'
core (ubuntu-latest)	Build wheel and source archive	2026-09-07T17:18:56.2302453Z reading manifest template 'MANIFEST.in'
core (ubuntu-latest)	Build wheel and source archive	2026-09-07T17:18:56.2454104Z warning: no previously-included files matching '__pycache__' found anywhere in distribution
core (ubuntu-latest)	Build wheel and source archive	2026-09-07T17:18:56.2469651Z warning: no previously-included files matching '*.py[cod]' found anywhere in distribution
core (ubuntu-latest)	Build wheel and source archive	2026-09-07T17:18:56.2482827Z warning: no previously-included files matching '.DS_Store' found anywhere in distribution
core (ubuntu-latest)	Build wheel and source archive	2026-09-07T17:18:56.2496345Z warning: no previously-included files matching '.lock' found anywhere in distribution
core (ubuntu-latest)	Build wheel and source archive	2026-09-07T17:18:56.2497458Z adding license file 'LICENSE'
core (ubuntu-latest)	Build wheel and source archive	2026-09-07T17:18:56.2603407Z writing manifest file 'src/dynamo_diff.egg-info/SOURCES.txt'
core (ubuntu-latest)	Build wheel and source archive	2026-09-07T17:18:56.2607583Z running check
core (ubuntu-latest)	Build wheel and source archive	2026-09-07T17:18:56.2645564Z creating dynamo_diff-0.1.0
core (ubuntu-latest)	Build wheel and source archive	2026-09-07T17:18:56.2658332Z creating dynamo_diff-0.1.0/.github/workflows
core (ubuntu-latest)	Build wheel and source archive	2026-09-07T17:18:56.2660061Z creating dynamo_diff-0.1.0/artifacts/demo/cli-002
core (ubuntu-latest)	Build wheel and source archive	2026-09-07T17:18:56.2662541Z creating dynamo_diff-0.1.0/artifacts/demo/cli-003
core (ubuntu-latest)	Build wheel and source archive	2026-09-07T17:18:56.2663962Z creating dynamo_diff-0.1.0/benchmarks
core (ubuntu-latest)	Build wheel and source archive	2026-09-07T17:18:56.2677746Z creating dynamo_diff-0.1.0/benchmarks/agent_pilot
core (ubuntu-latest)	Build wheel and source archive	2026-09-07T17:18:56.2678591Z creating dynamo_diff-0.1.0/benchmarks/agent_pilot/corpus
core (ubuntu-latest)	Build wheel and source archive	2026-09-07T17:18:56.2679700Z creating dynamo_diff-0.1.0/benchmarks/agent_pilot/corpus/captures/q01/a
core (ubuntu-latest)	Build wheel and source archive	2026-09-07T17:18:56.2680726Z creating dynamo_diff-0.1.0/benchmarks/agent_pilot/corpus/captures/q01/a/raw
core (ubuntu-latest)	Build wheel and source archive	2026-09-07T17:18:56.2681775Z creating dynamo_diff-0.1.0/benchmarks/agent_pilot/corpus/captures/q01/a/report
core (ubuntu-latest)	Build wheel and source archive	2026-09-07T17:18:56.2682934Z creating dynamo_diff-0.1.0/benchmarks/agent_pilot/corpus/captures/q01/a/report/-_-_-_-
core (ubuntu-latest)	Build wheel and source archive	2026-09-07T17:18:56.2684123Z creating dynamo_diff-0.1.0/benchmarks/agent_pilot/corpus/captures/q01/a/report/-_0_0_0
core (ubuntu-latest)	Build wheel and source archive	2026-09-07T17:18:56.2685259Z creating dynamo_diff-0.1.0/benchmarks/agent_pilot/corpus/captures/q01/a/report/-_0_1_0
core (ubuntu-latest)	Build wheel and source archive	2026-09-07T17:18:56.2686366Z creating dynamo_diff-0.1.0/benchmarks/agent_pilot/corpus/captures/q01/a/sources
core (ubuntu-latest)	Build wheel and source archive	2026-09-07T17:18:56.2687605Z creating dynamo_diff-0.1.0/benchmarks/agent_pilot/corpus/captures/q02/a
core (ubuntu-latest)	Build wheel and source archive	2026-09-07T17:18:56.2688657Z creating dynamo_diff-0.1.0/benchmarks/agent_pilot/corpus/captures/q02/a/raw
core (ubuntu-latest)	Build wheel and source archive	2026-09-07T17:18:56.2689684Z creating dynamo_diff-0.1.0/benchmarks/agent_pilot/corpus/captures/q02/a/report
core (ubuntu-latest)	Build wheel and source archive	2026-09-07T17:18:56.2690810Z creating dynamo_diff-0.1.0/benchmarks/agent_pilot/corpus/captures/q02/a/report/-_-_-_-
core (ubuntu-latest)	Build wheel and source archive	2026-09-07T17:18:56.2691957Z creating dynamo_diff-0.1.0/benchmarks/agent_pilot/corpus/captures/q02/a/report/-_0_0_0
core (ubuntu-latest)	Build wheel and source archive	2026-09-07T17:18:56.2693105Z creating dynamo_diff-0.1.0/benchmarks/agent_pilot/corpus/captures/q02/a/report/-_0_1_0
core (ubuntu-latest)	Build wheel and source archive	2026-09-07T17:18:56.2694253Z creating dynamo_diff-0.1.0/benchmarks/agent_pilot/corpus/captures/q02/a/report/-_0_2_0
core (ubuntu-latest)	Build wheel and source archive	2026-09-07T17:18:56.2695339Z creating dynamo_diff-0.1.0/benchmarks/agent_pilot/corpus/captures/q02/a/sources
core (ubuntu-latest)	Build wheel and source archive	2026-09-07T17:18:56.2696349Z creating dynamo_diff-0.1.0/benchmarks/agent_pilot/corpus/captures/q03/a
core (ubuntu-latest)	Build wheel and source archive	2026-09-07T17:18:56.2697533Z creating dynamo_diff-0.1.0/benchmarks/agent_pilot/corpus/captures/q03/a/raw
core (ubuntu-latest)	Build wheel and source archive	2026-09-07T17:18:56.2698566Z creating dynamo_diff-0.1.0/benchmarks/agent_pilot/corpus/captures/q03/a/report
core (ubuntu-latest)	Build wheel and source archive	2026-09-07T17:18:56.2699658Z creating dynamo_diff-0.1.0/benchmarks/agent_pilot/corpus/captures/q03/a/report/-_-_-_-
core (ubuntu-latest)	Build wheel and source archive	2026-09-07T17:18:56.2700809Z creating dynamo_diff-0.1.0/benchmarks/agent_pilot/corpus/captures/q03/a/report/-_0_0_0
core (ubuntu-latest)	Build wheel and source archive	2026-09-07T17:18:56.2701932Z creating dynamo_diff-0.1.0/benchmarks/agent_pilot/corpus/captures/q03/a/report/-_0_1_0
core (ubuntu-latest)	Build wheel and source archive	2026-09-07T17:18:56.2703037Z creating dynamo_diff-0.1.0/benchmarks/agent_pilot/corpus/captures/q03/a/report/-_0_2_0
core (ubuntu-latest)	Build wheel and source archive	2026-09-07T17:18:56.2704415Z creating dynamo_diff-0.1.0/benchmarks/agent_pilot/corpus/captures/q03/a/sources
core (ubuntu-latest)	Build wheel and source archive	2026-09-07T17:18:56.2705436Z creating dynamo_diff-0.1.0/benchmarks/agent_pilot/corpus/captures/q03/b
core (ubuntu-latest)	Build wheel and source archive	2026-09-07T17:18:56.2706466Z creating dynamo_diff-0.1.0/benchmarks/agent_pilot/corpus/captures/q03/b/raw
core (ubuntu-latest)	Build wheel and source archive	2026-09-07T17:18:56.2707698Z creating dynamo_diff-0.1.0/benchmarks/agent_pilot/corpus/captures/q03/b/report
core (ubuntu-latest)	Build wheel and source archive	2026-09-07T17:18:56.2708795Z creating dynamo_diff-0.1.0/benchmarks/agent_pilot/corpus/captures/q03/b/report/-_-_-_-
core (ubuntu-latest)	Build wheel and source archive	2026-09-07T17:18:56.2709944Z creating dynamo_diff-0.1.0/benchmarks/agent_pilot/corpus/captures/q03/b/report/-_0_0_0
core (ubuntu-latest)	Build wheel and source archive	2026-09-07T17:18:56.2711090Z creating dynamo_diff-0.1.0/benchmarks/agent_pilot/corpus/captures/q03/b/sources
core (ubuntu-latest)	Build wheel and source archive	2026-09-07T17:18:56.2712116Z creating dynamo_diff-0.1.0/benchmarks/agent_pilot/corpus/captures/q04/a
core (ubuntu-latest)	Build wheel and source archive	2026-09-07T17:18:56.2713132Z creating dynamo_diff-0.1.0/benchmarks/agent_pilot/corpus/captures/q04/a/raw
core (ubuntu-latest)	Build wheel and source archive	2026-09-07T17:18:56.2714144Z creating dynamo_diff-0.1.0/benchmarks/agent_pilot/corpus/captures/q04/a/report
core (ubuntu-latest)	Build wheel and source archive	2026-09-07T17:18:56.2715247Z creating dynamo_diff-0.1.0/benchmarks/agent_pilot/corpus/captures/q04/a/report/-_-_-_-
core (ubuntu-latest)	Build wheel and source archive	2026-09-07T17:18:56.2716366Z creating dynamo_diff-0.1.0/benchmarks/agent_pilot/corpus/captures/q04/a/report/-_0_0_0
core (ubuntu-latest)	Build wheel and source archive	2026-09-07T17:18:56.2717660Z creating dynamo_diff-0.1.0/benchmarks/agent_pilot/corpus/captures/q04/a/report/-_0_1_0
core (ubuntu-latest)	Build wheel and source archive	2026-09-07T17:18:56.2718766Z creating dynamo_diff-0.1.0/benchmarks/agent_pilot/corpus/captures/q04/a/sources
core (ubuntu-latest)	Build wheel and source archive	2026-09-07T17:18:56.2720094Z creating dynamo_diff-0.1.0/benchmarks/agent_pilot/corpus/captures/q04/b
core (ubuntu-latest)	Build wheel and source archive	2026-09-07T17:18:56.2721108Z creating dynamo_diff-0.1.0/benchmarks/agent_pilot/corpus/captures/q04/b/raw
core (ubuntu-latest)	Build wheel and source archive	2026-09-07T17:18:56.2722128Z creating dynamo_diff-0.1.0/benchmarks/agent_pilot/corpus/captures/q04/b/report
core (ubuntu-latest)	Build wheel and source archive	2026-09-07T17:18:56.2723208Z creating dynamo_diff-0.1.0/benchmarks/agent_pilot/corpus/captures/q04/b/report/-_-_-_-
core (ubuntu-latest)	Build wheel and source archive	2026-09-07T17:18:56.2724330Z creating dynamo_diff-0.1.0/benchmarks/agent_pilot/corpus/captures/q04/b/report/-_0_0_0
core (ubuntu-latest)	Build wheel and source archive	2026-09-07T17:18:56.2725432Z creating dynamo_diff-0.1.0/benchmarks/agent_pilot/corpus/captures/q04/b/sources
core (ubuntu-latest)	Build wheel and source archive	2026-09-07T17:18:56.2726491Z creating dynamo_diff-0.1.0/benchmarks/agent_pilot/corpus/captures/q05/a
core (ubuntu-latest)	Build wheel and source archive	2026-09-07T17:18:56.2727906Z creating dynamo_diff-0.1.0/benchmarks/agent_pilot/corpus/captures/q05/a/raw
core (ubuntu-latest)	Build wheel and source archive	2026-09-07T17:18:56.2728952Z creating dynamo_diff-0.1.0/benchmarks/agent_pilot/corpus/captures/q05/a/report
core (ubuntu-latest)	Build wheel and source archive	2026-09-07T17:18:56.2730030Z creating dynamo_diff-0.1.0/benchmarks/agent_pilot/corpus/captures/q05/a/report/-_-_-_-
core (ubuntu-latest)	Build wheel and source archive	2026-09-07T17:18:56.2731184Z creating dynamo_diff-0.1.0/benchmarks/agent_pilot/corpus/captures/q05/a/report/-_0_0_0
core (ubuntu-latest)	Build wheel and source archive	2026-09-07T17:18:56.2732256Z creating dynamo_diff-0.1.0/benchmarks/agent_pilot/corpus/captures/q05/a/sources
core (ubuntu-latest)	Build wheel and source archive	2026-09-07T17:18:56.2733270Z creating dynamo_diff-0.1.0/benchmarks/agent_pilot/corpus/captures/q05/b
core (ubuntu-latest)	Build wheel and source archive	2026-09-07T17:18:56.2734264Z creating dynamo_diff-0.1.0/benchmarks/agent_pilot/corpus/captures/q05/b/raw
core (ubuntu-latest)	Build wheel and source archive	2026-09-07T17:18:56.2735289Z creating dynamo_diff-0.1.0/benchmarks/agent_pilot/corpus/captures/q05/b/report
core (ubuntu-latest)	Build wheel and source archive	2026-09-07T17:18:56.2736364Z creating dynamo_diff-0.1.0/benchmarks/agent_pilot/corpus/captures/q05/b/report/-_-_-_-
core (ubuntu-latest)	Build wheel and source archive	2026-09-07T17:18:56.2737675Z creating dynamo_diff-0.1.0/benchmarks/agent_pilot/corpus/captures/q05/b/report/-_0_0_0
core (ubuntu-latest)	Build wheel and source archive	2026-09-07T17:18:56.2738762Z creating dynamo_diff-0.1.0/benchmarks/agent_pilot/corpus/captures/q05/b/sources
core (ubuntu-latest)	Build wheel and source archive	2026-09-07T17:18:56.2739766Z creating dynamo_diff-0.1.0/benchmarks/agent_pilot/corpus/captures/q06/a
core (ubuntu-latest)	Build wheel and source archive	2026-09-07T17:18:56.2740811Z creating dynamo_diff-0.1.0/benchmarks/agent_pilot/corpus/captures/q06/a/raw
core (ubuntu-latest)	Build wheel and source archive	2026-09-07T17:18:56.2741845Z creating dynamo_diff-0.1.0/benchmarks/agent_pilot/corpus/captures/q06/a/report
core (ubuntu-latest)	Build wheel and source archive	2026-09-07T17:18:56.2743243Z creating dynamo_diff-0.1.0/benchmarks/agent_pilot/corpus/captures/q06/a/report/-_-_-_-
core (ubuntu-latest)	Build wheel and source archive	2026-09-07T17:18:56.2749519Z creating dynamo_diff-0.1.0/benchmarks/agent_pilot/corpus/captures/q06/a/report/-_0_0_0
core (ubuntu-latest)	Build wheel and source archive	2026-09-07T17:18:56.2750760Z creating dynamo_diff-0.1.0/benchmarks/agent_pilot/corpus/captures/q06/a/report/-_0_1_0
core (ubuntu-latest)	Build wheel and source archive	2026-09-07T17:18:56.2752395Z creating dynamo_diff-0.1.0/benchmarks/agent_pilot/corpus/captures/q06/a/report/-_0_2_0
core (ubuntu-latest)	Build wheel and source archive	2026-09-07T17:18:56.2753509Z creating dynamo_diff-0.1.0/benchmarks/agent_pilot/corpus/captures/q06/a/sources
core (ubuntu-latest)	Build wheel and source archive	2026-09-07T17:18:56.2754517Z creating dynamo_diff-0.1.0/benchmarks/agent_pilot/corpus/captures/q06/b
core (ubuntu-latest)	Build wheel and source archive	2026-09-07T17:18:56.2755542Z creating dynamo_diff-0.1.0/benchmarks/agent_pilot/corpus/captures/q06/b/raw
core (ubuntu-latest)	Build wheel and source archive	2026-09-07T17:18:56.2756796Z creating dynamo_diff-0.1.0/benchmarks/agent_pilot/corpus/captures/q06/b/report
core (ubuntu-latest)	Build wheel and source archive	2026-09-07T17:18:56.2757909Z creating dynamo_diff-0.1.0/benchmarks/agent_pilot/corpus/captures/q06/b/report/-_-_-_-
core (ubuntu-latest)	Build wheel and source archive	2026-09-07T17:18:56.2759045Z creating dynamo_diff-0.1.0/benchmarks/agent_pilot/corpus/captures/q06/b/report/-_0_0_0
core (ubuntu-latest)	Build wheel and source archive	2026-09-07T17:18:56.2760178Z creating dynamo_diff-0.1.0/benchmarks/agent_pilot/corpus/captures/q06/b/report/-_0_1_0
core (ubuntu-latest)	Build wheel and source archive	2026-09-07T17:18:56.2761533Z creating dynamo_diff-0.1.0/benchmarks/agent_pilot/corpus/captures/q06/b/report/-_0_2_0
core (ubuntu-latest)	Build wheel and source archive	2026-09-07T17:18:56.2771097Z creating dynamo_diff-0.1.0/benchmarks/agent_pilot/corpus/captures/q06/b/sources
core (ubuntu-latest)	Build wheel and source archive	2026-09-07T17:18:56.2772215Z creating dynamo_diff-0.1.0/benchmarks/agent_pilot/corpus/captures/q07/a
core (ubuntu-latest)	Build wheel and source archive	2026-09-07T17:18:56.2773240Z creating dynamo_diff-0.1.0/benchmarks/agent_pilot/corpus/captures/q07/a/raw
core (ubuntu-latest)	Build wheel and source archive	2026-09-07T17:18:56.2774289Z creating dynamo_diff-0.1.0/benchmarks/agent_pilot/corpus/captures/q07/a/report
core (ubuntu-latest)	Build wheel and source archive	2026-09-07T17:18:56.2775681Z creating dynamo_diff-0.1.0/benchmarks/agent_pilot/corpus/captures/q07/a/report/-_-_-_-
core (ubuntu-latest)	Build wheel and source archive	2026-09-07T17:18:56.2777014Z creating dynamo_diff-0.1.0/benchmarks/agent_pilot/corpus/captures/q07/a/report/-_0_0_0
core (ubuntu-latest)	Build wheel and source archive	2026-09-07T17:18:56.2778126Z creating dynamo_diff-0.1.0/benchmarks/agent_pilot/corpus/captures/q07/a/sources
core (ubuntu-latest)	Build wheel and source archive	2026-09-07T17:18:56.2779151Z creating dynamo_diff-0.1.0/benchmarks/agent_pilot/corpus/captures/q08/a
core (ubuntu-latest)	Build wheel and source archive	2026-09-07T17:18:56.2780153Z creating dynamo_diff-0.1.0/benchmarks/agent_pilot/corpus/captures/q08/a/raw
core (ubuntu-latest)	Build wheel and source archive	2026-09-07T17:18:56.2781084Z creating dynamo_diff-0.1.0/benchmarks/agent_pilot/corpus/captures/q08/a/report
core (ubuntu-latest)	Build wheel and source archive	2026-09-07T17:18:56.2782148Z creating dynamo_diff-0.1.0/benchmarks/agent_pilot/corpus/captures/q08/a/report/-_-_-_-
core (ubuntu-latest)	Build wheel and source archive	2026-09-07T17:18:56.2783265Z creating dynamo_diff-0.1.0/benchmarks/agent_pilot/corpus/captures/q08/a/report/-_0_0_0
core (ubuntu-latest)	Build wheel and source archive	2026-09-07T17:18:56.2784398Z creating dynamo_diff-0.1.0/benchmarks/agent_pilot/corpus/captures/q08/a/report/-_0_0_1
core (ubuntu-latest)	Build wheel and source archive	2026-09-07T17:18:56.2785515Z creating dynamo_diff-0.1.0/benchmarks/agent_pilot/corpus/captures/q08/a/report/-_1_0_0
core (ubuntu-latest)	Build wheel and source archive	2026-09-07T17:18:56.2786873Z creating dynamo_diff-0.1.0/benchmarks/agent_pilot/corpus/captures/q08/a/sources
core (ubuntu-latest)	Build wheel and source archive	2026-09-07T17:18:56.2787920Z creating dynamo_diff-0.1.0/benchmarks/agent_pilot/corpus/captures/q09/a
core (ubuntu-latest)	Build wheel and source archive	2026-09-07T17:18:56.2788912Z creating dynamo_diff-0.1.0/benchmarks/agent_pilot/corpus/captures/q09/a/raw
core (ubuntu-latest)	Build wheel and source archive	2026-09-07T17:18:56.2789933Z creating dynamo_diff-0.1.0/benchmarks/agent_pilot/corpus/captures/q09/a/report
core (ubuntu-latest)	Build wheel and source archive	2026-09-07T17:18:56.2791018Z creating dynamo_diff-0.1.0/benchmarks/agent_pilot/corpus/captures/q09/a/report/-_-_-_-
core (ubuntu-latest)	Build wheel and source archive	2026-09-07T17:18:56.2792134Z creating dynamo_diff-0.1.0/benchmarks/agent_pilot/corpus/captures/q09/a/report/-_0_0_0
core (ubuntu-latest)	Build wheel and source archive	2026-09-07T17:18:56.2793265Z creating dynamo_diff-0.1.0/benchmarks/agent_pilot/corpus/captures/q09/a/report/-_0_1_0
core (ubuntu-latest)	Build wheel and source archive	2026-09-07T17:18:56.2794387Z creating dynamo_diff-0.1.0/benchmarks/agent_pilot/corpus/captures/q09/a/report/-_0_2_0
core (ubuntu-latest)	Build wheel and source archive	2026-09-07T17:18:56.2795472Z creating dynamo_diff-0.1.0/benchmarks/agent_pilot/corpus/captures/q09/a/sources
core (ubuntu-latest)	Build wheel and source archive	2026-09-07T17:18:56.2796499Z creating dynamo_diff-0.1.0/benchmarks/agent_pilot/corpus/captures/q10/a
core (ubuntu-latest)	Build wheel and source archive	2026-09-07T17:18:56.2797804Z creating dynamo_diff-0.1.0/benchmarks/agent_pilot/corpus/captures/q10/a/raw
core (ubuntu-latest)	Build wheel and source archive	2026-09-07T17:18:56.2798845Z creating dynamo_diff-0.1.0/benchmarks/agent_pilot/corpus/captures/q10/a/report
core (ubuntu-latest)	Build wheel and source archive	2026-09-07T17:18:56.2799899Z creating dynamo_diff-0.1.0/benchmarks/agent_pilot/corpus/captures/q10/a/report/-_-_-_-
core (ubuntu-latest)	Build wheel and source archive	2026-09-07T17:18:56.2801754Z creating dynamo_diff-0.1.0/benchmarks/agent_pilot/corpus/captures/q10/a/report/-_0_0_0
core (ubuntu-latest)	Build wheel and source archive	2026-09-07T17:18:56.2803133Z creating dynamo_diff-0.1.0/benchmarks/agent_pilot/corpus/captures/q10/a/report/-_0_1_0
core (ubuntu-latest)	Build wheel and source archive	2026-09-07T17:18:56.2804212Z creating dynamo_diff-0.1.0/benchmarks/agent_pilot/corpus/captures/q10/a/report/-_0_2_0
core (ubuntu-latest)	Build wheel and source archive	2026-09-07T17:18:56.2805281Z creating dynamo_diff-0.1.0/benchmarks/agent_pilot/corpus/captures/q10/a/sources
core (ubuntu-latest)	Build wheel and source archive	2026-09-07T17:18:56.2806275Z creating dynamo_diff-0.1.0/benchmarks/agent_pilot/corpus/curator/q07
core (ubuntu-latest)	Build wheel and source archive	2026-09-07T17:18:56.2807318Z creating dynamo_diff-0.1.0/benchmarks/agent_pilot/runs/run-001
core (ubuntu-latest)	Build wheel and source archive	2026-09-07T17:18:56.2808158Z creating dynamo_diff-0.1.0/benchmarks/agent_pilot/runs/run-001/analysis
core (ubuntu-latest)	Build wheel and source archive	2026-09-07T17:18:56.2808995Z creating dynamo_diff-0.1.0/benchmarks/results
core (ubuntu-latest)	Build wheel and source archive	2026-09-07T17:18:56.2809745Z creating dynamo_diff-0.1.0/case_studies/transformers_cache
core (ubuntu-latest)	Build wheel and source archive	2026-09-07T17:18:56.2810650Z creating dynamo_diff-0.1.0/case_studies/transformers_cache/captures/baseline
core (ubuntu-latest)	Build wheel and source archive	2026-09-07T17:18:56.2811682Z creating dynamo_diff-0.1.0/case_studies/transformers_cache/captures/baseline/raw
core (ubuntu-latest)	Build wheel and source archive	2026-09-07T17:18:56.2812784Z creating dynamo_diff-0.1.0/case_studies/transformers_cache/captures/baseline/report
core (ubuntu-latest)	Build wheel and source archive	2026-09-07T17:18:56.2813889Z creating dynamo_diff-0.1.0/case_studies/transformers_cache/captures/baseline/report/-_-_-_-
core (ubuntu-latest)	Build wheel and source archive	2026-09-07T17:18:56.2815065Z creating dynamo_diff-0.1.0/case_studies/transformers_cache/captures/baseline/report/-_0_0_0
core (ubuntu-latest)	Build wheel and source archive	2026-09-07T17:18:56.2816256Z creating dynamo_diff-0.1.0/case_studies/transformers_cache/captures/baseline/report/-_0_1_0
core (ubuntu-latest)	Build wheel and source archive	2026-09-07T17:18:56.2817858Z creating dynamo_diff-0.1.0/case_studies/transformers_cache/captures/baseline/report/-_0_2_0
core (ubuntu-latest)	Build wheel and source archive	2026-09-07T17:18:56.2818991Z creating dynamo_diff-0.1.0/case_studies/transformers_cache/captures/baseline/sources
core (ubuntu-latest)	Build wheel and source archive	2026-09-07T17:18:56.2820163Z creating dynamo_diff-0.1.0/case_studies/transformers_cache/captures/baseline/sources/torch/_dynamo
core (ubuntu-latest)	Build wheel and source archive	2026-09-07T17:18:56.2821429Z creating dynamo_diff-0.1.0/case_studies/transformers_cache/captures/baseline/sources/torch/utils
core (ubuntu-latest)	Build wheel and source archive	2026-09-07T17:18:56.2822726Z creating dynamo_diff-0.1.0/case_studies/transformers_cache/captures/baseline/sources/transformers
core (ubuntu-latest)	Build wheel and source archive	2026-09-07T17:18:56.2824055Z creating dynamo_diff-0.1.0/case_studies/transformers_cache/captures/baseline/sources/transformers/generation
core (ubuntu-latest)	Build wheel and source archive	2026-09-07T17:18:56.2825473Z creating dynamo_diff-0.1.0/case_studies/transformers_cache/captures/baseline/sources/transformers/models/llama
core (ubuntu-latest)	Build wheel and source archive	2026-09-07T17:18:56.2827034Z creating dynamo_diff-0.1.0/case_studies/transformers_cache/captures/baseline/sources/transformers/utils
core (ubuntu-latest)	Build wheel and source archive	2026-09-07T17:18:56.2828262Z creating dynamo_diff-0.1.0/case_studies/transformers_cache/captures/candidate
core (ubuntu-latest)	Build wheel and source archive	2026-09-07T17:18:56.2829334Z creating dynamo_diff-0.1.0/case_studies/transformers_cache/captures/candidate/raw
core (ubuntu-latest)	Build wheel and source archive	2026-09-07T17:18:56.2830392Z creating dynamo_diff-0.1.0/case_studies/transformers_cache/captures/candidate/report
core (ubuntu-latest)	Build wheel and source archive	2026-09-07T17:18:56.2831528Z creating dynamo_diff-0.1.0/case_studies/transformers_cache/captures/candidate/report/-_-_-_-
core (ubuntu-latest)	Build wheel and source archive	2026-09-07T17:18:56.2832713Z creating dynamo_diff-0.1.0/case_studies/transformers_cache/captures/candidate/report/-_0_0_0
core (ubuntu-latest)	Build wheel and source archive	2026-09-07T17:18:56.2833922Z creating dynamo_diff-0.1.0/case_studies/transformers_cache/captures/candidate/report/-_0_1_0
core (ubuntu-latest)	Build wheel and source archive	2026-09-07T17:18:56.2835125Z creating dynamo_diff-0.1.0/case_studies/transformers_cache/captures/candidate/sources
core (ubuntu-latest)	Build wheel and source archive	2026-09-07T17:18:56.2836352Z creating dynamo_diff-0.1.0/case_studies/transformers_cache/captures/candidate/sources/torch/_dynamo
core (ubuntu-latest)	Build wheel and source archive	2026-09-07T17:18:56.2837824Z creating dynamo_diff-0.1.0/case_studies/transformers_cache/captures/candidate/sources/torch/utils
core (ubuntu-latest)	Build wheel and source archive	2026-09-07T17:18:56.2839112Z creating dynamo_diff-0.1.0/case_studies/transformers_cache/captures/candidate/sources/transformers
core (ubuntu-latest)	Build wheel and source archive	2026-09-07T17:18:56.2840501Z creating dynamo_diff-0.1.0/case_studies/transformers_cache/captures/candidate/sources/transformers/generation
core (ubuntu-latest)	Build wheel and source archive	2026-09-07T17:18:56.2841986Z creating dynamo_diff-0.1.0/case_studies/transformers_cache/captures/candidate/sources/transformers/models/llama
core (ubuntu-latest)	Build wheel and source archive	2026-09-07T17:18:56.2843516Z creating dynamo_diff-0.1.0/case_studies/transformers_cache/captures/candidate/sources/transformers/utils
core (ubuntu-latest)	Build wheel and source archive	2026-09-07T17:18:56.2844801Z creating dynamo_diff-0.1.0/docs
core (ubuntu-latest)	Build wheel and source archive	2026-09-07T17:18:56.2845403Z creating dynamo_diff-0.1.0/docs/licenses
core (ubuntu-latest)	Build wheel and source archive	2026-09-07T17:18:56.2846036Z creating dynamo_diff-0.1.0/docs/schemas
core (ubuntu-latest)	Build wheel and source archive	2026-09-07T17:18:56.2846833Z creating dynamo_diff-0.1.0/fixtures
core (ubuntu-latest)	Build wheel and source archive	2026-09-07T17:18:56.2847547Z creating dynamo_diff-0.1.0/fixtures/captures/backend_failure
core (ubuntu-latest)	Build wheel and source archive	2026-09-07T17:18:56.2848445Z creating dynamo_diff-0.1.0/fixtures/captures/backend_failure/raw
core (ubuntu-latest)	Build wheel and source archive	2026-09-07T17:18:56.2849365Z creating dynamo_diff-0.1.0/fixtures/captures/backend_failure/report
core (ubuntu-latest)	Build wheel and source archive	2026-09-07T17:18:56.2850318Z creating dynamo_diff-0.1.0/fixtures/captures/backend_failure/report/-_-_-_-
core (ubuntu-latest)	Build wheel and source archive	2026-09-07T17:18:56.2851303Z creating dynamo_diff-0.1.0/fixtures/captures/backend_failure/report/-_0_0_0
core (ubuntu-latest)	Build wheel and source archive	2026-09-07T17:18:56.2852279Z creating dynamo_diff-0.1.0/fixtures/captures/backend_failure/sources
core (ubuntu-latest)	Build wheel and source archive	2026-09-07T17:18:56.2853130Z creating dynamo_diff-0.1.0/fixtures/captures/dynamic
core (ubuntu-latest)	Build wheel and source archive	2026-09-07T17:18:56.2853910Z creating dynamo_diff-0.1.0/fixtures/captures/dynamic/raw
core (ubuntu-latest)	Build wheel and source archive	2026-09-07T17:18:56.2854715Z creating dynamo_diff-0.1.0/fixtures/captures/dynamic/report
core (ubuntu-latest)	Build wheel and source archive	2026-09-07T17:18:56.2855584Z creating dynamo_diff-0.1.0/fixtures/captures/dynamic/report/-_-_-_-
core (ubuntu-latest)	Build wheel and source archive	2026-09-07T17:18:56.2856473Z creating dynamo_diff-0.1.0/fixtures/captures/dynamic/report/-_0_0_0
core (ubuntu-latest)	Build wheel and source archive	2026-09-07T17:18:56.2857550Z creating dynamo_diff-0.1.0/fixtures/captures/dynamic/report/-_0_1_0
core (ubuntu-latest)	Build wheel and source archive	2026-09-07T17:18:56.2858713Z creating dynamo_diff-0.1.0/fixtures/captures/dynamic/sources
core (ubuntu-latest)	Build wheel and source archive	2026-09-07T17:18:56.2859511Z creating dynamo_diff-0.1.0/fixtures/captures/edit_after
core (ubuntu-latest)	Build wheel and source archive	2026-09-07T17:18:56.2860314Z creating dynamo_diff-0.1.0/fixtures/captures/edit_after/raw
core (ubuntu-latest)	Build wheel and source archive	2026-09-07T17:18:56.2861147Z creating dynamo_diff-0.1.0/fixtures/captures/edit_after/report
core (ubuntu-latest)	Build wheel and source archive	2026-09-07T17:18:56.2862076Z creating dynamo_diff-0.1.0/fixtures/captures/edit_after/report/-_-_-_-
core (ubuntu-latest)	Build wheel and source archive	2026-09-07T17:18:56.2863029Z creating dynamo_diff-0.1.0/fixtures/captures/edit_after/report/-_0_0_0
core (ubuntu-latest)	Build wheel and source archive	2026-09-07T17:18:56.2863991Z creating dynamo_diff-0.1.0/fixtures/captures/edit_after/report/-_1_0_0
core (ubuntu-latest)	Build wheel and source archive	2026-09-07T17:18:56.2864916Z creating dynamo_diff-0.1.0/fixtures/captures/edit_after/sources
core (ubuntu-latest)	Build wheel and source archive	2026-09-07T17:18:56.2866015Z creating dynamo_diff-0.1.0/fixtures/captures/edit_before
core (ubuntu-latest)	Build wheel and source archive	2026-09-07T17:18:56.2867463Z creating dynamo_diff-0.1.0/fixtures/captures/edit_before/raw
core (ubuntu-latest)	Build wheel and source archive	2026-09-07T17:18:56.2868655Z creating dynamo_diff-0.1.0/fixtures/captures/edit_before/report
core (ubuntu-latest)	Build wheel and source archive	2026-09-07T17:18:56.2869925Z creating dynamo_diff-0.1.0/fixtures/captures/edit_before/report/-_-_-_-
core (ubuntu-latest)	Build wheel and source archive	2026-09-07T17:18:56.2871125Z creating dynamo_diff-0.1.0/fixtures/captures/edit_before/report/-_0_0_0
core (ubuntu-latest)	Build wheel and source archive	2026-09-07T17:18:56.2872314Z creating dynamo_diff-0.1.0/fixtures/captures/edit_before/report/-_0_1_0
core (ubuntu-latest)	Build wheel and source archive	2026-09-07T17:18:56.2873527Z creating dynamo_diff-0.1.0/fixtures/captures/edit_before/report/-_0_2_0
core (ubuntu-latest)	Build wheel and source archive	2026-09-07T17:18:56.2874728Z creating dynamo_diff-0.1.0/fixtures/captures/edit_before/sources
core (ubuntu-latest)	Build wheel and source archive	2026-09-07T17:18:56.2875885Z creating dynamo_diff-0.1.0/fixtures/captures/grad
core (ubuntu-latest)	Build wheel and source archive	2026-09-07T17:18:56.2877391Z creating dynamo_diff-0.1.0/fixtures/captures/grad/raw
core (ubuntu-latest)	Build wheel and source archive	2026-09-07T17:18:56.2878625Z creating dynamo_diff-0.1.0/fixtures/captures/grad/report
core (ubuntu-latest)	Build wheel and source archive	2026-09-07T17:18:56.2879928Z creating dynamo_diff-0.1.0/fixtures/captures/grad/report/-_-_-_-
core (ubuntu-latest)	Build wheel and source archive	2026-09-07T17:18:56.2881144Z creating dynamo_diff-0.1.0/fixtures/captures/grad/report/-_0_0_0
core (ubuntu-latest)	Build wheel and source archive	2026-09-07T17:18:56.2882467Z creating dynamo_diff-0.1.0/fixtures/captures/grad/report/-_0_1_0
core (ubuntu-latest)	Build wheel and source archive	2026-09-07T17:18:56.2883744Z creating dynamo_diff-0.1.0/fixtures/captures/grad/sources
core (ubuntu-latest)	Build wheel and source archive	2026-09-07T17:18:56.2884958Z creating dynamo_diff-0.1.0/fixtures/captures/graph_break
core (ubuntu-latest)	Build wheel and source archive	2026-09-07T17:18:56.2886186Z creating dynamo_diff-0.1.0/fixtures/captures/graph_break/raw
core (ubuntu-latest)	Build wheel and source archive	2026-09-07T17:18:56.2887565Z creating dynamo_diff-0.1.0/fixtures/captures/graph_break/report
core (ubuntu-latest)	Build wheel and source archive	2026-09-07T17:18:56.2888824Z creating dynamo_diff-0.1.0/fixtures/captures/graph_break/report/-_-_-_-
core (ubuntu-latest)	Build wheel and source archive	2026-09-07T17:18:56.2889983Z creating dynamo_diff-0.1.0/fixtures/captures/graph_break/report/-_0_0_0
core (ubuntu-latest)	Build wheel and source archive	2026-09-07T17:18:56.2891208Z creating dynamo_diff-0.1.0/fixtures/captures/graph_break/report/-_0_0_1
core (ubuntu-latest)	Build wheel and source archive	2026-09-07T17:18:56.2892316Z creating dynamo_diff-0.1.0/fixtures/captures/graph_break/report/-_1_0_0
core (ubuntu-latest)	Build wheel and source archive	2026-09-07T17:18:56.2893525Z creating dynamo_diff-0.1.0/fixtures/captures/graph_break/sources
core (ubuntu-latest)	Build wheel and source archive	2026-09-07T17:18:56.2894674Z creating dynamo_diff-0.1.0/fixtures/captures/identity
core (ubuntu-latest)	Build wheel and source archive	2026-09-07T17:18:56.2895825Z creating dynamo_diff-0.1.0/fixtures/captures/identity/raw
core (ubuntu-latest)	Build wheel and source archive	2026-09-07T17:18:56.2897270Z creating dynamo_diff-0.1.0/fixtures/captures/identity/report
core (ubuntu-latest)	Build wheel and source archive	2026-09-07T17:18:56.2898576Z creating dynamo_diff-0.1.0/fixtures/captures/identity/report/-_-_-_-
core (ubuntu-latest)	Build wheel and source archive	2026-09-07T17:18:56.2899709Z creating dynamo_diff-0.1.0/fixtures/captures/identity/report/-_0_0_0
core (ubuntu-latest)	Build wheel and source archive	2026-09-07T17:18:56.2901030Z creating dynamo_diff-0.1.0/fixtures/captures/identity/report/-_0_1_0
core (ubuntu-latest)	Build wheel and source archive	2026-09-07T17:18:56.2902404Z creating dynamo_diff-0.1.0/fixtures/captures/identity/report/-_0_2_0
core (ubuntu-latest)	Build wheel and source archive	2026-09-07T17:18:56.2903520Z creating dynamo_diff-0.1.0/fixtures/captures/identity/sources
core (ubuntu-latest)	Build wheel and source archive	2026-09-07T17:18:56.2904825Z creating dynamo_diff-0.1.0/fixtures/captures/identity_partitioned
core (ubuntu-latest)	Build wheel and source archive	2026-09-07T17:18:56.2905999Z creating dynamo_diff-0.1.0/fixtures/captures/identity_partitioned/raw
core (ubuntu-latest)	Build wheel and source archive	2026-09-07T17:18:56.2907374Z creating dynamo_diff-0.1.0/fixtures/captures/identity_partitioned/report
core (ubuntu-latest)	Build wheel and source archive	2026-09-07T17:18:56.2908662Z creating dynamo_diff-0.1.0/fixtures/captures/identity_partitioned/report/-_-_-_-
core (ubuntu-latest)	Build wheel and source archive	2026-09-07T17:18:56.2909756Z creating dynamo_diff-0.1.0/fixtures/captures/identity_partitioned/report/-_0_0_0
core (ubuntu-latest)	Build wheel and source archive	2026-09-07T17:18:56.2911075Z creating dynamo_diff-0.1.0/fixtures/captures/identity_partitioned/report/-_0_1_0
core (ubuntu-latest)	Build wheel and source archive	2026-09-07T17:18:56.2912145Z creating dynamo_diff-0.1.0/fixtures/captures/identity_partitioned/report/-_0_2_0
core (ubuntu-latest)	Build wheel and source archive	2026-09-07T17:18:56.2913174Z creating dynamo_diff-0.1.0/fixtures/captures/identity_partitioned/sources
core (ubuntu-latest)	Build wheel and source archive	2026-09-07T17:18:56.2914051Z creating dynamo_diff-0.1.0/fixtures/captures/limit
core (ubuntu-latest)	Build wheel and source archive	2026-09-07T17:18:56.2915166Z creating dynamo_diff-0.1.0/fixtures/captures/limit/raw
core (ubuntu-latest)	Build wheel and source archive	2026-09-07T17:18:56.2916349Z creating dynamo_diff-0.1.0/fixtures/captures/limit/report
core (ubuntu-latest)	Build wheel and source archive	2026-09-07T17:18:56.2918002Z creating dynamo_diff-0.1.0/fixtures/captures/limit/report/-_-_-_-
core (ubuntu-latest)	Build wheel and source archive	2026-09-07T17:18:56.2919320Z creating dynamo_diff-0.1.0/fixtures/captures/limit/report/-_0_0_0
core (ubuntu-latest)	Build wheel and source archive	2026-09-07T17:18:56.2920677Z creating dynamo_diff-0.1.0/fixtures/captures/limit/report/-_0_1_0
core (ubuntu-latest)	Build wheel and source archive	2026-09-07T17:18:56.2922011Z creating dynamo_diff-0.1.0/fixtures/captures/limit/report/-_0_2_0
core (ubuntu-latest)	Build wheel and source archive	2026-09-07T17:18:56.2923272Z creating dynamo_diff-0.1.0/fixtures/captures/limit/sources
core (ubuntu-latest)	Build wheel and source archive	2026-09-07T17:18:56.2924566Z creating dynamo_diff-0.1.0/fixtures/captures/multiple_guards
core (ubuntu-latest)	Build wheel and source archive	2026-09-07T17:18:56.2925822Z creating dynamo_diff-0.1.0/fixtures/captures/multiple_guards/raw
core (ubuntu-latest)	Build wheel and source archive	2026-09-07T17:18:56.2927248Z creating dynamo_diff-0.1.0/fixtures/captures/multiple_guards/report
core (ubuntu-latest)	Build wheel and source archive	2026-09-07T17:18:56.2928581Z creating dynamo_diff-0.1.0/fixtures/captures/multiple_guards/report/-_-_-_-
core (ubuntu-latest)	Build wheel and source archive	2026-09-07T17:18:56.2929791Z creating dynamo_diff-0.1.0/fixtures/captures/multiple_guards/report/-_0_0_0
core (ubuntu-latest)	Build wheel and source archive	2026-09-07T17:18:56.2931005Z creating dynamo_diff-0.1.0/fixtures/captures/multiple_guards/report/-_0_1_0
core (ubuntu-latest)	Build wheel and source archive	2026-09-07T17:18:56.2932251Z creating dynamo_diff-0.1.0/fixtures/captures/multiple_guards/report/-_0_2_0
core (ubuntu-latest)	Build wheel and source archive	2026-09-07T17:18:56.2933450Z creating dynamo_diff-0.1.0/fixtures/captures/multiple_guards/sources
core (ubuntu-latest)	Build wheel and source archive	2026-09-07T17:18:56.2934692Z creating dynamo_diff-0.1.0/fixtures/captures/no_graph
core (ubuntu-latest)	Build wheel and source archive	2026-09-07T17:18:56.2936041Z creating dynamo_diff-0.1.0/fixtures/captures/no_graph/raw
core (ubuntu-latest)	Build wheel and source archive	2026-09-07T17:18:56.2937622Z creating dynamo_diff-0.1.0/fixtures/captures/no_graph/report
core (ubuntu-latest)	Build wheel and source archive	2026-09-07T17:18:56.2938895Z creating dynamo_diff-0.1.0/fixtures/captures/no_graph/report/-_-_-_-
core (ubuntu-latest)	Build wheel and source archive	2026-09-07T17:18:56.2940102Z creating dynamo_diff-0.1.0/fixtures/captures/no_graph/report/-_0_0_0
core (ubuntu-latest)	Build wheel and source archive	2026-09-07T17:18:56.2941283Z creating dynamo_diff-0.1.0/fixtures/captures/no_graph/sources
core (ubuntu-latest)	Build wheel and source archive	2026-09-07T17:18:56.2942512Z creating dynamo_diff-0.1.0/fixtures/captures/scalar
core (ubuntu-latest)	Build wheel and source archive	2026-09-07T17:18:56.2943834Z creating dynamo_diff-0.1.0/fixtures/captures/scalar/raw
core (ubuntu-latest)	Build wheel and source archive	2026-09-07T17:18:56.2945126Z creating dynamo_diff-0.1.0/fixtures/captures/scalar/report
core (ubuntu-latest)	Build wheel and source archive	2026-09-07T17:18:56.2949510Z creating dynamo_diff-0.1.0/fixtures/captures/scalar/report/-_-_-_-
core (ubuntu-latest)	Build wheel and source archive	2026-09-07T17:18:56.2950462Z creating dynamo_diff-0.1.0/fixtures/captures/scalar/report/-_0_0_0
core (ubuntu-latest)	Build wheel and source archive	2026-09-07T17:18:56.2951330Z creating dynamo_diff-0.1.0/fixtures/captures/scalar/report/-_0_1_0
core (ubuntu-latest)	Build wheel and source archive	2026-09-07T17:18:56.2952208Z creating dynamo_diff-0.1.0/fixtures/captures/scalar/sources
core (ubuntu-latest)	Build wheel and source archive	2026-09-07T17:18:56.2952982Z creating dynamo_diff-0.1.0/fixtures/captures/shape
core (ubuntu-latest)	Build wheel and source archive	2026-09-07T17:18:56.2953696Z creating dynamo_diff-0.1.0/fixtures/captures/shape/raw
core (ubuntu-latest)	Build wheel and source archive	2026-09-07T17:18:56.2954465Z creating dynamo_diff-0.1.0/fixtures/captures/shape/report
core (ubuntu-latest)	Build wheel and source archive	2026-09-07T17:18:56.2955275Z creating dynamo_diff-0.1.0/fixtures/captures/shape/report/-_-_-_-
core (ubuntu-latest)	Build wheel and source archive	2026-09-07T17:18:56.2956161Z creating dynamo_diff-0.1.0/fixtures/captures/shape/report/-_0_0_0
core (ubuntu-latest)	Build wheel and source archive	2026-09-07T17:18:56.2957230Z creating dynamo_diff-0.1.0/fixtures/captures/shape/report/-_0_1_0
core (ubuntu-latest)	Build wheel and source archive	2026-09-07T17:18:56.2958066Z creating dynamo_diff-0.1.0/fixtures/captures/shape/sources
core (ubuntu-latest)	Build wheel and source archive	2026-09-07T17:18:56.2959355Z creating dynamo_diff-0.1.0/fixtures/captures/stable
core (ubuntu-latest)	Build wheel and source archive	2026-09-07T17:18:56.2960659Z creating dynamo_diff-0.1.0/fixtures/captures/stable/raw
core (ubuntu-latest)	Build wheel and source archive	2026-09-07T17:18:56.2961989Z creating dynamo_diff-0.1.0/fixtures/captures/stable/report
core (ubuntu-latest)	Build wheel and source archive	2026-09-07T17:18:56.2963262Z creating dynamo_diff-0.1.0/fixtures/captures/stable/report/-_-_-_-
core (ubuntu-latest)	Build wheel and source archive	2026-09-07T17:18:56.2964533Z creating dynamo_diff-0.1.0/fixtures/captures/stable/report/-_0_0_0
core (ubuntu-latest)	Build wheel and source archive	2026-09-07T17:18:56.2966065Z creating dynamo_diff-0.1.0/fixtures/captures/stable/sources
core (ubuntu-latest)	Build wheel and source archive	2026-09-07T17:18:56.2967008Z creating dynamo_diff-0.1.0/fixtures/workloads
core (ubuntu-latest)	Build wheel and source archive	2026-09-07T17:18:56.2977392Z creating dynamo_diff-0.1.0/src/dynamo_diff
core (ubuntu-latest)	Build wheel and source archive	2026-09-07T17:18:56.2978059Z creating dynamo_diff-0.1.0/src/dynamo_diff.egg-info
core (ubuntu-latest)	Build wheel and source archive	2026-09-07T17:18:56.2978672Z creating dynamo_diff-0.1.0/src/dynamo_diff/adapters
core (ubuntu-latest)	Build wheel and source archive	2026-09-07T17:18:56.2979217Z creating dynamo_diff-0.1.0/tests
core (ubuntu-latest)	Build wheel and source archive	2026-09-07T17:18:56.2979678Z creating dynamo_diff-0.1.0/tools
core (ubuntu-latest)	Build wheel and source archive	2026-09-07T17:18:56.2987517Z copying files to dynamo_diff-0.1.0...
core (ubuntu-latest)	Build wheel and source archive	2026-09-07T17:18:56.2988167Z copying LICENSE -> dynamo_diff-0.1.0
core (ubuntu-latest)	Build wheel and source archive	2026-09-07T17:18:56.2988788Z copying MANIFEST.in -> dynamo_diff-0.1.0
core (ubuntu-latest)	Build wheel and source archive	2026-09-07T17:18:56.2989403Z copying README.md -> dynamo_diff-0.1.0
core (ubuntu-latest)	Build wheel and source archive	2026-09-07T17:18:56.2990008Z copying pyproject.toml -> dynamo_diff-0.1.0
core (ubuntu-latest)	Build wheel and source archive	2026-09-07T17:18:56.2990707Z copying requirements-case-study.lock -> dynamo_diff-0.1.0
core (ubuntu-latest)	Build wheel and source archive	2026-09-07T17:18:56.2991477Z copying requirements-dev.lock -> dynamo_diff-0.1.0
core (ubuntu-latest)	Build wheel and source archive	2026-09-07T17:18:56.2992219Z copying requirements-test.lock -> dynamo_diff-0.1.0
core (ubuntu-latest)	Build wheel and source archive	2026-09-07T17:18:56.2993036Z copying .github/workflows/ci.yml -> dynamo_diff-0.1.0/.github/workflows
core (ubuntu-latest)	Build wheel and source archive	2026-09-07T17:18:56.2994080Z copying artifacts/demo/cli-002/receipt.json -> dynamo_diff-0.1.0/artifacts/demo/cli-002
core (ubuntu-latest)	Build wheel and source archive	2026-09-07T17:18:56.2995218Z copying artifacts/demo/cli-002/transcript.txt -> dynamo_diff-0.1.0/artifacts/demo/cli-002
core (ubuntu-latest)	Build wheel and source archive	2026-09-07T17:18:56.2996468Z copying artifacts/demo/cli-002/walkthrough.cast -> dynamo_diff-0.1.0/artifacts/demo/cli-002
core (ubuntu-latest)	Build wheel and source archive	2026-09-07T17:18:56.2998501Z copying artifacts/demo/cli-003/receipt.json -> dynamo_diff-0.1.0/artifacts/demo/cli-003
core (ubuntu-latest)	Build wheel and source archive	2026-09-07T17:18:56.3000227Z copying artifacts/demo/cli-003/transcript.txt -> dynamo_diff-0.1.0/artifacts/demo/cli-003
core (ubuntu-latest)	Build wheel and source archive	2026-09-07T17:18:56.3001884Z copying artifacts/demo/cli-003/walkthrough.cast -> dynamo_diff-0.1.0/artifacts/demo/cli-003
core (ubuntu-latest)	Build wheel and source archive	2026-09-07T17:18:56.3003433Z copying benchmarks/check_regression.py -> dynamo_diff-0.1.0/benchmarks
core (ubuntu-latest)	Build wheel and source archive	2026-09-07T17:18:56.3005016Z copying benchmarks/conversion_costs.py -> dynamo_diff-0.1.0/benchmarks
core (ubuntu-latest)	Build wheel and source archive	2026-09-07T17:18:56.3006741Z copying benchmarks/import_scaling.py -> dynamo_diff-0.1.0/benchmarks
core (ubuntu-latest)	Build wheel and source archive	2026-09-07T17:18:56.3008961Z copying benchmarks/agent_pilot/ANSWER_REVIEW.md -> dynamo_diff-0.1.0/benchmarks/agent_pilot
core (ubuntu-latest)	Build wheel and source archive	2026-09-07T17:18:56.3037547Z copying benchmarks/agent_pilot/PROTOCOL.md -> dynamo_diff-0.1.0/benchmarks/agent_pilot
core (ubuntu-latest)	Build wheel and source archive	2026-09-07T17:18:56.3038432Z copying benchmarks/agent_pilot/README.md -> dynamo_diff-0.1.0/benchmarks/agent_pilot
core (ubuntu-latest)	Build wheel and source archive	2026-09-07T17:18:56.3039781Z copying benchmarks/agent_pilot/answer-key.json -> dynamo_diff-0.1.0/benchmarks/agent_pilot
core (ubuntu-latest)	Build wheel and source archive	2026-09-07T17:18:56.3047749Z copying benchmarks/agent_pilot/diagnose_formatting.py -> dynamo_diff-0.1.0/benchmarks/agent_pilot
core (ubuntu-latest)	Build wheel and source archive	2026-09-07T17:18:56.3049014Z copying benchmarks/agent_pilot/driver.py.in -> dynamo_diff-0.1.0/benchmarks/agent_pilot
core (ubuntu-latest)	Build wheel and source archive	2026-09-07T17:18:56.3050140Z copying benchmarks/agent_pilot/generate.py -> dynamo_diff-0.1.0/benchmarks/agent_pilot
core (ubuntu-latest)	Build wheel and source archive	2026-09-07T17:18:56.3051294Z copying benchmarks/agent_pilot/preflight.json -> dynamo_diff-0.1.0/benchmarks/agent_pilot
core (ubuntu-latest)	Build wheel and source archive	2026-09-07T17:18:56.3052428Z copying benchmarks/agent_pilot/questions.json -> dynamo_diff-0.1.0/benchmarks/agent_pilot
core (ubuntu-latest)	Build wheel and source archive	2026-09-07T17:18:56.3053513Z copying benchmarks/agent_pilot/run.py -> dynamo_diff-0.1.0/benchmarks/agent_pilot
core (ubuntu-latest)	Build wheel and source archive	2026-09-07T17:18:56.3054588Z copying benchmarks/agent_pilot/score.py -> dynamo_diff-0.1.0/benchmarks/agent_pilot
core (ubuntu-latest)	Build wheel and source archive	2026-09-07T17:18:56.3055752Z copying benchmarks/agent_pilot/test_formatting.py -> dynamo_diff-0.1.0/benchmarks/agent_pilot
core (ubuntu-latest)	Build wheel and source archive	2026-09-07T17:18:56.3057137Z copying benchmarks/agent_pilot/test_harness.py -> dynamo_diff-0.1.0/benchmarks/agent_pilot
core (ubuntu-latest)	Build wheel and source archive	2026-09-07T17:18:56.3058270Z copying benchmarks/agent_pilot/test_scoring.py -> dynamo_diff-0.1.0/benchmarks/agent_pilot
core (ubuntu-latest)	Build wheel and source archive	2026-09-07T17:18:56.3059574Z copying benchmarks/agent_pilot/corpus/implementation-freeze.json -> dynamo_diff-0.1.0/benchmarks/agent_pilot/corpus
core (ubuntu-latest)	Build wheel and source archive	2026-09-07T17:18:56.3061217Z copying benchmarks/agent_pilot/corpus/captures/q01/a/conversion.txt -> dynamo_diff-0.1.0/benchmarks/agent_pilot/corpus/captures/q01/a
core (ubuntu-latest)	Build wheel and source archive	2026-09-07T17:18:56.3063173Z copying benchmarks/agent_pilot/corpus/captures/q01/a/manifest.json -> dynamo_diff-0.1.0/benchmarks/agent_pilot/corpus/captures/q01/a
core (ubuntu-latest)	Build wheel and source archive	2026-09-07T17:18:56.3064827Z copying benchmarks/agent_pilot/corpus/captures/q01/a/stderr.txt -> dynamo_diff-0.1.0/benchmarks/agent_pilot/corpus/captures/q01/a
core (ubuntu-latest)	Build wheel and source archive	2026-09-07T17:18:56.3066403Z copying benchmarks/agent_pilot/corpus/captures/q01/a/stdout.txt -> dynamo_diff-0.1.0/benchmarks/agent_pilot/corpus/captures/q01/a
core (ubuntu-latest)	Build wheel and source archive	2026-09-07T17:18:56.3068275Z copying benchmarks/agent_pilot/corpus/captures/q01/a/workload-result.json -> dynamo_diff-0.1.0/benchmarks/agent_pilot/corpus/captures/q01/a
core (ubuntu-latest)	Build wheel and source archive	2026-09-07T17:18:56.3069963Z copying benchmarks/agent_pilot/corpus/captures/q01/a/raw/trace.log -> dynamo_diff-0.1.0/benchmarks/agent_pilot/corpus/captures/q01/a/raw
core (ubuntu-latest)	Build wheel and source archive	2026-09-07T17:18:56.3071707Z copying benchmarks/agent_pilot/corpus/captures/q01/a/report/chromium_events.json -> dynamo_diff-0.1.0/benchmarks/agent_pilot/corpus/captures/q01/a/report
core (ubuntu-latest)	Build wheel and source archive	2026-09-07T17:18:56.3073637Z copying benchmarks/agent_pilot/corpus/captures/q01/a/report/compile_directory.json -> dynamo_diff-0.1.0/benchmarks/agent_pilot/corpus/captures/q01/a/report
core (ubuntu-latest)	Build wheel and source archive	2026-09-07T17:18:56.3075575Z copying benchmarks/agent_pilot/corpus/captures/q01/a/report/failures_and_restarts.html -> dynamo_diff-0.1.0/benchmarks/agent_pilot/corpus/captures/q01/a/report
core (ubuntu-latest)	Build wheel and source archive	2026-09-07T17:18:56.3077627Z copying benchmarks/agent_pilot/corpus/captures/q01/a/report/index.html -> dynamo_diff-0.1.0/benchmarks/agent_pilot/corpus/captures/q01/a/report
core (ubuntu-latest)	Build wheel and source archive	2026-09-07T17:18:56.3079372Z copying benchmarks/agent_pilot/corpus/captures/q01/a/report/raw.jsonl -> dynamo_diff-0.1.0/benchmarks/agent_pilot/corpus/captures/q01/a/report
core (ubuntu-latest)	Build wheel and source archive	2026-09-07T17:18:56.3081074Z copying benchmarks/agent_pilot/corpus/captures/q01/a/report/raw.log -> dynamo_diff-0.1.0/benchmarks/agent_pilot/corpus/captures/q01/a/report
core (ubuntu-latest)	Build wheel and source archive	2026-09-07T17:18:56.3082907Z copying benchmarks/agent_pilot/corpus/captures/q01/a/report/-_-_-_-/torch_version_0.json -> dynamo_diff-0.1.0/benchmarks/agent_pilot/corpus/captures/q01/a/report/-_-_-_-
core (ubuntu-latest)	Build wheel and source archive	2026-09-07T17:18:56.3084985Z copying benchmarks/agent_pilot/corpus/captures/q01/a/report/-_0_0_0/compilation_metrics_3.html -> dynamo_diff-0.1.0/benchmarks/agent_pilot/corpus/captures/q01/a/report/-_0_0_0
core (ubuntu-latest)	Build wheel and source archive	2026-09-07T17:18:56.3087267Z copying benchmarks/agent_pilot/corpus/captures/q01/a/report/-_0_0_0/dynamo_cpp_guards_str_2.txt -> dynamo_diff-0.1.0/benchmarks/agent_pilot/corpus/captures/q01/a/report/-_0_0_0
core (ubuntu-latest)	Build wheel and source archive	2026-09-07T17:18:56.3089630Z copying benchmarks/agent_pilot/corpus/captures/q01/a/report/-_0_0_0/dynamo_output_graph_1.txt -> dynamo_diff-0.1.0/benchmarks/agent_pilot/corpus/captures/q01/a/report/-_0_0_0
core (ubuntu-latest)	Build wheel and source archive	2026-09-07T17:18:56.3091721Z copying benchmarks/agent_pilot/corpus/captures/q01/a/report/-_0_1_0/compilation_metrics_7.html -> dynamo_diff-0.1.0/benchmarks/agent_pilot/corpus/captures/q01/a/report/-_0_1_0
core (ubuntu-latest)	Build wheel and source archive	2026-09-07T17:18:56.3093809Z copying benchmarks/agent_pilot/corpus/captures/q01/a/report/-_0_1_0/dynamo_cpp_guards_str_6.txt -> dynamo_diff-0.1.0/benchmarks/agent_pilot/corpus/captures/q01/a/report/-_0_1_0
core (ubuntu-latest)	Build wheel and source archive	2026-09-07T17:18:56.3095866Z copying benchmarks/agent_pilot/corpus/captures/q01/a/report/-_0_1_0/dynamo_output_graph_5.txt -> dynamo_diff-0.1.0/benchmarks/agent_pilot/corpus/captures/q01/a/report/-_0_1_0
core (ubuntu-latest)	Build wheel and source archive	2026-09-07T17:18:56.3098174Z copying benchmarks/agent_pilot/corpus/captures/q01/a/report/-_0_1_0/recompile_reasons_4.json -> dynamo_diff-0.1.0/benchmarks/agent_pilot/corpus/captures/q01/a/report/-_0_1_0
core (ubuntu-latest)	Build wheel and source archive	2026-09-07T17:18:56.3100142Z copying benchmarks/agent_pilot/corpus/captures/q01/a/sources/model.py -> dynamo_diff-0.1.0/benchmarks/agent_pilot/corpus/captures/q01/a/sources
core (ubuntu-latest)	Build wheel and source archive	2026-09-07T17:18:56.3101849Z copying benchmarks/agent_pilot/corpus/captures/q02/a/conversion.txt -> dynamo_diff-0.1.0/benchmarks/agent_pilot/corpus/captures/q02/a
core (ubuntu-latest)	Build wheel and source archive	2026-09-07T17:18:56.3103474Z copying benchmarks/agent_pilot/corpus/captures/q02/a/manifest.json -> dynamo_diff-0.1.0/benchmarks/agent_pilot/corpus/captures/q02/a
core (ubuntu-latest)	Build wheel and source archive	2026-09-07T17:18:56.3105336Z copying benchmarks/agent_pilot/corpus/captures/q02/a/stderr.txt -> dynamo_diff-0.1.0/benchmarks/agent_pilot/corpus/captures/q02/a
core (ubuntu-latest)	Build wheel and source archive	2026-09-07T17:18:56.3107110Z copying benchmarks/agent_pilot/corpus/captures/q02/a/stdout.txt -> dynamo_diff-0.1.0/benchmarks/agent_pilot/corpus/captures/q02/a
core (ubuntu-latest)	Build wheel and source archive	2026-09-07T17:18:56.3108782Z copying benchmarks/agent_pilot/corpus/captures/q02/a/workload-result.json -> dynamo_diff-0.1.0/benchmarks/agent_pilot/corpus/captures/q02/a
core (ubuntu-latest)	Build wheel and source archive	2026-09-07T17:18:56.3110491Z copying benchmarks/agent_pilot/corpus/captures/q02/a/raw/trace.log -> dynamo_diff-0.1.0/benchmarks/agent_pilot/corpus/captures/q02/a/raw
core (ubuntu-latest)	Build wheel and source archive	2026-09-07T17:18:56.3112253Z copying benchmarks/agent_pilot/corpus/captures/q02/a/report/chromium_events.json -> dynamo_diff-0.1.0/benchmarks/agent_pilot/corpus/captures/q02/a/report
core (ubuntu-latest)	Build wheel and source archive	2026-09-07T17:18:56.3114122Z copying benchmarks/agent_pilot/corpus/captures/q02/a/report/compile_directory.json -> dynamo_diff-0.1.0/benchmarks/agent_pilot/corpus/captures/q02/a/report
core (ubuntu-latest)	Build wheel and source archive	2026-09-07T17:18:56.3116082Z copying benchmarks/agent_pilot/corpus/captures/q02/a/report/failures_and_restarts.html -> dynamo_diff-0.1.0/benchmarks/agent_pilot/corpus/captures/q02/a/report
core (ubuntu-latest)	Build wheel and source archive	2026-09-07T17:18:56.3118129Z copying benchmarks/agent_pilot/corpus/captures/q02/a/report/index.html -> dynamo_diff-0.1.0/benchmarks/agent_pilot/corpus/captures/q02/a/report
core (ubuntu-latest)	Build wheel and source archive	2026-09-07T17:18:56.3119886Z copying benchmarks/agent_pilot/corpus/captures/q02/a/report/raw.jsonl -> dynamo_diff-0.1.0/benchmarks/agent_pilot/corpus/captures/q02/a/report
core (ubuntu-latest)	Build wheel and source archive	2026-09-07T17:18:56.3121715Z copying benchmarks/agent_pilot/corpus/captures/q02/a/report/raw.log -> dynamo_diff-0.1.0/benchmarks/agent_pilot/corpus/captures/q02/a/report
core (ubuntu-latest)	Build wheel and source archive	2026-09-07T17:18:56.3123578Z copying benchmarks/agent_pilot/corpus/captures/q02/a/report/-_-_-_-/torch_version_0.json -> dynamo_diff-0.1.0/benchmarks/agent_pilot/corpus/captures/q02/a/report/-_-_-_-
core (ubuntu-latest)	Build wheel and source archive	2026-09-07T17:18:56.3125613Z copying benchmarks/agent_pilot/corpus/captures/q02/a/report/-_0_0_0/compilation_metrics_3.html -> dynamo_diff-0.1.0/benchmarks/agent_pilot/corpus/captures/q02/a/report/-_0_0_0
core (ubuntu-latest)	Build wheel and source archive	2026-09-07T17:18:56.3127871Z copying benchmarks/agent_pilot/corpus/captures/q02/a/report/-_0_0_0/dynamo_cpp_guards_str_2.txt -> dynamo_diff-0.1.0/benchmarks/agent_pilot/corpus/captures/q02/a/report/-_0_0_0
core (ubuntu-latest)	Build wheel and source archive	2026-09-07T17:18:56.3129952Z copying benchmarks/agent_pilot/corpus/captures/q02/a/report/-_0_0_0/dynamo_output_graph_1.txt -> dynamo_diff-0.1.0/benchmarks/agent_pilot/corpus/captures/q02/a/report/-_0_0_0
core (ubuntu-latest)	Build wheel and source archive	2026-09-07T17:18:56.3132240Z copying benchmarks/agent_pilot/corpus/captures/q02/a/report/-_0_1_0/compilation_metrics_7.html -> dynamo_diff-0.1.0/benchmarks/agent_pilot/corpus/captures/q02/a/report/-_0_1_0
core (ubuntu-latest)	Build wheel and source archive	2026-09-07T17:18:56.3134317Z copying benchmarks/agent_pilot/corpus/captures/q02/a/report/-_0_1_0/dynamo_cpp_guards_str_6.txt -> dynamo_diff-0.1.0/benchmarks/agent_pilot/corpus/captures/q02/a/report/-_0_1_0
core (ubuntu-latest)	Build wheel and source archive	2026-09-07T17:18:56.3136383Z copying benchmarks/agent_pilot/corpus/captures/q02/a/report/-_0_1_0/dynamo_output_graph_5.txt -> dynamo_diff-0.1.0/benchmarks/agent_pilot/corpus/captures/q02/a/report/-_0_1_0
core (ubuntu-latest)	Build wheel and source archive	2026-09-07T17:18:56.3138671Z copying benchmarks/agent_pilot/corpus/captures/q02/a/report/-_0_1_0/recompile_reasons_4.json -> dynamo_diff-0.1.0/benchmarks/agent_pilot/corpus/captures/q02/a/report/-_0_1_0
core (ubuntu-latest)	Build wheel and source archive	2026-09-07T17:18:56.3140749Z copying benchmarks/agent_pilot/corpus/captures/q02/a/report/-_0_2_0/compilation_metrics_11.html -> dynamo_diff-0.1.0/benchmarks/agent_pilot/corpus/captures/q02/a/report/-_0_2_0
core (ubuntu-latest)	Build wheel and source archive	2026-09-07T17:18:56.3142966Z copying benchmarks/agent_pilot/corpus/captures/q02/a/report/-_0_2_0/dynamo_cpp_guards_str_10.txt -> dynamo_diff-0.1.0/benchmarks/agent_pilot/corpus/captures/q02/a/report/-_0_2_0
core (ubuntu-latest)	Build wheel and source archive	2026-09-07T17:18:56.3145029Z copying benchmarks/agent_pilot/corpus/captures/q02/a/report/-_0_2_0/dynamo_output_graph_9.txt -> dynamo_diff-0.1.0/benchmarks/agent_pilot/corpus/captures/q02/a/report/-_0_2_0
core (ubuntu-latest)	Build wheel and source archive	2026-09-07T17:18:56.3147247Z copying benchmarks/agent_pilot/corpus/captures/q02/a/report/-_0_2_0/recompile_reasons_8.json -> dynamo_diff-0.1.0/benchmarks/agent_pilot/corpus/captures/q02/a/report/-_0_2_0
core (ubuntu-latest)	Build wheel and source archive	2026-09-07T17:18:56.3149447Z copying benchmarks/agent_pilot/corpus/captures/q02/a/sources/model.py -> dynamo_diff-0.1.0/benchmarks/agent_pilot/corpus/captures/q02/a/sources
core (ubuntu-latest)	Build wheel and source archive	2026-09-07T17:18:56.3151194Z copying benchmarks/agent_pilot/corpus/captures/q03/a/conversion.txt -> dynamo_diff-0.1.0/benchmarks/agent_pilot/corpus/captures/q03/a
core (ubuntu-latest)	Build wheel and source archive	2026-09-07T17:18:56.3152867Z copying benchmarks/agent_pilot/corpus/captures/q03/a/manifest.json -> dynamo_diff-0.1.0/benchmarks/agent_pilot/corpus/captures/q03/a
core (ubuntu-latest)	Build wheel and source archive	2026-09-07T17:18:56.3154519Z copying benchmarks/agent_pilot/corpus/captures/q03/a/stderr.txt -> dynamo_diff-0.1.0/benchmarks/agent_pilot/corpus/captures/q03/a
core (ubuntu-latest)	Build wheel and source archive	2026-09-07T17:18:56.3156121Z copying benchmarks/agent_pilot/corpus/captures/q03/a/stdout.txt -> dynamo_diff-0.1.0/benchmarks/agent_pilot/corpus/captures/q03/a
core (ubuntu-latest)	Build wheel and source archive	2026-09-07T17:18:56.3158099Z copying benchmarks/agent_pilot/corpus/captures/q03/a/workload-result.json -> dynamo_diff-0.1.0/benchmarks/agent_pilot/corpus/captures/q03/a
core (ubuntu-latest)	Build wheel and source archive	2026-09-07T17:18:56.3159874Z copying benchmarks/agent_pilot/corpus/captures/q03/a/raw/trace.log -> dynamo_diff-0.1.0/benchmarks/agent_pilot/corpus/captures/q03/a/raw
core (ubuntu-latest)	Build wheel and source archive	2026-09-07T17:18:56.3161661Z copying benchmarks/agent_pilot/corpus/captures/q03/a/report/chromium_events.json -> dynamo_diff-0.1.0/benchmarks/agent_pilot/corpus/captures/q03/a/report
core (ubuntu-latest)	Build wheel and source archive	2026-09-07T17:18:56.3163552Z copying benchmarks/agent_pilot/corpus/captures/q03/a/report/compile_directory.json -> dynamo_diff-0.1.0/benchmarks/agent_pilot/corpus/captures/q03/a/report
core (ubuntu-latest)	Build wheel and source archive	2026-09-07T17:18:56.3165467Z copying benchmarks/agent_pilot/corpus/captures/q03/a/report/failures_and_restarts.html -> dynamo_diff-0.1.0/benchmarks/agent_pilot/corpus/captures/q03/a/report
core (ubuntu-latest)	Build wheel and source archive	2026-09-07T17:18:56.3184481Z copying benchmarks/agent_pilot/corpus/captures/q03/a/report/index.html -> dynamo_diff-0.1.0/benchmarks/agent_pilot/corpus/captures/q03/a/report
core (ubuntu-latest)	Build wheel and source archive	2026-09-07T17:18:56.3186508Z copying benchmarks/agent_pilot/corpus/captures/q03/a/report/raw.jsonl -> dynamo_diff-0.1.0/benchmarks/agent_pilot/corpus/captures/q03/a/report
core (ubuntu-latest)	Build wheel and source archive	2026-09-07T17:18:56.3188474Z copying benchmarks/agent_pilot/corpus/captures/q03/a/report/raw.log -> dynamo_diff-0.1.0/benchmarks/agent_pilot/corpus/captures/q03/a/report
core (ubuntu-latest)	Build wheel and source archive	2026-09-07T17:18:56.3190357Z copying benchmarks/agent_pilot/corpus/captures/q03/a/report/-_-_-_-/torch_version_0.json -> dynamo_diff-0.1.0/benchmarks/agent_pilot/corpus/captures/q03/a/report/-_-_-_-
core (ubuntu-latest)	Build wheel and source archive	2026-09-07T17:18:56.3192699Z copying benchmarks/agent_pilot/corpus/captures/q03/a/report/-_0_0_0/compilation_metrics_3.html -> dynamo_diff-0.1.0/benchmarks/agent_pilot/corpus/captures/q03/a/report/-_0_0_0
core (ubuntu-latest)	Build wheel and source archive	2026-09-07T17:18:56.3194853Z copying benchmarks/agent_pilot/corpus/captures/q03/a/report/-_0_0_0/dynamo_cpp_guards_str_2.txt -> dynamo_diff-0.1.0/benchmarks/agent_pilot/corpus/captures/q03/a/report/-_0_0_0
core (ubuntu-latest)	Build wheel and source archive	2026-09-07T17:18:56.3197261Z copying benchmarks/agent_pilot/corpus/captures/q03/a/report/-_0_0_0/dynamo_output_graph_1.txt -> dynamo_diff-0.1.0/benchmarks/agent_pilot/corpus/captures/q03/a/report/-_0_0_0
core (ubuntu-latest)	Build wheel and source archive	2026-09-07T17:18:56.3199371Z copying benchmarks/agent_pilot/corpus/captures/q03/a/report/-_0_1_0/compilation_metrics_7.html -> dynamo_diff-0.1.0/benchmarks/agent_pilot/corpus/captures/q03/a/report/-_0_1_0
core (ubuntu-latest)	Build wheel and source archive	2026-09-07T17:18:56.3201467Z copying benchmarks/agent_pilot/corpus/captures/q03/a/report/-_0_1_0/dynamo_cpp_guards_str_6.txt -> dynamo_diff-0.1.0/benchmarks/agent_pilot/corpus/captures/q03/a/report/-_0_1_0
core (ubuntu-latest)	Build wheel and source archive	2026-09-07T17:18:56.3203561Z copying benchmarks/agent_pilot/corpus/captures/q03/a/report/-_0_1_0/dynamo_output_graph_5.txt -> dynamo_diff-0.1.0/benchmarks/agent_pilot/corpus/captures/q03/a/report/-_0_1_0
core (ubuntu-latest)	Build wheel and source archive	2026-09-07T17:18:56.3205615Z copying benchmarks/agent_pilot/corpus/captures/q03/a/report/-_0_1_0/recompile_reasons_4.json -> dynamo_diff-0.1.0/benchmarks/agent_pilot/corpus/captures/q03/a/report/-_0_1_0
core (ubuntu-latest)	Build wheel and source archive	2026-09-07T17:18:56.3207885Z copying benchmarks/agent_pilot/corpus/captures/q03/a/report/-_0_2_0/compilation_metrics_11.html -> dynamo_diff-0.1.0/benchmarks/agent_pilot/corpus/captures/q03/a/report/-_0_2_0
core (ubuntu-latest)	Build wheel and source archive	2026-09-07T17:18:56.3210265Z copying benchmarks/agent_pilot/corpus/captures/q03/a/report/-_0_2_0/dynamo_cpp_guards_str_10.txt -> dynamo_diff-0.1.0/benchmarks/agent_pilot/corpus/captures/q03/a/report/-_0_2_0
core (ubuntu-latest)	Build wheel and source archive	2026-09-07T17:18:56.3212366Z copying benchmarks/agent_pilot/corpus/captures/q03/a/report/-_0_2_0/dynamo_output_graph_9.txt -> dynamo_diff-0.1.0/benchmarks/agent_pilot/corpus/captures/q03/a/report/-_0_2_0
core (ubuntu-latest)	Build wheel and source archive	2026-09-07T17:18:56.3214455Z copying benchmarks/agent_pilot/corpus/captures/q03/a/report/-_0_2_0/recompile_reasons_8.json -> dynamo_diff-0.1.0/benchmarks/agent_pilot/corpus/captures/q03/a/report/-_0_2_0
core (ubuntu-latest)	Build wheel and source archive	2026-09-07T17:18:56.3216393Z copying benchmarks/agent_pilot/corpus/captures/q03/a/sources/model.py -> dynamo_diff-0.1.0/benchmarks/agent_pilot/corpus/captures/q03/a/sources
core (ubuntu-latest)	Build wheel and source archive	2026-09-07T17:18:56.3218298Z copying benchmarks/agent_pilot/corpus/captures/q03/b/conversion.txt -> dynamo_diff-0.1.0/benchmarks/agent_pilot/corpus/captures/q03/b
core (ubuntu-latest)	Build wheel and source archive	2026-09-07T17:18:56.3219956Z copying benchmarks/agent_pilot/corpus/captures/q03/b/manifest.json -> dynamo_diff-0.1.0/benchmarks/agent_pilot/corpus/captures/q03/b
core (ubuntu-latest)	Build wheel and source archive	2026-09-07T17:18:56.3221565Z copying benchmarks/agent_pilot/corpus/captures/q03/b/stderr.txt -> dynamo_diff-0.1.0/benchmarks/agent_pilot/corpus/captures/q03/b
core (ubuntu-latest)	Build wheel and source archive	2026-09-07T17:18:56.3223233Z copying benchmarks/agent_pilot/corpus/captures/q03/b/stdout.txt -> dynamo_diff-0.1.0/benchmarks/agent_pilot/corpus/captures/q03/b
core (ubuntu-latest)	Build wheel and source archive	2026-09-07T17:18:56.3224911Z copying benchmarks/agent_pilot/corpus/captures/q03/b/workload-result.json -> dynamo_diff-0.1.0/benchmarks/agent_pilot/corpus/captures/q03/b
core (ubuntu-latest)	Build wheel and source archive	2026-09-07T17:18:56.3226939Z copying benchmarks/agent_pilot/corpus/captures/q03/b/raw/trace.log -> dynamo_diff-0.1.0/benchmarks/agent_pilot/corpus/captures/q03/b/raw
core (ubuntu-latest)	Build wheel and source archive	2026-09-07T17:18:56.3228669Z copying benchmarks/agent_pilot/corpus/captures/q03/b/report/chromium_events.json -> dynamo_diff-0.1.0/benchmarks/agent_pilot/corpus/captures/q03/b/report
core (ubuntu-latest)	Build wheel and source archive	2026-09-07T17:18:56.3230620Z copying benchmarks/agent_pilot/corpus/captures/q03/b/report/compile_directory.json -> dynamo_diff-0.1.0/benchmarks/agent_pilot/corpus/captures/q03/b/report
core (ubuntu-latest)	Build wheel and source archive	2026-09-07T17:18:56.3232560Z copying benchmarks/agent_pilot/corpus/captures/q03/b/report/failures_and_restarts.html -> dynamo_diff-0.1.0/benchmarks/agent_pilot/corpus/captures/q03/b/report
core (ubuntu-latest)	Build wheel and source archive	2026-09-07T17:18:56.3234404Z copying benchmarks/agent_pilot/corpus/captures/q03/b/report/index.html -> dynamo_diff-0.1.0/benchmarks/agent_pilot/corpus/captures/q03/b/report
core (ubuntu-latest)	Build wheel and source archive	2026-09-07T17:18:56.3236379Z copying benchmarks/agent_pilot/corpus/captures/q03/b/report/raw.jsonl -> dynamo_diff-0.1.0/benchmarks/agent_pilot/corpus/captures/q03/b/report
core (ubuntu-latest)	Build wheel and source archive	2026-09-07T17:18:56.3238271Z copying benchmarks/agent_pilot/corpus/captures/q03/b/report/raw.log -> dynamo_diff-0.1.0/benchmarks/agent_pilot/corpus/captures/q03/b/report
core (ubuntu-latest)	Build wheel and source archive	2026-09-07T17:18:56.3240160Z copying benchmarks/agent_pilot/corpus/captures/q03/b/report/-_-_-_-/torch_version_0.json -> dynamo_diff-0.1.0/benchmarks/agent_pilot/corpus/captures/q03/b/report/-_-_-_-
core (ubuntu-latest)	Build wheel and source archive	2026-09-07T17:18:56.3242242Z copying benchmarks/agent_pilot/corpus/captures/q03/b/report/-_0_0_0/compilation_metrics_3.html -> dynamo_diff-0.1.0/benchmarks/agent_pilot/corpus/captures/q03/b/report/-_0_0_0
core (ubuntu-latest)	Build wheel and source archive	2026-09-07T17:18:56.3244408Z copying benchmarks/agent_pilot/corpus/captures/q03/b/report/-_0_0_0/dynamo_cpp_guards_str_2.txt -> dynamo_diff-0.1.0/benchmarks/agent_pilot/corpus/captures/q03/b/report/-_0_0_0
core (ubuntu-latest)	Build wheel and source archive	2026-09-07T17:18:56.3246484Z copying benchmarks/agent_pilot/corpus/captures/q03/b/report/-_0_0_0/dynamo_output_graph_1.txt -> dynamo_diff-0.1.0/benchmarks/agent_pilot/corpus/captures/q03/b/report/-_0_0_0
core (ubuntu-latest)	Build wheel and source archive	2026-09-07T17:18:56.3248600Z copying benchmarks/agent_pilot/corpus/captures/q03/b/sources/model.py -> dynamo_diff-0.1.0/benchmarks/agent_pilot/corpus/captures/q03/b/sources
core (ubuntu-latest)	Build wheel and source archive	2026-09-07T17:18:56.3250306Z copying benchmarks/agent_pilot/corpus/captures/q04/a/conversion.txt -> dynamo_diff-0.1.0/benchmarks/agent_pilot/corpus/captures/q04/a
core (ubuntu-latest)	Build wheel and source archive	2026-09-07T17:18:56.3252204Z copying benchmarks/agent_pilot/corpus/captures/q04/a/manifest.json -> dynamo_diff-0.1.0/benchmarks/agent_pilot/corpus/captures/q04/a
core (ubuntu-latest)	Build wheel and source archive	2026-09-07T17:18:56.3253835Z copying benchmarks/agent_pilot/corpus/captures/q04/a/stderr.txt -> dynamo_diff-0.1.0/benchmarks/agent_pilot/corpus/captures/q04/a
core (ubuntu-latest)	Build wheel and source archive	2026-09-07T17:18:56.3255502Z copying benchmarks/agent_pilot/corpus/captures/q04/a/stdout.txt -> dynamo_diff-0.1.0/benchmarks/agent_pilot/corpus/captures/q04/a
core (ubuntu-latest)	Build wheel and source archive	2026-09-07T17:18:56.3257320Z copying benchmarks/agent_pilot/corpus/captures/q04/a/workload-result.json -> dynamo_diff-0.1.0/benchmarks/agent_pilot/corpus/captures/q04/a
core (ubuntu-latest)	Build wheel and source archive	2026-09-07T17:18:56.3259077Z copying benchmarks/agent_pilot/corpus/captures/q04/a/raw/trace.log -> dynamo_diff-0.1.0/benchmarks/agent_pilot/corpus/captures/q04/a/raw
core (ubuntu-latest)	Build wheel and source archive	2026-09-07T17:18:56.3292448Z copying benchmarks/agent_pilot/corpus/captures/q04/a/report/chromium_events.json -> dynamo_diff-0.1.0/benchmarks/agent_pilot/corpus/captures/q04/a/report
core (ubuntu-latest)	Build wheel and source archive	2026-09-07T17:18:56.3294450Z copying benchmarks/agent_pilot/corpus/captures/q04/a/report/compile_directory.json -> dynamo_diff-0.1.0/benchmarks/agent_pilot/corpus/captures/q04/a/report
core (ubuntu-latest)	Build wheel and source archive	2026-09-07T17:18:56.3296463Z copying benchmarks/agent_pilot/corpus/captures/q04/a/report/failures_and_restarts.html -> dynamo_diff-0.1.0/benchmarks/agent_pilot/corpus/captures/q04/a/report
core (ubuntu-latest)	Build wheel and source archive	2026-09-07T17:18:56.3298802Z copying benchmarks/agent_pilot/corpus/captures/q04/a/report/index.html -> dynamo_diff-0.1.0/benchmarks/agent_pilot/corpus/captures/q04/a/report
core (ubuntu-latest)	Build wheel and source archive	2026-09-07T17:18:56.3300598Z copying benchmarks/agent_pilot/corpus/captures/q04/a/report/raw.jsonl -> dynamo_diff-0.1.0/benchmarks/agent_pilot/corpus/captures/q04/a/report
core (ubuntu-latest)	Build wheel and source archive	2026-09-07T17:18:56.3302340Z copying benchmarks/agent_pilot/corpus/captures/q04/a/report/raw.log -> dynamo_diff-0.1.0/benchmarks/agent_pilot/corpus/captures/q04/a/report
core (ubuntu-latest)	Build wheel and source archive	2026-09-07T17:18:56.3304306Z copying benchmarks/agent_pilot/corpus/captures/q04/a/report/-_-_-_-/torch_version_0.json -> dynamo_diff-0.1.0/benchmarks/agent_pilot/corpus/captures/q04/a/report/-_-_-_-
core (ubuntu-latest)	Build wheel and source archive	2026-09-07T17:18:56.3306454Z copying benchmarks/agent_pilot/corpus/captures/q04/a/report/-_0_0_0/compilation_metrics_3.html -> dynamo_diff-0.1.0/benchmarks/agent_pilot/corpus/captures/q04/a/report/-_0_0_0
core (ubuntu-latest)	Build wheel and source archive	2026-09-07T17:18:56.3308764Z copying benchmarks/agent_pilot/corpus/captures/q04/a/report/-_0_0_0/dynamo_cpp_guards_str_2.txt -> dynamo_diff-0.1.0/benchmarks/agent_pilot/corpus/captures/q04/a/report/-_0_0_0
core (ubuntu-latest)	Build wheel and source archive	2026-09-07T17:18:56.3310865Z copying benchmarks/agent_pilot/corpus/captures/q04/a/report/-_0_0_0/dynamo_output_graph_1.txt -> dynamo_diff-0.1.0/benchmarks/agent_pilot/corpus/captures/q04/a/report/-_0_0_0
core (ubuntu-latest)	Build wheel and source archive	2026-09-07T17:18:56.3313189Z copying benchmarks/agent_pilot/corpus/captures/q04/a/report/-_0_1_0/compilation_metrics_7.html -> dynamo_diff-0.1.0/benchmarks/agent_pilot/corpus/captures/q04/a/report/-_0_1_0
core (ubuntu-latest)	Build wheel and source archive	2026-09-07T17:18:56.3315284Z copying benchmarks/agent_pilot/corpus/captures/q04/a/report/-_0_1_0/dynamo_cpp_guards_str_6.txt -> dynamo_diff-0.1.0/benchmarks/agent_pilot/corpus/captures/q04/a/report/-_0_1_0
core (ubuntu-latest)	Build wheel and source archive	2026-09-07T17:18:56.3317521Z copying benchmarks/agent_pilot/corpus/captures/q04/a/report/-_0_1_0/dynamo_output_graph_5.txt -> dynamo_diff-0.1.0/benchmarks/agent_pilot/corpus/captures/q04/a/report/-_0_1_0
core (ubuntu-latest)	Build wheel and source archive	2026-09-07T17:18:56.3319547Z copying benchmarks/agent_pilot/corpus/captures/q04/a/report/-_0_1_0/recompile_reasons_4.json -> dynamo_diff-0.1.0/benchmarks/agent_pilot/corpus/captures/q04/a/report/-_0_1_0
core (ubuntu-latest)	Build wheel and source archive	2026-09-07T17:18:56.3321467Z copying benchmarks/agent_pilot/corpus/captures/q04/a/sources/model.py -> dynamo_diff-0.1.0/benchmarks/agent_pilot/corpus/captures/q04/a/sources
core (ubuntu-latest)	Build wheel and source archive	2026-09-07T17:18:56.3323221Z copying benchmarks/agent_pilot/corpus/captures/q04/b/conversion.txt -> dynamo_diff-0.1.0/benchmarks/agent_pilot/corpus/captures/q04/b
core (ubuntu-latest)	Build wheel and source archive	2026-09-07T17:18:56.3324900Z copying benchmarks/agent_pilot/corpus/captures/q04/b/manifest.json -> dynamo_diff-0.1.0/benchmarks/agent_pilot/corpus/captures/q04/b
core (ubuntu-latest)	Build wheel and source archive	2026-09-07T17:18:56.3326519Z copying benchmarks/agent_pilot/corpus/captures/q04/b/stderr.txt -> dynamo_diff-0.1.0/benchmarks/agent_pilot/corpus/captures/q04/b
core (ubuntu-latest)	Build wheel and source archive	2026-09-07T17:18:56.3328709Z copying benchmarks/agent_pilot/corpus/captures/q04/b/stdout.txt -> dynamo_diff-0.1.0/benchmarks/agent_pilot/corpus/captures/q04/b
core (ubuntu-latest)	Build wheel and source archive	2026-09-07T17:18:56.3330391Z copying benchmarks/agent_pilot/corpus/captures/q04/b/workload-result.json -> dynamo_diff-0.1.0/benchmarks/agent_pilot/corpus/captures/q04/b
core (ubuntu-latest)	Build wheel and source archive	2026-09-07T17:18:56.3332158Z copying benchmarks/agent_pilot/corpus/captures/q04/b/raw/trace.log -> dynamo_diff-0.1.0/benchmarks/agent_pilot/corpus/captures/q04/b/raw
core (ubuntu-latest)	Build wheel and source archive	2026-09-07T17:18:56.3333959Z copying benchmarks/agent_pilot/corpus/captures/q04/b/report/chromium_events.json -> dynamo_diff-0.1.0/benchmarks/agent_pilot/corpus/captures/q04/b/report
core (ubuntu-latest)	Build wheel and source archive	2026-09-07T17:18:56.3335867Z copying benchmarks/agent_pilot/corpus/captures/q04/b/report/compile_directory.json -> dynamo_diff-0.1.0/benchmarks/agent_pilot/corpus/captures/q04/b/report
core (ubuntu-latest)	Build wheel and source archive	2026-09-07T17:18:56.3338039Z copying benchmarks/agent_pilot/corpus/captures/q04/b/report/failures_and_restarts.html -> dynamo_diff-0.1.0/benchmarks/agent_pilot/corpus/captures/q04/b/report
core (ubuntu-latest)	Build wheel and source archive	2026-09-07T17:18:56.3339929Z copying benchmarks/agent_pilot/corpus/captures/q04/b/report/index.html -> dynamo_diff-0.1.0/benchmarks/agent_pilot/corpus/captures/q04/b/report
core (ubuntu-latest)	Build wheel and source archive	2026-09-07T17:18:56.3341735Z copying benchmarks/agent_pilot/corpus/captures/q04/b/report/raw.jsonl -> dynamo_diff-0.1.0/benchmarks/agent_pilot/corpus/captures/q04/b/report
core (ubuntu-latest)	Build wheel and source archive	2026-09-07T17:18:56.3343591Z copying benchmarks/agent_pilot/corpus/captures/q04/b/report/raw.log -> dynamo_diff-0.1.0/benchmarks/agent_pilot/corpus/captures/q04/b/report
core (ubuntu-latest)	Build wheel and source archive	2026-09-07T17:18:56.3345505Z copying benchmarks/agent_pilot/corpus/captures/q04/b/report/-_-_-_-/torch_version_0.json -> dynamo_diff-0.1.0/benchmarks/agent_pilot/corpus/captures/q04/b/report/-_-_-_-
core (ubuntu-latest)	Build wheel and source archive	2026-09-07T17:18:56.3347761Z copying benchmarks/agent_pilot/corpus/captures/q04/b/report/-_0_0_0/compilation_metrics_3.html -> dynamo_diff-0.1.0/benchmarks/agent_pilot/corpus/captures/q04/b/report/-_0_0_0
core (ubuntu-latest)	Build wheel and source archive	2026-09-07T17:18:56.3349908Z copying benchmarks/agent_pilot/corpus/captures/q04/b/report/-_0_0_0/dynamo_cpp_guards_str_2.txt -> dynamo_diff-0.1.0/benchmarks/agent_pilot/corpus/captures/q04/b/report/-_0_0_0
core (ubuntu-latest)	Build wheel and source archive	2026-09-07T17:18:56.3351990Z copying benchmarks/agent_pilot/corpus/captures/q04/b/report/-_0_0_0/dynamo_output_graph_1.txt -> dynamo_diff-0.1.0/benchmarks/agent_pilot/corpus/captures/q04/b/report/-_0_0_0
core (ubuntu-latest)	Build wheel and source archive	2026-09-07T17:18:56.3353923Z copying benchmarks/agent_pilot/corpus/captures/q04/b/sources/model.py -> dynamo_diff-0.1.0/benchmarks/agent_pilot/corpus/captures/q04/b/sources
core (ubuntu-latest)	Build wheel and source archive	2026-09-07T17:18:56.3355890Z copying benchmarks/agent_pilot/corpus/captures/q05/a/conversion.txt -> dynamo_diff-0.1.0/benchmarks/agent_pilot/corpus/captures/q05/a
core (ubuntu-latest)	Build wheel and source archive	2026-09-07T17:18:56.3357840Z copying benchmarks/agent_pilot/corpus/captures/q05/a/manifest.json -> dynamo_diff-0.1.0/benchmarks/agent_pilot/corpus/captures/q05/a
core (ubuntu-latest)	Build wheel and source archive	2026-09-07T17:18:56.3359548Z copying benchmarks/agent_pilot/corpus/captures/q05/a/stderr.txt -> dynamo_diff-0.1.0/benchmarks/agent_pilot/corpus/captures/q05/a
core (ubuntu-latest)	Build wheel and source archive	2026-09-07T17:18:56.3361148Z copying benchmarks/agent_pilot/corpus/captures/q05/a/stdout.txt -> dynamo_diff-0.1.0/benchmarks/agent_pilot/corpus/captures/q05/a
core (ubuntu-latest)	Build wheel and source archive	2026-09-07T17:18:56.3362781Z copying benchmarks/agent_pilot/corpus/captures/q05/a/workload-result.json -> dynamo_diff-0.1.0/benchmarks/agent_pilot/corpus/captures/q05/a
core (ubuntu-latest)	Build wheel and source archive	2026-09-07T17:18:56.3364486Z copying benchmarks/agent_pilot/corpus/captures/q05/a/raw/trace.log -> dynamo_diff-0.1.0/benchmarks/agent_pilot/corpus/captures/q05/a/raw
core (ubuntu-latest)	Build wheel and source archive	2026-09-07T17:18:56.3366296Z copying benchmarks/agent_pilot/corpus/captures/q05/a/report/chromium_events.json -> dynamo_diff-0.1.0/benchmarks/agent_pilot/corpus/captures/q05/a/report
core (ubuntu-latest)	Build wheel and source archive	2026-09-07T17:18:56.3368448Z copying benchmarks/agent_pilot/corpus/captures/q05/a/report/compile_directory.json -> dynamo_diff-0.1.0/benchmarks/agent_pilot/corpus/captures/q05/a/report
core (ubuntu-latest)	Build wheel and source archive	2026-09-07T17:18:56.3370399Z copying benchmarks/agent_pilot/corpus/captures/q05/a/report/failures_and_restarts.html -> dynamo_diff-0.1.0/benchmarks/agent_pilot/corpus/captures/q05/a/report
core (ubuntu-latest)	Build wheel and source archive	2026-09-07T17:18:56.3372601Z copying benchmarks/agent_pilot/corpus/captures/q05/a/report/index.html -> dynamo_diff-0.1.0/benchmarks/agent_pilot/corpus/captures/q05/a/report
core (ubuntu-latest)	Build wheel and source archive	2026-09-07T17:18:56.3374339Z copying benchmarks/agent_pilot/corpus/captures/q05/a/report/raw.jsonl -> dynamo_diff-0.1.0/benchmarks/agent_pilot/corpus/captures/q05/a/report
core (ubuntu-latest)	Build wheel and source archive	2026-09-07T17:18:56.3376065Z copying benchmarks/agent_pilot/corpus/captures/q05/a/report/raw.log -> dynamo_diff-0.1.0/benchmarks/agent_pilot/corpus/captures/q05/a/report
core (ubuntu-latest)	Build wheel and source archive	2026-09-07T17:18:56.3378132Z copying benchmarks/agent_pilot/corpus/captures/q05/a/report/-_-_-_-/torch_version_0.json -> dynamo_diff-0.1.0/benchmarks/agent_pilot/corpus/captures/q05/a/report/-_-_-_-
core (ubuntu-latest)	Build wheel and source archive	2026-09-07T17:18:56.3380208Z copying benchmarks/agent_pilot/corpus/captures/q05/a/report/-_0_0_0/compilation_metrics_3.html -> dynamo_diff-0.1.0/benchmarks/agent_pilot/corpus/captures/q05/a/report/-_0_0_0
core (ubuntu-latest)	Build wheel and source archive	2026-09-07T17:18:56.3382302Z copying benchmarks/agent_pilot/corpus/captures/q05/a/report/-_0_0_0/dynamo_cpp_guards_str_2.txt -> dynamo_diff-0.1.0/benchmarks/agent_pilot/corpus/captures/q05/a/report/-_0_0_0
core (ubuntu-latest)	Build wheel and source archive	2026-09-07T17:18:56.3384387Z copying benchmarks/agent_pilot/corpus/captures/q05/a/report/-_0_0_0/dynamo_output_graph_1.txt -> dynamo_diff-0.1.0/benchmarks/agent_pilot/corpus/captures/q05/a/report/-_0_0_0
core (ubuntu-latest)	Build wheel and source archive	2026-09-07T17:18:56.3386331Z copying benchmarks/agent_pilot/corpus/captures/q05/a/sources/model.py -> dynamo_diff-0.1.0/benchmarks/agent_pilot/corpus/captures/q05/a/sources
core (ubuntu-latest)	Build wheel and source archive	2026-09-07T17:18:56.3388287Z copying benchmarks/agent_pilot/corpus/captures/q05/b/conversion.txt -> dynamo_diff-0.1.0/benchmarks/agent_pilot/corpus/captures/q05/b
core (ubuntu-latest)	Build wheel and source archive	2026-09-07T17:18:56.3389941Z copying benchmarks/agent_pilot/corpus/captures/q05/b/manifest.json -> dynamo_diff-0.1.0/benchmarks/agent_pilot/corpus/captures/q05/b
core (ubuntu-latest)	Build wheel and source archive	2026-09-07T17:18:56.3391536Z copying benchmarks/agent_pilot/corpus/captures/q05/b/stderr.txt -> dynamo_diff-0.1.0/benchmarks/agent_pilot/corpus/captures/q05/b
core (ubuntu-latest)	Build wheel and source archive	2026-09-07T17:18:56.3393137Z copying benchmarks/agent_pilot/corpus/captures/q05/b/stdout.txt -> dynamo_diff-0.1.0/benchmarks/agent_pilot/corpus/captures/q05/b
core (ubuntu-latest)	Build wheel and source archive	2026-09-07T17:18:56.3394776Z copying benchmarks/agent_pilot/corpus/captures/q05/b/workload-result.json -> dynamo_diff-0.1.0/benchmarks/agent_pilot/corpus/captures/q05/b
core (ubuntu-latest)	Build wheel and source archive	2026-09-07T17:18:56.3396461Z copying benchmarks/agent_pilot/corpus/captures/q05/b/raw/trace.log -> dynamo_diff-0.1.0/benchmarks/agent_pilot/corpus/captures/q05/b/raw
core (ubuntu-latest)	Build wheel and source archive	2026-09-07T17:18:56.3398423Z copying benchmarks/agent_pilot/corpus/captures/q05/b/report/chromium_events.json -> dynamo_diff-0.1.0/benchmarks/agent_pilot/corpus/captures/q05/b/report
core (ubuntu-latest)	Build wheel and source archive	2026-09-07T17:18:56.3400550Z copying benchmarks/agent_pilot/corpus/captures/q05/b/report/compile_directory.json -> dynamo_diff-0.1.0/benchmarks/agent_pilot/corpus/captures/q05/b/report
core (ubuntu-latest)	Build wheel and source archive	2026-09-07T17:18:56.3402476Z copying benchmarks/agent_pilot/corpus/captures/q05/b/report/failures_and_restarts.html -> dynamo_diff-0.1.0/benchmarks/agent_pilot/corpus/captures/q05/b/report
core (ubuntu-latest)	Build wheel and source archive	2026-09-07T17:18:56.3404337Z copying benchmarks/agent_pilot/corpus/captures/q05/b/report/index.html -> dynamo_diff-0.1.0/benchmarks/agent_pilot/corpus/captures/q05/b/report
core (ubuntu-latest)	Build wheel and source archive	2026-09-07T17:18:56.3406073Z copying benchmarks/agent_pilot/corpus/captures/q05/b/report/raw.jsonl -> dynamo_diff-0.1.0/benchmarks/agent_pilot/corpus/captures/q05/b/report
core (ubuntu-latest)	Build wheel and source archive	2026-09-07T17:18:56.3407976Z copying benchmarks/agent_pilot/corpus/captures/q05/b/report/raw.log -> dynamo_diff-0.1.0/benchmarks/agent_pilot/corpus/captures/q05/b/report
core (ubuntu-latest)	Build wheel and source archive	2026-09-07T17:18:56.3409915Z copying benchmarks/agent_pilot/corpus/captures/q05/b/report/-_-_-_-/torch_version_0.json -> dynamo_diff-0.1.0/benchmarks/agent_pilot/corpus/captures/q05/b/report/-_-_-_-
core (ubuntu-latest)	Build wheel and source archive	2026-09-07T17:18:56.3411979Z copying benchmarks/agent_pilot/corpus/captures/q05/b/report/-_0_0_0/compilation_metrics_3.html -> dynamo_diff-0.1.0/benchmarks/agent_pilot/corpus/captures/q05/b/report/-_0_0_0
core (ubuntu-latest)	Build wheel and source archive	2026-09-07T17:18:56.3414028Z copying benchmarks/agent_pilot/corpus/captures/q05/b/report/-_0_0_0/dynamo_error_2.txt -> dynamo_diff-0.1.0/benchmarks/agent_pilot/corpus/captures/q05/b/report/-_0_0_0
core (ubuntu-latest)	Build wheel and source archive	2026-09-07T17:18:56.3416247Z copying benchmarks/agent_pilot/corpus/captures/q05/b/report/-_0_0_0/dynamo_output_graph_1.txt -> dynamo_diff-0.1.0/benchmarks/agent_pilot/corpus/captures/q05/b/report/-_0_0_0
core (ubuntu-latest)	Build wheel and source archive	2026-09-07T17:18:56.3418413Z copying benchmarks/agent_pilot/corpus/captures/q05/b/sources/model.py -> dynamo_diff-0.1.0/benchmarks/agent_pilot/corpus/captures/q05/b/sources
core (ubuntu-latest)	Build wheel and source archive	2026-09-07T17:18:56.3420145Z copying benchmarks/agent_pilot/corpus/captures/q06/a/conversion.txt -> dynamo_diff-0.1.0/benchmarks/agent_pilot/corpus/captures/q06/a
core (ubuntu-latest)	Build wheel and source archive	2026-09-07T17:18:56.3421821Z copying benchmarks/agent_pilot/corpus/captures/q06/a/manifest.json -> dynamo_diff-0.1.0/benchmarks/agent_pilot/corpus/captures/q06/a
core (ubuntu-latest)	Build wheel and source archive	2026-09-07T17:18:56.3423394Z copying benchmarks/agent_pilot/corpus/captures/q06/a/stderr.txt -> dynamo_diff-0.1.0/benchmarks/agent_pilot/corpus/captures/q06/a
core (ubuntu-latest)	Build wheel and source archive	2026-09-07T17:18:56.3424970Z copying benchmarks/agent_pilot/corpus/captures/q06/a/stdout.txt -> dynamo_diff-0.1.0/benchmarks/agent_pilot/corpus/captures/q06/a
core (ubuntu-latest)	Build wheel and source archive	2026-09-07T17:18:56.3426802Z copying benchmarks/agent_pilot/corpus/captures/q06/a/workload-result.json -> dynamo_diff-0.1.0/benchmarks/agent_pilot/corpus/captures/q06/a
core (ubuntu-latest)	Build wheel and source archive	2026-09-07T17:18:56.3428539Z copying benchmarks/agent_pilot/corpus/captures/q06/a/raw/trace.log -> dynamo_diff-0.1.0/benchmarks/agent_pilot/corpus/captures/q06/a/raw
core (ubuntu-latest)	Build wheel and source archive	2026-09-07T17:18:56.3430315Z copying benchmarks/agent_pilot/corpus/captures/q06/a/report/chromium_events.json -> dynamo_diff-0.1.0/benchmarks/agent_pilot/corpus/captures/q06/a/report
core (ubuntu-latest)	Build wheel and source archive	2026-09-07T17:18:56.3432229Z copying benchmarks/agent_pilot/corpus/captures/q06/a/report/compile_directory.json -> dynamo_diff-0.1.0/benchmarks/agent_pilot/corpus/captures/q06/a/report
core (ubuntu-latest)	Build wheel and source archive	2026-09-07T17:18:56.3434143Z copying benchmarks/agent_pilot/corpus/captures/q06/a/report/failures_and_restarts.html -> dynamo_diff-0.1.0/benchmarks/agent_pilot/corpus/captures/q06/a/report
core (ubuntu-latest)	Build wheel and source archive	2026-09-07T17:18:56.3436023Z copying benchmarks/agent_pilot/corpus/captures/q06/a/report/index.html -> dynamo_diff-0.1.0/benchmarks/agent_pilot/corpus/captures/q06/a/report
core (ubuntu-latest)	Build wheel and source archive	2026-09-07T17:18:56.3438021Z copying benchmarks/agent_pilot/corpus/captures/q06/a/report/raw.jsonl -> dynamo_diff-0.1.0/benchmarks/agent_pilot/corpus/captures/q06/a/report
core (ubuntu-latest)	Build wheel and source archive	2026-09-07T17:18:56.3439727Z copying benchmarks/agent_pilot/corpus/captures/q06/a/report/raw.log -> dynamo_diff-0.1.0/benchmarks/agent_pilot/corpus/captures/q06/a/report
core (ubuntu-latest)	Build wheel and source archive	2026-09-07T17:18:56.3441597Z copying benchmarks/agent_pilot/corpus/captures/q06/a/report/-_-_-_-/torch_version_0.json -> dynamo_diff-0.1.0/benchmarks/agent_pilot/corpus/captures/q06/a/report/-_-_-_-
core (ubuntu-latest)	Build wheel and source archive	2026-09-07T17:18:56.3444010Z copying benchmarks/agent_pilot/corpus/captures/q06/a/report/-_0_0_0/compilation_metrics_3.html -> dynamo_diff-0.1.0/benchmarks/agent_pilot/corpus/captures/q06/a/report/-_0_0_0
core (ubuntu-latest)	Build wheel and source archive	2026-09-07T17:18:56.3446123Z copying benchmarks/agent_pilot/corpus/captures/q06/a/report/-_0_0_0/dynamo_cpp_guards_str_2.txt -> dynamo_diff-0.1.0/benchmarks/agent_pilot/corpus/captures/q06/a/report/-_0_0_0
core (ubuntu-latest)	Build wheel and source archive	2026-09-07T17:18:56.3448393Z copying benchmarks/agent_pilot/corpus/captures/q06/a/report/-_0_0_0/dynamo_output_graph_1.txt -> dynamo_diff-0.1.0/benchmarks/agent_pilot/corpus/captures/q06/a/report/-_0_0_0
core (ubuntu-latest)	Build wheel and source archive	2026-09-07T17:18:56.3450427Z copying benchmarks/agent_pilot/corpus/captures/q06/a/report/-_0_1_0/compilation_metrics_7.html -> dynamo_diff-0.1.0/benchmarks/agent_pilot/corpus/captures/q06/a/report/-_0_1_0
core (ubuntu-latest)	Build wheel and source archive	2026-09-07T17:18:56.3452493Z copying benchmarks/agent_pilot/corpus/captures/q06/a/report/-_0_1_0/dynamo_cpp_guards_str_6.txt -> dynamo_diff-0.1.0/benchmarks/agent_pilot/corpus/captures/q06/a/report/-_0_1_0
core (ubuntu-latest)	Build wheel and source archive	2026-09-07T17:18:56.3454582Z copying benchmarks/agent_pilot/corpus/captures/q06/a/report/-_0_1_0/dynamo_output_graph_5.txt -> dynamo_diff-0.1.0/benchmarks/agent_pilot/corpus/captures/q06/a/report/-_0_1_0
core (ubuntu-latest)	Build wheel and source archive	2026-09-07T17:18:56.3456873Z copying benchmarks/agent_pilot/corpus/captures/q06/a/report/-_0_1_0/recompile_reasons_4.json -> dynamo_diff-0.1.0/benchmarks/agent_pilot/corpus/captures/q06/a/report/-_0_1_0
core (ubuntu-latest)	Build wheel and source archive	2026-09-07T17:18:56.3459274Z copying benchmarks/agent_pilot/corpus/captures/q06/a/report/-_0_2_0/compilation_metrics_11.html -> dynamo_diff-0.1.0/benchmarks/agent_pilot/corpus/captures/q06/a/report/-_0_2_0
core (ubuntu-latest)	Build wheel and source archive	2026-09-07T17:18:56.3461414Z copying benchmarks/agent_pilot/corpus/captures/q06/a/report/-_0_2_0/dynamo_cpp_guards_str_10.txt -> dynamo_diff-0.1.0/benchmarks/agent_pilot/corpus/captures/q06/a/report/-_0_2_0
core (ubuntu-latest)	Build wheel and source archive	2026-09-07T17:18:56.3463450Z copying benchmarks/agent_pilot/corpus/captures/q06/a/report/-_0_2_0/dynamo_output_graph_9.txt -> dynamo_diff-0.1.0/benchmarks/agent_pilot/corpus/captures/q06/a/report/-_0_2_0
core (ubuntu-latest)	Build wheel and source archive	2026-09-07T17:18:56.3465532Z copying benchmarks/agent_pilot/corpus/captures/q06/a/report/-_0_2_0/recompile_reasons_8.json -> dynamo_diff-0.1.0/benchmarks/agent_pilot/corpus/captures/q06/a/report/-_0_2_0
core (ubuntu-latest)	Build wheel and source archive	2026-09-07T17:18:56.3467653Z copying benchmarks/agent_pilot/corpus/captures/q06/a/sources/model.py -> dynamo_diff-0.1.0/benchmarks/agent_pilot/corpus/captures/q06/a/sources
core (ubuntu-latest)	Build wheel and source archive	2026-09-07T17:18:56.3469374Z copying benchmarks/agent_pilot/corpus/captures/q06/b/conversion.txt -> dynamo_diff-0.1.0/benchmarks/agent_pilot/corpus/captures/q06/b
core (ubuntu-latest)	Build wheel and source archive	2026-09-07T17:18:56.3471044Z copying benchmarks/agent_pilot/corpus/captures/q06/b/manifest.json -> dynamo_diff-0.1.0/benchmarks/agent_pilot/corpus/captures/q06/b
core (ubuntu-latest)	Build wheel and source archive	2026-09-07T17:18:56.3472662Z copying benchmarks/agent_pilot/corpus/captures/q06/b/stderr.txt -> dynamo_diff-0.1.0/benchmarks/agent_pilot/corpus/captures/q06/b
core (ubuntu-latest)	Build wheel and source archive	2026-09-07T17:18:56.3474270Z copying benchmarks/agent_pilot/corpus/captures/q06/b/stdout.txt -> dynamo_diff-0.1.0/benchmarks/agent_pilot/corpus/captures/q06/b
core (ubuntu-latest)	Build wheel and source archive	2026-09-07T17:18:56.3475904Z copying benchmarks/agent_pilot/corpus/captures/q06/b/workload-result.json -> dynamo_diff-0.1.0/benchmarks/agent_pilot/corpus/captures/q06/b
core (ubuntu-latest)	Build wheel and source archive	2026-09-07T17:18:56.3477797Z copying benchmarks/agent_pilot/corpus/captures/q06/b/raw/trace.log -> dynamo_diff-0.1.0/benchmarks/agent_pilot/corpus/captures/q06/b/raw
core (ubuntu-latest)	Build wheel and source archive	2026-09-07T17:18:56.3479610Z copying benchmarks/agent_pilot/corpus/captures/q06/b/report/chromium_events.json -> dynamo_diff-0.1.0/benchmarks/agent_pilot/corpus/captures/q06/b/report
core (ubuntu-latest)	Build wheel and source archive	2026-09-07T17:18:56.3481527Z copying benchmarks/agent_pilot/corpus/captures/q06/b/report/compile_directory.json -> dynamo_diff-0.1.0/benchmarks/agent_pilot/corpus/captures/q06/b/report
core (ubuntu-latest)	Build wheel and source archive	2026-09-07T17:18:56.3483445Z copying benchmarks/agent_pilot/corpus/captures/q06/b/report/failures_and_restarts.html -> dynamo_diff-0.1.0/benchmarks/agent_pilot/corpus/captures/q06/b/report
core (ubuntu-latest)	Build wheel and source archive	2026-09-07T17:18:56.3485502Z copying benchmarks/agent_pilot/corpus/captures/q06/b/report/index.html -> dynamo_diff-0.1.0/benchmarks/agent_pilot/corpus/captures/q06/b/report
core (ubuntu-latest)	Build wheel and source archive	2026-09-07T17:18:56.3487425Z copying benchmarks/agent_pilot/corpus/captures/q06/b/report/raw.jsonl -> dynamo_diff-0.1.0/benchmarks/agent_pilot/corpus/captures/q06/b/report
core (ubuntu-latest)	Build wheel and source archive	2026-09-07T17:18:56.3489120Z copying benchmarks/agent_pilot/corpus/captures/q06/b/report/raw.log -> dynamo_diff-0.1.0/benchmarks/agent_pilot/corpus/captures/q06/b/report
core (ubuntu-latest)	Build wheel and source archive	2026-09-07T17:18:56.3490985Z copying benchmarks/agent_pilot/corpus/captures/q06/b/report/-_-_-_-/torch_version_0.json -> dynamo_diff-0.1.0/benchmarks/agent_pilot/corpus/captures/q06/b/report/-_-_-_-
core (ubuntu-latest)	Build wheel and source archive	2026-09-07T17:18:56.3493066Z copying benchmarks/agent_pilot/corpus/captures/q06/b/report/-_0_0_0/compilation_metrics_3.html -> dynamo_diff-0.1.0/benchmarks/agent_pilot/corpus/captures/q06/b/report/-_0_0_0
core (ubuntu-latest)	Build wheel and source archive	2026-09-07T17:18:56.3495164Z copying benchmarks/agent_pilot/corpus/captures/q06/b/report/-_0_0_0/dynamo_cpp_guards_str_2.txt -> dynamo_diff-0.1.0/benchmarks/agent_pilot/corpus/captures/q06/b/report/-_0_0_0
core (ubuntu-latest)	Build wheel and source archive	2026-09-07T17:18:56.3497413Z copying benchmarks/agent_pilot/corpus/captures/q06/b/report/-_0_0_0/dynamo_output_graph_1.txt -> dynamo_diff-0.1.0/benchmarks/agent_pilot/corpus/captures/q06/b/report/-_0_0_0
core (ubuntu-latest)	Build wheel and source archive	2026-09-07T17:18:56.3499486Z copying benchmarks/agent_pilot/corpus/captures/q06/b/report/-_0_1_0/compilation_metrics_7.html -> dynamo_diff-0.1.0/benchmarks/agent_pilot/corpus/captures/q06/b/report/-_0_1_0
core (ubuntu-latest)	Build wheel and source archive	2026-09-07T17:18:56.3501715Z copying benchmarks/agent_pilot/corpus/captures/q06/b/report/-_0_1_0/dynamo_cpp_guards_str_6.txt -> dynamo_diff-0.1.0/benchmarks/agent_pilot/corpus/captures/q06/b/report/-_0_1_0
core (ubuntu-latest)	Build wheel and source archive	2026-09-07T17:18:56.3503766Z copying benchmarks/agent_pilot/corpus/captures/q06/b/report/-_0_1_0/dynamo_output_graph_5.txt -> dynamo_diff-0.1.0/benchmarks/agent_pilot/corpus/captures/q06/b/report/-_0_1_0
core (ubuntu-latest)	Build wheel and source archive	2026-09-07T17:18:56.3505845Z copying benchmarks/agent_pilot/corpus/captures/q06/b/report/-_0_1_0/recompile_reasons_4.json -> dynamo_diff-0.1.0/benchmarks/agent_pilot/corpus/captures/q06/b/report/-_0_1_0
core (ubuntu-latest)	Build wheel and source archive	2026-09-07T17:18:56.3508126Z copying benchmarks/agent_pilot/corpus/captures/q06/b/report/-_0_2_0/compilation_metrics_9.html -> dynamo_diff-0.1.0/benchmarks/agent_pilot/corpus/captures/q06/b/report/-_0_2_0
core (ubuntu-latest)	Build wheel and source archive	2026-09-07T17:18:56.3510189Z copying benchmarks/agent_pilot/corpus/captures/q06/b/report/-_0_2_0/recompile_reasons_8.json -> dynamo_diff-0.1.0/benchmarks/agent_pilot/corpus/captures/q06/b/report/-_0_2_0
core (ubuntu-latest)	Build wheel and source archive	2026-09-07T17:18:56.3512182Z copying benchmarks/agent_pilot/corpus/captures/q06/b/sources/model.py -> dynamo_diff-0.1.0/benchmarks/agent_pilot/corpus/captures/q06/b/sources
core (ubuntu-latest)	Build wheel and source archive	2026-09-07T17:18:56.3513886Z copying benchmarks/agent_pilot/corpus/captures/q07/a/conversion.txt -> dynamo_diff-0.1.0/benchmarks/agent_pilot/corpus/captures/q07/a
core (ubuntu-latest)	Build wheel and source archive	2026-09-07T17:18:56.3515587Z copying benchmarks/agent_pilot/corpus/captures/q07/a/manifest.json -> dynamo_diff-0.1.0/benchmarks/agent_pilot/corpus/captures/q07/a
core (ubuntu-latest)	Build wheel and source archive	2026-09-07T17:18:56.3517438Z copying benchmarks/agent_pilot/corpus/captures/q07/a/raw/trace.log -> dynamo_diff-0.1.0/benchmarks/agent_pilot/corpus/captures/q07/a/raw
core (ubuntu-latest)	Build wheel and source archive	2026-09-07T17:18:56.3519223Z copying benchmarks/agent_pilot/corpus/captures/q07/a/report/chromium_events.json -> dynamo_diff-0.1.0/benchmarks/agent_pilot/corpus/captures/q07/a/report
core (ubuntu-latest)	Build wheel and source archive	2026-09-07T17:18:56.3521108Z copying benchmarks/agent_pilot/corpus/captures/q07/a/report/compile_directory.json -> dynamo_diff-0.1.0/benchmarks/agent_pilot/corpus/captures/q07/a/report
core (ubuntu-latest)	Build wheel and source archive	2026-09-07T17:18:56.3523078Z copying benchmarks/agent_pilot/corpus/captures/q07/a/report/failures_and_restarts.html -> dynamo_diff-0.1.0/benchmarks/agent_pilot/corpus/captures/q07/a/report
core (ubuntu-latest)	Build wheel and source archive	2026-09-07T17:18:56.3524984Z copying benchmarks/agent_pilot/corpus/captures/q07/a/report/index.html -> dynamo_diff-0.1.0/benchmarks/agent_pilot/corpus/captures/q07/a/report
core (ubuntu-latest)	Build wheel and source archive	2026-09-07T17:18:56.3526941Z copying benchmarks/agent_pilot/corpus/captures/q07/a/report/raw.jsonl -> dynamo_diff-0.1.0/benchmarks/agent_pilot/corpus/captures/q07/a/report
core (ubuntu-latest)	Build wheel and source archive	2026-09-07T17:18:56.3528912Z copying benchmarks/agent_pilot/corpus/captures/q07/a/report/raw.log -> dynamo_diff-0.1.0/benchmarks/agent_pilot/corpus/captures/q07/a/report
core (ubuntu-latest)	Build wheel and source archive	2026-09-07T17:18:56.3530786Z copying benchmarks/agent_pilot/corpus/captures/q07/a/report/-_-_-_-/torch_version_0.json -> dynamo_diff-0.1.0/benchmarks/agent_pilot/corpus/captures/q07/a/report/-_-_-_-
core (ubuntu-latest)	Build wheel and source archive	2026-09-07T17:18:56.3532862Z copying benchmarks/agent_pilot/corpus/captures/q07/a/report/-_0_0_0/compilation_metrics_3.html -> dynamo_diff-0.1.0/benchmarks/agent_pilot/corpus/captures/q07/a/report/-_0_0_0
core (ubuntu-latest)	Build wheel and source archive	2026-09-07T17:18:56.3534960Z copying benchmarks/agent_pilot/corpus/captures/q07/a/report/-_0_0_0/dynamo_cpp_guards_str_2.txt -> dynamo_diff-0.1.0/benchmarks/agent_pilot/corpus/captures/q07/a/report/-_0_0_0
core (ubuntu-latest)	Build wheel and source archive	2026-09-07T17:18:56.3537194Z copying benchmarks/agent_pilot/corpus/captures/q07/a/report/-_0_0_0/dynamo_output_graph_1.txt -> dynamo_diff-0.1.0/benchmarks/agent_pilot/corpus/captures/q07/a/report/-_0_0_0
core (ubuntu-latest)	Build wheel and source archive	2026-09-07T17:18:56.3539154Z copying benchmarks/agent_pilot/corpus/captures/q07/a/sources/model.py -> dynamo_diff-0.1.0/benchmarks/agent_pilot/corpus/captures/q07/a/sources
core (ubuntu-latest)	Build wheel and source archive	2026-09-07T17:18:56.3540864Z copying benchmarks/agent_pilot/corpus/captures/q08/a/conversion.txt -> dynamo_diff-0.1.0/benchmarks/agent_pilot/corpus/captures/q08/a
core (ubuntu-latest)	Build wheel and source archive	2026-09-07T17:18:56.3542616Z copying benchmarks/agent_pilot/corpus/captures/q08/a/manifest.json -> dynamo_diff-0.1.0/benchmarks/agent_pilot/corpus/captures/q08/a
core (ubuntu-latest)	Build wheel and source archive	2026-09-07T17:18:56.3544476Z copying benchmarks/agent_pilot/corpus/captures/q08/a/stderr.txt -> dynamo_diff-0.1.0/benchmarks/agent_pilot/corpus/captures/q08/a
core (ubuntu-latest)	Build wheel and source archive	2026-09-07T17:18:56.3546060Z copying benchmarks/agent_pilot/corpus/captures/q08/a/stdout.txt -> dynamo_diff-0.1.0/benchmarks/agent_pilot/corpus/captures/q08/a
core (ubuntu-latest)	Build wheel and source archive	2026-09-07T17:18:56.3547899Z copying benchmarks/agent_pilot/corpus/captures/q08/a/workload-result.json -> dynamo_diff-0.1.0/benchmarks/agent_pilot/corpus/captures/q08/a
core (ubuntu-latest)	Build wheel and source archive	2026-09-07T17:18:56.3549610Z copying benchmarks/agent_pilot/corpus/captures/q08/a/raw/trace.log -> dynamo_diff-0.1.0/benchmarks/agent_pilot/corpus/captures/q08/a/raw
core (ubuntu-latest)	Build wheel and source archive	2026-09-07T17:18:56.3551395Z copying benchmarks/agent_pilot/corpus/captures/q08/a/report/chromium_events.json -> dynamo_diff-0.1.0/benchmarks/agent_pilot/corpus/captures/q08/a/report
core (ubuntu-latest)	Build wheel and source archive	2026-09-07T17:18:56.3553288Z copying benchmarks/agent_pilot/corpus/captures/q08/a/report/compile_directory.json -> dynamo_diff-0.1.0/benchmarks/agent_pilot/corpus/captures/q08/a/report
core (ubuntu-latest)	Build wheel and source archive	2026-09-07T17:18:56.3555244Z copying benchmarks/agent_pilot/corpus/captures/q08/a/report/failures_and_restarts.html -> dynamo_diff-0.1.0/benchmarks/agent_pilot/corpus/captures/q08/a/report
core (ubuntu-latest)	Build wheel and source archive	2026-09-07T17:18:56.3557272Z copying benchmarks/agent_pilot/corpus/captures/q08/a/report/index.html -> dynamo_diff-0.1.0/benchmarks/agent_pilot/corpus/captures/q08/a/report
core (ubuntu-latest)	Build wheel and source archive	2026-09-07T17:18:56.3559057Z copying benchmarks/agent_pilot/corpus/captures/q08/a/report/raw.jsonl -> dynamo_diff-0.1.0/benchmarks/agent_pilot/corpus/captures/q08/a/report
core (ubuntu-latest)	Build wheel and source archive	2026-09-07T17:18:56.3560776Z copying benchmarks/agent_pilot/corpus/captures/q08/a/report/raw.log -> dynamo_diff-0.1.0/benchmarks/agent_pilot/corpus/captures/q08/a/report
core (ubuntu-latest)	Build wheel and source archive	2026-09-07T17:18:56.3562644Z copying benchmarks/agent_pilot/corpus/captures/q08/a/report/-_-_-_-/torch_version_0.json -> dynamo_diff-0.1.0/benchmarks/agent_pilot/corpus/captures/q08/a/report/-_-_-_-
core (ubuntu-latest)	Build wheel and source archive	2026-09-07T17:18:56.3564803Z copying benchmarks/agent_pilot/corpus/captures/q08/a/report/-_0_0_0/dynamo_graph_break_reason_1.txt -> dynamo_diff-0.1.0/benchmarks/agent_pilot/corpus/captures/q08/a/report/-_0_0_0
core (ubuntu-latest)	Build wheel and source archive	2026-09-07T17:18:56.3567139Z copying benchmarks/agent_pilot/corpus/captures/q08/a/report/-_0_0_1/compilation_metrics_4.html -> dynamo_diff-0.1.0/benchmarks/agent_pilot/corpus/captures/q08/a/report/-_0_0_1
core (ubuntu-latest)	Build wheel and source archive	2026-09-07T17:18:56.3569253Z copying benchmarks/agent_pilot/corpus/captures/q08/a/report/-_0_0_1/dynamo_cpp_guards_str_3.txt -> dynamo_diff-0.1.0/benchmarks/agent_pilot/corpus/captures/q08/a/report/-_0_0_1
core (ubuntu-latest)	Build wheel and source archive	2026-09-07T17:18:56.3571525Z copying benchmarks/agent_pilot/corpus/captures/q08/a/report/-_0_0_1/dynamo_output_graph_2.txt -> dynamo_diff-0.1.0/benchmarks/agent_pilot/corpus/captures/q08/a/report/-_0_0_1
core (ubuntu-latest)	Build wheel and source archive	2026-09-07T17:18:56.3573602Z copying benchmarks/agent_pilot/corpus/captures/q08/a/report/-_1_0_0/compilation_metrics_9.html -> dynamo_diff-0.1.0/benchmarks/agent_pilot/corpus/captures/q08/a/report/-_1_0_0
core (ubuntu-latest)	Build wheel and source archive	2026-09-07T17:18:56.3575672Z copying benchmarks/agent_pilot/corpus/captures/q08/a/report/-_1_0_0/dynamo_cpp_guards_str_8.txt -> dynamo_diff-0.1.0/benchmarks/agent_pilot/corpus/captures/q08/a/report/-_1_0_0
core (ubuntu-latest)	Build wheel and source archive	2026-09-07T17:18:56.3577946Z copying benchmarks/agent_pilot/corpus/captures/q08/a/report/-_1_0_0/dynamo_output_graph_6.txt -> dynamo_diff-0.1.0/benchmarks/agent_pilot/corpus/captures/q08/a/report/-_1_0_0
core (ubuntu-latest)	Build wheel and source archive	2026-09-07T17:18:56.3580161Z copying benchmarks/agent_pilot/corpus/captures/q08/a/report/-_1_0_0/torch_dynamo_resume_in_f_at_9_MODIFIED_BYTECODE_7.txt -> dynamo_diff-0.1.0/benchmarks/agent_pilot/corpus/captures/q08/a/report/-_1_0_0
core (ubuntu-latest)	Build wheel and source archive	2026-09-07T17:18:56.3582556Z copying benchmarks/agent_pilot/corpus/captures/q08/a/report/-_1_0_0/torch_dynamo_resume_in_f_at_9_ORIGINAL_BYTECODE_5.txt -> dynamo_diff-0.1.0/benchmarks/agent_pilot/corpus/captures/q08/a/report/-_1_0_0
core (ubuntu-latest)	Build wheel and source archive	2026-09-07T17:18:56.3584610Z copying benchmarks/agent_pilot/corpus/captures/q08/a/sources/model.py -> dynamo_diff-0.1.0/benchmarks/agent_pilot/corpus/captures/q08/a/sources
core (ubuntu-latest)	Build wheel and source archive	2026-09-07T17:18:56.3586340Z copying benchmarks/agent_pilot/corpus/captures/q09/a/conversion.txt -> dynamo_diff-0.1.0/benchmarks/agent_pilot/corpus/captures/q09/a
core (ubuntu-latest)	Build wheel and source archive	2026-09-07T17:18:56.3588397Z copying benchmarks/agent_pilot/corpus/captures/q09/a/manifest.json -> dynamo_diff-0.1.0/benchmarks/agent_pilot/corpus/captures/q09/a
core (ubuntu-latest)	Build wheel and source archive	2026-09-07T17:18:56.3590020Z copying benchmarks/agent_pilot/corpus/captures/q09/a/stderr.txt -> dynamo_diff-0.1.0/benchmarks/agent_pilot/corpus/captures/q09/a
core (ubuntu-latest)	Build wheel and source archive	2026-09-07T17:18:56.3591607Z copying benchmarks/agent_pilot/corpus/captures/q09/a/stdout.txt -> dynamo_diff-0.1.0/benchmarks/agent_pilot/corpus/captures/q09/a
core (ubuntu-latest)	Build wheel and source archive	2026-09-07T17:18:56.3593275Z copying benchmarks/agent_pilot/corpus/captures/q09/a/workload-result.json -> dynamo_diff-0.1.0/benchmarks/agent_pilot/corpus/captures/q09/a
core (ubuntu-latest)	Build wheel and source archive	2026-09-07T17:18:56.3594965Z copying benchmarks/agent_pilot/corpus/captures/q09/a/raw/trace.log -> dynamo_diff-0.1.0/benchmarks/agent_pilot/corpus/captures/q09/a/raw
core (ubuntu-latest)	Build wheel and source archive	2026-09-07T17:18:56.3596913Z copying benchmarks/agent_pilot/corpus/captures/q09/a/report/chromium_events.json -> dynamo_diff-0.1.0/benchmarks/agent_pilot/corpus/captures/q09/a/report
core (ubuntu-latest)	Build wheel and source archive	2026-09-07T17:18:56.3598849Z copying benchmarks/agent_pilot/corpus/captures/q09/a/report/compile_directory.json -> dynamo_diff-0.1.0/benchmarks/agent_pilot/corpus/captures/q09/a/report
core (ubuntu-latest)	Build wheel and source archive	2026-09-07T17:18:56.3600773Z copying benchmarks/agent_pilot/corpus/captures/q09/a/report/failures_and_restarts.html -> dynamo_diff-0.1.0/benchmarks/agent_pilot/corpus/captures/q09/a/report
core (ubuntu-latest)	Build wheel and source archive	2026-09-07T17:18:56.3602638Z copying benchmarks/agent_pilot/corpus/captures/q09/a/report/index.html -> dynamo_diff-0.1.0/benchmarks/agent_pilot/corpus/captures/q09/a/report
core (ubuntu-latest)	Build wheel and source archive	2026-09-07T17:18:56.3604393Z copying benchmarks/agent_pilot/corpus/captures/q09/a/report/raw.jsonl -> dynamo_diff-0.1.0/benchmarks/agent_pilot/corpus/captures/q09/a/report
core (ubuntu-latest)	Build wheel and source archive	2026-09-07T17:18:56.3606094Z copying benchmarks/agent_pilot/corpus/captures/q09/a/report/raw.log -> dynamo_diff-0.1.0/benchmarks/agent_pilot/corpus/captures/q09/a/report
core (ubuntu-latest)	Build wheel and source archive	2026-09-07T17:18:56.3608163Z copying benchmarks/agent_pilot/corpus/captures/q09/a/report/-_-_-_-/torch_version_0.json -> dynamo_diff-0.1.0/benchmarks/agent_pilot/corpus/captures/q09/a/report/-_-_-_-
core (ubuntu-latest)	Build wheel and source archive	2026-09-07T17:18:56.3610245Z copying benchmarks/agent_pilot/corpus/captures/q09/a/report/-_0_0_0/compilation_metrics_3.html -> dynamo_diff-0.1.0/benchmarks/agent_pilot/corpus/captures/q09/a/report/-_0_0_0
core (ubuntu-latest)	Build wheel and source archive	2026-09-07T17:18:56.3612339Z copying benchmarks/agent_pilot/corpus/captures/q09/a/report/-_0_0_0/dynamo_cpp_guards_str_2.txt -> dynamo_diff-0.1.0/benchmarks/agent_pilot/corpus/captures/q09/a/report/-_0_0_0
core (ubuntu-latest)	Build wheel and source archive	2026-09-07T17:18:56.3614696Z copying benchmarks/agent_pilot/corpus/captures/q09/a/report/-_0_0_0/dynamo_output_graph_1.txt -> dynamo_diff-0.1.0/benchmarks/agent_pilot/corpus/captures/q09/a/report/-_0_0_0
core (ubuntu-latest)	Build wheel and source archive	2026-09-07T17:18:56.3616943Z copying benchmarks/agent_pilot/corpus/captures/q09/a/report/-_0_1_0/compilation_metrics_6.html -> dynamo_diff-0.1.0/benchmarks/agent_pilot/corpus/captures/q09/a/report/-_0_1_0
core (ubuntu-latest)	Build wheel and source archive	2026-09-07T17:18:56.3619041Z copying benchmarks/agent_pilot/corpus/captures/q09/a/report/-_0_1_0/dynamo_cpp_guards_str_5.txt -> dynamo_diff-0.1.0/benchmarks/agent_pilot/corpus/captures/q09/a/report/-_0_1_0
core (ubuntu-latest)	Build wheel and source archive	2026-09-07T17:18:56.3621116Z copying benchmarks/agent_pilot/corpus/captures/q09/a/report/-_0_1_0/dynamo_output_graph_4.txt -> dynamo_diff-0.1.0/benchmarks/agent_pilot/corpus/captures/q09/a/report/-_0_1_0
core (ubuntu-latest)	Build wheel and source archive	2026-09-07T17:18:56.3623178Z copying benchmarks/agent_pilot/corpus/captures/q09/a/report/-_0_2_0/compilation_metrics_9.html -> dynamo_diff-0.1.0/benchmarks/agent_pilot/corpus/captures/q09/a/report/-_0_2_0
core (ubuntu-latest)	Build wheel and source archive	2026-09-07T17:18:56.3625281Z copying benchmarks/agent_pilot/corpus/captures/q09/a/report/-_0_2_0/dynamo_cpp_guards_str_8.txt -> dynamo_diff-0.1.0/benchmarks/agent_pilot/corpus/captures/q09/a/report/-_0_2_0
core (ubuntu-latest)	Build wheel and source archive	2026-09-07T17:18:56.3627495Z copying benchmarks/agent_pilot/corpus/captures/q09/a/report/-_0_2_0/dynamo_output_graph_7.txt -> dynamo_diff-0.1.0/benchmarks/agent_pilot/corpus/captures/q09/a/report/-_0_2_0
core (ubuntu-latest)	Build wheel and source archive	2026-09-07T17:18:56.3629437Z copying benchmarks/agent_pilot/corpus/captures/q09/a/sources/model.py -> dynamo_diff-0.1.0/benchmarks/agent_pilot/corpus/captures/q09/a/sources
core (ubuntu-latest)	Build wheel and source archive	2026-09-07T17:18:56.3631343Z copying benchmarks/agent_pilot/corpus/captures/q10/a/conversion.txt -> dynamo_diff-0.1.0/benchmarks/agent_pilot/corpus/captures/q10/a
core (ubuntu-latest)	Build wheel and source archive	2026-09-07T17:18:56.3633005Z copying benchmarks/agent_pilot/corpus/captures/q10/a/manifest.json -> dynamo_diff-0.1.0/benchmarks/agent_pilot/corpus/captures/q10/a
core (ubuntu-latest)	Build wheel and source archive	2026-09-07T17:18:56.3634620Z copying benchmarks/agent_pilot/corpus/captures/q10/a/stderr.txt -> dynamo_diff-0.1.0/benchmarks/agent_pilot/corpus/captures/q10/a
core (ubuntu-latest)	Build wheel and source archive	2026-09-07T17:18:56.3636210Z copying benchmarks/agent_pilot/corpus/captures/q10/a/stdout.txt -> dynamo_diff-0.1.0/benchmarks/agent_pilot/corpus/captures/q10/a
core (ubuntu-latest)	Build wheel and source archive	2026-09-07T17:18:56.3638057Z copying benchmarks/agent_pilot/corpus/captures/q10/a/workload-result.json -> dynamo_diff-0.1.0/benchmarks/agent_pilot/corpus/captures/q10/a
core (ubuntu-latest)	Build wheel and source archive	2026-09-07T17:18:56.3639764Z copying benchmarks/agent_pilot/corpus/captures/q10/a/raw/trace.log -> dynamo_diff-0.1.0/benchmarks/agent_pilot/corpus/captures/q10/a/raw
core (ubuntu-latest)	Build wheel and source archive	2026-09-07T17:18:56.3641571Z copying benchmarks/agent_pilot/corpus/captures/q10/a/report/chromium_events.json -> dynamo_diff-0.1.0/benchmarks/agent_pilot/corpus/captures/q10/a/report
core (ubuntu-latest)	Build wheel and source archive	2026-09-07T17:18:56.3643599Z copying benchmarks/agent_pilot/corpus/captures/q10/a/report/compile_directory.json -> dynamo_diff-0.1.0/benchmarks/agent_pilot/corpus/captures/q10/a/report
core (ubuntu-latest)	Build wheel and source archive	2026-09-07T17:18:56.3645568Z copying benchmarks/agent_pilot/corpus/captures/q10/a/report/failures_and_restarts.html -> dynamo_diff-0.1.0/benchmarks/agent_pilot/corpus/captures/q10/a/report
core (ubuntu-latest)	Build wheel and source archive	2026-09-07T17:18:56.3647624Z copying benchmarks/agent_pilot/corpus/captures/q10/a/report/index.html -> dynamo_diff-0.1.0/benchmarks/agent_pilot/corpus/captures/q10/a/report
core (ubuntu-latest)	Build wheel and source archive	2026-09-07T17:18:56.3649376Z copying benchmarks/agent_pilot/corpus/captures/q10/a/report/raw.jsonl -> dynamo_diff-0.1.0/benchmarks/agent_pilot/corpus/captures/q10/a/report
core (ubuntu-latest)	Build wheel and source archive	2026-09-07T17:18:56.3651104Z copying benchmarks/agent_pilot/corpus/captures/q10/a/report/raw.log -> dynamo_diff-0.1.0/benchmarks/agent_pilot/corpus/captures/q10/a/report
core (ubuntu-latest)	Build wheel and source archive	2026-09-07T17:18:56.3652994Z copying benchmarks/agent_pilot/corpus/captures/q10/a/report/-_-_-_-/torch_version_0.json -> dynamo_diff-0.1.0/benchmarks/agent_pilot/corpus/captures/q10/a/report/-_-_-_-
core (ubuntu-latest)	Build wheel and source archive	2026-09-07T17:18:56.3655092Z copying benchmarks/agent_pilot/corpus/captures/q10/a/report/-_0_0_0/compilation_metrics_3.html -> dynamo_diff-0.1.0/benchmarks/agent_pilot/corpus/captures/q10/a/report/-_0_0_0
core (ubuntu-latest)	Build wheel and source archive	2026-09-07T17:18:56.3657553Z copying benchmarks/agent_pilot/corpus/captures/q10/a/report/-_0_0_0/dynamo_cpp_guards_str_2.txt -> dynamo_diff-0.1.0/benchmarks/agent_pilot/corpus/captures/q10/a/report/-_0_0_0
core (ubuntu-latest)	Build wheel and source archive	2026-09-07T17:18:56.3659666Z copying benchmarks/agent_pilot/corpus/captures/q10/a/report/-_0_0_0/dynamo_output_graph_1.txt -> dynamo_diff-0.1.0/benchmarks/agent_pilot/corpus/captures/q10/a/report/-_0_0_0
core (ubuntu-latest)	Build wheel and source archive	2026-09-07T17:18:56.3661736Z copying benchmarks/agent_pilot/corpus/captures/q10/a/report/-_0_1_0/compilation_metrics_7.html -> dynamo_diff-0.1.0/benchmarks/agent_pilot/corpus/captures/q10/a/report/-_0_1_0
core (ubuntu-latest)	Build wheel and source archive	2026-09-07T17:18:56.3663872Z copying benchmarks/agent_pilot/corpus/captures/q10/a/report/-_0_1_0/dynamo_cpp_guards_str_6.txt -> dynamo_diff-0.1.0/benchmarks/agent_pilot/corpus/captures/q10/a/report/-_0_1_0
core (ubuntu-latest)	Build wheel and source archive	2026-09-07T17:18:56.3666018Z copying benchmarks/agent_pilot/corpus/captures/q10/a/report/-_0_1_0/dynamo_output_graph_5.txt -> dynamo_diff-0.1.0/benchmarks/agent_pilot/corpus/captures/q10/a/report/-_0_1_0
core (ubuntu-latest)	Build wheel and source archive	2026-09-07T17:18:56.3668296Z copying benchmarks/agent_pilot/corpus/captures/q10/a/report/-_0_1_0/recompile_reasons_4.json -> dynamo_diff-0.1.0/benchmarks/agent_pilot/corpus/captures/q10/a/report/-_0_1_0
core (ubuntu-latest)	Build wheel and source archive	2026-09-07T17:18:56.3670384Z copying benchmarks/agent_pilot/corpus/captures/q10/a/report/-_0_2_0/compilation_metrics_11.html -> dynamo_diff-0.1.0/benchmarks/agent_pilot/corpus/captures/q10/a/report/-_0_2_0
core (ubuntu-latest)	Build wheel and source archive	2026-09-07T17:18:56.3672576Z copying benchmarks/agent_pilot/corpus/captures/q10/a/report/-_0_2_0/dynamo_cpp_guards_str_10.txt -> dynamo_diff-0.1.0/benchmarks/agent_pilot/corpus/captures/q10/a/report/-_0_2_0
core (ubuntu-latest)	Build wheel and source archive	2026-09-07T17:18:56.3674857Z copying benchmarks/agent_pilot/corpus/captures/q10/a/report/-_0_2_0/dynamo_output_graph_9.txt -> dynamo_diff-0.1.0/benchmarks/agent_pilot/corpus/captures/q10/a/report/-_0_2_0
core (ubuntu-latest)	Build wheel and source archive	2026-09-07T17:18:56.3677101Z copying benchmarks/agent_pilot/corpus/captures/q10/a/report/-_0_2_0/recompile_reasons_8.json -> dynamo_diff-0.1.0/benchmarks/agent_pilot/corpus/captures/q10/a/report/-_0_2_0
core (ubuntu-latest)	Build wheel and source archive	2026-09-07T17:18:56.3679075Z copying benchmarks/agent_pilot/corpus/captures/q10/a/sources/model.py -> dynamo_diff-0.1.0/benchmarks/agent_pilot/corpus/captures/q10/a/sources
core (ubuntu-latest)	Build wheel and source archive	2026-09-07T17:18:56.3680788Z copying benchmarks/agent_pilot/corpus/curator/q07/full-trace.log -> dynamo_diff-0.1.0/benchmarks/agent_pilot/corpus/curator/q07
core (ubuntu-latest)	Build wheel and source archive	2026-09-07T17:18:56.3682416Z copying benchmarks/agent_pilot/corpus/curator/q07/workload-result.json -> dynamo_diff-0.1.0/benchmarks/agent_pilot/corpus/curator/q07
core (ubuntu-latest)	Build wheel and source archive	2026-09-07T17:18:56.3684004Z copying benchmarks/agent_pilot/runs/run-001/activity-notes.jsonl -> dynamo_diff-0.1.0/benchmarks/agent_pilot/runs/run-001
core (ubuntu-latest)	Build wheel and source archive	2026-09-07T17:18:56.3685521Z copying benchmarks/agent_pilot/runs/run-001/current.json -> dynamo_diff-0.1.0/benchmarks/agent_pilot/runs/run-001
core (ubuntu-latest)	Build wheel and source archive	2026-09-07T17:18:56.3687216Z copying benchmarks/agent_pilot/runs/run-001/frozen-code-receipt.json -> dynamo_diff-0.1.0/benchmarks/agent_pilot/runs/run-001
core (ubuntu-latest)	Build wheel and source archive	2026-09-07T17:18:56.3688776Z copying benchmarks/agent_pilot/runs/run-001/frozen-code.tar.gz -> dynamo_diff-0.1.0/benchmarks/agent_pilot/runs/run-001
core (ubuntu-latest)	Build wheel and source archive	2026-09-07T17:18:56.3690253Z copying benchmarks/agent_pilot/runs/run-001/q01-dynamo-r1.json -> dynamo_diff-0.1.0/benchmarks/agent_pilot/runs/run-001
core (ubuntu-latest)	Build wheel and source archive	2026-09-07T17:18:56.3691728Z copying benchmarks/agent_pilot/runs/run-001/q01-dynamo-r1.jsonl -> dynamo_diff-0.1.0/benchmarks/agent_pilot/runs/run-001
core (ubuntu-latest)	Build wheel and source archive	2026-09-07T17:18:56.3693193Z copying benchmarks/agent_pilot/runs/run-001/q01-dynamo-r2.json -> dynamo_diff-0.1.0/benchmarks/agent_pilot/runs/run-001
core (ubuntu-latest)	Build wheel and source archive	2026-09-07T17:18:56.3694673Z copying benchmarks/agent_pilot/runs/run-001/q01-dynamo-r2.jsonl -> dynamo_diff-0.1.0/benchmarks/agent_pilot/runs/run-001
core (ubuntu-latest)	Build wheel and source archive	2026-09-07T17:18:56.3696127Z copying benchmarks/agent_pilot/runs/run-001/q01-raw-r1.json -> dynamo_diff-0.1.0/benchmarks/agent_pilot/runs/run-001
core (ubuntu-latest)	Build wheel and source archive	2026-09-07T17:18:56.3697742Z copying benchmarks/agent_pilot/runs/run-001/q01-raw-r1.jsonl -> dynamo_diff-0.1.0/benchmarks/agent_pilot/runs/run-001
core (ubuntu-latest)	Build wheel and source archive	2026-09-07T17:18:56.3699154Z copying benchmarks/agent_pilot/runs/run-001/q01-raw-r2.json -> dynamo_diff-0.1.0/benchmarks/agent_pilot/runs/run-001
core (ubuntu-latest)	Build wheel and source archive	2026-09-07T17:18:56.3700772Z copying benchmarks/agent_pilot/runs/run-001/q01-raw-r2.jsonl -> dynamo_diff-0.1.0/benchmarks/agent_pilot/runs/run-001
core (ubuntu-latest)	Build wheel and source archive	2026-09-07T17:18:56.3702215Z copying benchmarks/agent_pilot/runs/run-001/q01-tlparse-r1.json -> dynamo_diff-0.1.0/benchmarks/agent_pilot/runs/run-001
core (ubuntu-latest)	Build wheel and source archive	2026-09-07T17:18:56.3703717Z copying benchmarks/agent_pilot/runs/run-001/q01-tlparse-r1.jsonl -> dynamo_diff-0.1.0/benchmarks/agent_pilot/runs/run-001
core (ubuntu-latest)	Build wheel and source archive	2026-09-07T17:18:56.3705215Z copying benchmarks/agent_pilot/runs/run-001/q01-tlparse-r2.json -> dynamo_diff-0.1.0/benchmarks/agent_pilot/runs/run-001
core (ubuntu-latest)	Build wheel and source archive	2026-09-07T17:18:56.3706878Z copying benchmarks/agent_pilot/runs/run-001/q01-tlparse-r2.jsonl -> dynamo_diff-0.1.0/benchmarks/agent_pilot/runs/run-001
core (ubuntu-latest)	Build wheel and source archive	2026-09-07T17:18:56.3708347Z copying benchmarks/agent_pilot/runs/run-001/q02-dynamo-r1.json -> dynamo_diff-0.1.0/benchmarks/agent_pilot/runs/run-001
core (ubuntu-latest)	Build wheel and source archive	2026-09-07T17:18:56.3709854Z copying benchmarks/agent_pilot/runs/run-001/q02-dynamo-r1.jsonl -> dynamo_diff-0.1.0/benchmarks/agent_pilot/runs/run-001
core (ubuntu-latest)	Build wheel and source archive	2026-09-07T17:18:56.3711332Z copying benchmarks/agent_pilot/runs/run-001/q02-dynamo-r2.json -> dynamo_diff-0.1.0/benchmarks/agent_pilot/runs/run-001
core (ubuntu-latest)	Build wheel and source archive	2026-09-07T17:18:56.3712785Z copying benchmarks/agent_pilot/runs/run-001/q02-dynamo-r2.jsonl -> dynamo_diff-0.1.0/benchmarks/agent_pilot/runs/run-001
core (ubuntu-latest)	Build wheel and source archive	2026-09-07T17:18:56.3714214Z copying benchmarks/agent_pilot/runs/run-001/q02-raw-r1.json -> dynamo_diff-0.1.0/benchmarks/agent_pilot/runs/run-001
core (ubuntu-latest)	Build wheel and source archive	2026-09-07T17:18:56.3715876Z copying benchmarks/agent_pilot/runs/run-001/q02-raw-r1.jsonl -> dynamo_diff-0.1.0/benchmarks/agent_pilot/runs/run-001
core (ubuntu-latest)	Build wheel and source archive	2026-09-07T17:18:56.3717555Z copying benchmarks/agent_pilot/runs/run-001/q02-raw-r2.json -> dynamo_diff-0.1.0/benchmarks/agent_pilot/runs/run-001
core (ubuntu-latest)	Build wheel and source archive	2026-09-07T17:18:56.3718988Z copying benchmarks/agent_pilot/runs/run-001/q02-raw-r2.jsonl -> dynamo_diff-0.1.0/benchmarks/agent_pilot/runs/run-001
core (ubuntu-latest)	Build wheel and source archive	2026-09-07T17:18:56.3720432Z copying benchmarks/agent_pilot/runs/run-001/q02-tlparse-r1.json -> dynamo_diff-0.1.0/benchmarks/agent_pilot/runs/run-001
core (ubuntu-latest)	Build wheel and source archive	2026-09-07T17:18:56.3721899Z copying benchmarks/agent_pilot/runs/run-001/q02-tlparse-r1.jsonl -> dynamo_diff-0.1.0/benchmarks/agent_pilot/runs/run-001
core (ubuntu-latest)	Build wheel and source archive	2026-09-07T17:18:56.3723348Z copying benchmarks/agent_pilot/runs/run-001/q02-tlparse-r2.json -> dynamo_diff-0.1.0/benchmarks/agent_pilot/runs/run-001
core (ubuntu-latest)	Build wheel and source archive	2026-09-07T17:18:56.3724796Z copying benchmarks/agent_pilot/runs/run-001/q02-tlparse-r2.jsonl -> dynamo_diff-0.1.0/benchmarks/agent_pilot/runs/run-001
core (ubuntu-latest)	Build wheel and source archive	2026-09-07T17:18:56.3726251Z copying benchmarks/agent_pilot/runs/run-001/q03-dynamo-r1.json -> dynamo_diff-0.1.0/benchmarks/agent_pilot/runs/run-001
core (ubuntu-latest)	Build wheel and source archive	2026-09-07T17:18:56.3727866Z copying benchmarks/agent_pilot/runs/run-001/q03-dynamo-r1.jsonl -> dynamo_diff-0.1.0/benchmarks/agent_pilot/runs/run-001
core (ubuntu-latest)	Build wheel and source archive	2026-09-07T17:18:56.3729302Z copying benchmarks/agent_pilot/runs/run-001/q03-dynamo-r2.json -> dynamo_diff-0.1.0/benchmarks/agent_pilot/runs/run-001
core (ubuntu-latest)	Build wheel and source archive	2026-09-07T17:18:56.3730731Z copying benchmarks/agent_pilot/runs/run-001/q03-dynamo-r2.jsonl -> dynamo_diff-0.1.0/benchmarks/agent_pilot/runs/run-001
core (ubuntu-latest)	Build wheel and source archive	2026-09-07T17:18:56.3732142Z copying benchmarks/agent_pilot/runs/run-001/q03-raw-r1.json -> dynamo_diff-0.1.0/benchmarks/agent_pilot/runs/run-001
core (ubuntu-latest)	Build wheel and source archive	2026-09-07T17:18:56.3733512Z copying benchmarks/agent_pilot/runs/run-001/q03-raw-r1.jsonl -> dynamo_diff-0.1.0/benchmarks/agent_pilot/runs/run-001
core (ubuntu-latest)	Build wheel and source archive	2026-09-07T17:18:56.3734904Z copying benchmarks/agent_pilot/runs/run-001/q03-raw-r2.json -> dynamo_diff-0.1.0/benchmarks/agent_pilot/runs/run-001
core (ubuntu-latest)	Build wheel and source archive	2026-09-07T17:18:56.3736307Z copying benchmarks/agent_pilot/runs/run-001/q03-raw-r2.jsonl -> dynamo_diff-0.1.0/benchmarks/agent_pilot/runs/run-001
core (ubuntu-latest)	Build wheel and source archive	2026-09-07T17:18:56.3737905Z copying benchmarks/agent_pilot/runs/run-001/q03-tlparse-r1.json -> dynamo_diff-0.1.0/benchmarks/agent_pilot/runs/run-001
core (ubuntu-latest)	Build wheel and source archive	2026-09-07T17:18:56.3739358Z copying benchmarks/agent_pilot/runs/run-001/q03-tlparse-r1.jsonl -> dynamo_diff-0.1.0/benchmarks/agent_pilot/runs/run-001
core (ubuntu-latest)	Build wheel and source archive	2026-09-07T17:18:56.3741024Z copying benchmarks/agent_pilot/runs/run-001/q03-tlparse-r2.json -> dynamo_diff-0.1.0/benchmarks/agent_pilot/runs/run-001
core (ubuntu-latest)	Build wheel and source archive	2026-09-07T17:18:56.3742551Z copying benchmarks/agent_pilot/runs/run-001/q03-tlparse-r2.jsonl -> dynamo_diff-0.1.0/benchmarks/agent_pilot/runs/run-001
core (ubuntu-latest)	Build wheel and source archive	2026-09-07T17:18:56.3743967Z copying benchmarks/agent_pilot/runs/run-001/q04-dynamo-r1.json -> dynamo_diff-0.1.0/benchmarks/agent_pilot/runs/run-001
core (ubuntu-latest)	Build wheel and source archive	2026-09-07T17:18:56.3745420Z copying benchmarks/agent_pilot/runs/run-001/q04-dynamo-r1.jsonl -> dynamo_diff-0.1.0/benchmarks/agent_pilot/runs/run-001
core (ubuntu-latest)	Build wheel and source archive	2026-09-07T17:18:56.3757552Z copying benchmarks/agent_pilot/runs/run-001/q04-dynamo-r2.json -> dynamo_diff-0.1.0/benchmarks/agent_pilot/runs/run-001
core (ubuntu-latest)	Build wheel and source archive	2026-09-07T17:18:56.3759164Z copying benchmarks/agent_pilot/runs/run-001/q04-dynamo-r2.jsonl -> dynamo_diff-0.1.0/benchmarks/agent_pilot/runs/run-001
core (ubuntu-latest)	Build wheel and source archive	2026-09-07T17:18:56.3760645Z copying benchmarks/agent_pilot/runs/run-001/q04-raw-r1.json -> dynamo_diff-0.1.0/benchmarks/agent_pilot/runs/run-001
core (ubuntu-latest)	Build wheel and source archive	2026-09-07T17:18:56.3762105Z copying benchmarks/agent_pilot/runs/run-001/q04-raw-r1.jsonl -> dynamo_diff-0.1.0/benchmarks/agent_pilot/runs/run-001
core (ubuntu-latest)	Build wheel and source archive	2026-09-07T17:18:56.3763555Z copying benchmarks/agent_pilot/runs/run-001/q04-raw-r2.json -> dynamo_diff-0.1.0/benchmarks/agent_pilot/runs/run-001
core (ubuntu-latest)	Build wheel and source archive	2026-09-07T17:18:56.3765006Z copying benchmarks/agent_pilot/runs/run-001/q04-raw-r2.jsonl -> dynamo_diff-0.1.0/benchmarks/agent_pilot/runs/run-001
core (ubuntu-latest)	Build wheel and source archive	2026-09-07T17:18:56.3766466Z copying benchmarks/agent_pilot/runs/run-001/q04-tlparse-r1.json -> dynamo_diff-0.1.0/benchmarks/agent_pilot/runs/run-001
core (ubuntu-latest)	Build wheel and source archive	2026-09-07T17:18:56.3769315Z copying benchmarks/agent_pilot/runs/run-001/q04-tlparse-r1.jsonl -> dynamo_diff-0.1.0/benchmarks/agent_pilot/runs/run-001
core (ubuntu-latest)	Build wheel and source archive	2026-09-07T17:18:56.3770804Z copying benchmarks/agent_pilot/runs/run-001/q04-tlparse-r2.json -> dynamo_diff-0.1.0/benchmarks/agent_pilot/runs/run-001
core (ubuntu-latest)	Build wheel and source archive	2026-09-07T17:18:56.3772265Z copying benchmarks/agent_pilot/runs/run-001/q04-tlparse-r2.jsonl -> dynamo_diff-0.1.0/benchmarks/agent_pilot/runs/run-001
core (ubuntu-latest)	Build wheel and source archive	2026-09-07T17:18:56.3773735Z copying benchmarks/agent_pilot/runs/run-001/q05-dynamo-r1.json -> dynamo_diff-0.1.0/benchmarks/agent_pilot/runs/run-001
core (ubuntu-latest)	Build wheel and source archive	2026-09-07T17:18:56.3775155Z copying benchmarks/agent_pilot/runs/run-001/q05-dynamo-r1.jsonl -> dynamo_diff-0.1.0/benchmarks/agent_pilot/runs/run-001
core (ubuntu-latest)	Build wheel and source archive	2026-09-07T17:18:56.3776719Z copying benchmarks/agent_pilot/runs/run-001/q05-dynamo-r2.json -> dynamo_diff-0.1.0/benchmarks/agent_pilot/runs/run-001
core (ubuntu-latest)	Build wheel and source archive	2026-09-07T17:18:56.3778152Z copying benchmarks/agent_pilot/runs/run-001/q05-dynamo-r2.jsonl -> dynamo_diff-0.1.0/benchmarks/agent_pilot/runs/run-001
core (ubuntu-latest)	Build wheel and source archive	2026-09-07T17:18:56.3779628Z copying benchmarks/agent_pilot/runs/run-001/q05-raw-r1.json -> dynamo_diff-0.1.0/benchmarks/agent_pilot/runs/run-001
core (ubuntu-latest)	Build wheel and source archive	2026-09-07T17:18:56.3781095Z copying benchmarks/agent_pilot/runs/run-001/q05-raw-r1.jsonl -> dynamo_diff-0.1.0/benchmarks/agent_pilot/runs/run-001
core (ubuntu-latest)	Build wheel and source archive	2026-09-07T17:18:56.3782520Z copying benchmarks/agent_pilot/runs/run-001/q05-raw-r2.json -> dynamo_diff-0.1.0/benchmarks/agent_pilot/runs/run-001
core (ubuntu-latest)	Build wheel and source archive	2026-09-07T17:18:56.3783954Z copying benchmarks/agent_pilot/runs/run-001/q05-raw-r2.jsonl -> dynamo_diff-0.1.0/benchmarks/agent_pilot/runs/run-001
core (ubuntu-latest)	Build wheel and source archive	2026-09-07T17:18:56.3785437Z copying benchmarks/agent_pilot/runs/run-001/q05-tlparse-r1.json -> dynamo_diff-0.1.0/benchmarks/agent_pilot/runs/run-001
core (ubuntu-latest)	Build wheel and source archive	2026-09-07T17:18:56.3787117Z copying benchmarks/agent_pilot/runs/run-001/q05-tlparse-r1.jsonl -> dynamo_diff-0.1.0/benchmarks/agent_pilot/runs/run-001
core (ubuntu-latest)	Build wheel and source archive	2026-09-07T17:18:56.3788655Z copying benchmarks/agent_pilot/runs/run-001/q05-tlparse-r2.json -> dynamo_diff-0.1.0/benchmarks/agent_pilot/runs/run-001
core (ubuntu-latest)	Build wheel and source archive	2026-09-07T17:18:56.3790100Z copying benchmarks/agent_pilot/runs/run-001/q05-tlparse-r2.jsonl -> dynamo_diff-0.1.0/benchmarks/agent_pilot/runs/run-001
core (ubuntu-latest)	Build wheel and source archive	2026-09-07T17:18:56.3791568Z copying benchmarks/agent_pilot/runs/run-001/q06-dynamo-r1.json -> dynamo_diff-0.1.0/benchmarks/agent_pilot/runs/run-001
core (ubuntu-latest)	Build wheel and source archive	2026-09-07T17:18:56.3793008Z copying benchmarks/agent_pilot/runs/run-001/q06-dynamo-r1.jsonl -> dynamo_diff-0.1.0/benchmarks/agent_pilot/runs/run-001
core (ubuntu-latest)	Build wheel and source archive	2026-09-07T17:18:56.3794681Z copying benchmarks/agent_pilot/runs/run-001/q06-dynamo-r2.json -> dynamo_diff-0.1.0/benchmarks/agent_pilot/runs/run-001
core (ubuntu-latest)	Build wheel and source archive	2026-09-07T17:18:56.3796130Z copying benchmarks/agent_pilot/runs/run-001/q06-dynamo-r2.jsonl -> dynamo_diff-0.1.0/benchmarks/agent_pilot/runs/run-001
core (ubuntu-latest)	Build wheel and source archive	2026-09-07T17:18:56.3797706Z copying benchmarks/agent_pilot/runs/run-001/q06-raw-r1.json -> dynamo_diff-0.1.0/benchmarks/agent_pilot/runs/run-001
core (ubuntu-latest)	Build wheel and source archive	2026-09-07T17:18:56.3799089Z copying benchmarks/agent_pilot/runs/run-001/q06-raw-r1.jsonl -> dynamo_diff-0.1.0/benchmarks/agent_pilot/runs/run-001
core (ubuntu-latest)	Build wheel and source archive	2026-09-07T17:18:56.3800469Z copying benchmarks/agent_pilot/runs/run-001/q06-raw-r2.json -> dynamo_diff-0.1.0/benchmarks/agent_pilot/runs/run-001
core (ubuntu-latest)	Build wheel and source archive	2026-09-07T17:18:56.3801822Z copying benchmarks/agent_pilot/runs/run-001/q06-raw-r2.jsonl -> dynamo_diff-0.1.0/benchmarks/agent_pilot/runs/run-001
core (ubuntu-latest)	Build wheel and source archive	2026-09-07T17:18:56.3803221Z copying benchmarks/agent_pilot/runs/run-001/q06-tlparse-r1.json -> dynamo_diff-0.1.0/benchmarks/agent_pilot/runs/run-001
core (ubuntu-latest)	Build wheel and source archive	2026-09-07T17:18:56.3804750Z copying benchmarks/agent_pilot/runs/run-001/q06-tlparse-r1.jsonl -> dynamo_diff-0.1.0/benchmarks/agent_pilot/runs/run-001
core (ubuntu-latest)	Build wheel and source archive	2026-09-07T17:18:56.3806284Z copying benchmarks/agent_pilot/runs/run-001/q06-tlparse-r2.json -> dynamo_diff-0.1.0/benchmarks/agent_pilot/runs/run-001
core (ubuntu-latest)	Build wheel and source archive	2026-09-07T17:18:56.3808001Z copying benchmarks/agent_pilot/runs/run-001/q06-tlparse-r2.jsonl -> dynamo_diff-0.1.0/benchmarks/agent_pilot/runs/run-001
core (ubuntu-latest)	Build wheel and source archive	2026-09-07T17:18:56.3809658Z copying benchmarks/agent_pilot/runs/run-001/q07-dynamo-r1.json -> dynamo_diff-0.1.0/benchmarks/agent_pilot/runs/run-001
core (ubuntu-latest)	Build wheel and source archive	2026-09-07T17:18:56.3811112Z copying benchmarks/agent_pilot/runs/run-001/q07-dynamo-r1.jsonl -> dynamo_diff-0.1.0/benchmarks/agent_pilot/runs/run-001
core (ubuntu-latest)	Build wheel and source archive	2026-09-07T17:18:56.3812603Z copying benchmarks/agent_pilot/runs/run-001/q07-dynamo-r2.json -> dynamo_diff-0.1.0/benchmarks/agent_pilot/runs/run-001
core (ubuntu-latest)	Build wheel and source archive	2026-09-07T17:18:56.3814064Z copying benchmarks/agent_pilot/runs/run-001/q07-dynamo-r2.jsonl -> dynamo_diff-0.1.0/benchmarks/agent_pilot/runs/run-001
core (ubuntu-latest)	Build wheel and source archive	2026-09-07T17:18:56.3815502Z copying benchmarks/agent_pilot/runs/run-001/q07-raw-r1.json -> dynamo_diff-0.1.0/benchmarks/agent_pilot/runs/run-001
core (ubuntu-latest)	Build wheel and source archive	2026-09-07T17:18:56.3817097Z copying benchmarks/agent_pilot/runs/run-001/q07-raw-r1.jsonl -> dynamo_diff-0.1.0/benchmarks/agent_pilot/runs/run-001
core (ubuntu-latest)	Build wheel and source archive	2026-09-07T17:18:56.3818548Z copying benchmarks/agent_pilot/runs/run-001/q07-raw-r2.json -> dynamo_diff-0.1.0/benchmarks/agent_pilot/runs/run-001
core (ubuntu-latest)	Build wheel and source archive	2026-09-07T17:18:56.3819924Z copying benchmarks/agent_pilot/runs/run-001/q07-raw-r2.jsonl -> dynamo_diff-0.1.0/benchmarks/agent_pilot/runs/run-001
core (ubuntu-latest)	Build wheel and source archive	2026-09-07T17:18:56.3821343Z copying benchmarks/agent_pilot/runs/run-001/q07-tlparse-r1.json -> dynamo_diff-0.1.0/benchmarks/agent_pilot/runs/run-001
core (ubuntu-latest)	Build wheel and source archive	2026-09-07T17:18:56.3822818Z copying benchmarks/agent_pilot/runs/run-001/q07-tlparse-r1.jsonl -> dynamo_diff-0.1.0/benchmarks/agent_pilot/runs/run-001
core (ubuntu-latest)	Build wheel and source archive	2026-09-07T17:18:56.3824272Z copying benchmarks/agent_pilot/runs/run-001/q07-tlparse-r2.json -> dynamo_diff-0.1.0/benchmarks/agent_pilot/runs/run-001
core (ubuntu-latest)	Build wheel and source archive	2026-09-07T17:18:56.3825780Z copying benchmarks/agent_pilot/runs/run-001/q07-tlparse-r2.jsonl -> dynamo_diff-0.1.0/benchmarks/agent_pilot/runs/run-001
core (ubuntu-latest)	Build wheel and source archive	2026-09-07T17:18:56.3827447Z copying benchmarks/agent_pilot/runs/run-001/q08-dynamo-r1.json -> dynamo_diff-0.1.0/benchmarks/agent_pilot/runs/run-001
core (ubuntu-latest)	Build wheel and source archive	2026-09-07T17:18:56.3829000Z copying benchmarks/agent_pilot/runs/run-001/q08-dynamo-r1.jsonl -> dynamo_diff-0.1.0/benchmarks/agent_pilot/runs/run-001
core (ubuntu-latest)	Build wheel and source archive	2026-09-07T17:18:56.3830553Z copying benchmarks/agent_pilot/runs/run-001/q08-dynamo-r2.json -> dynamo_diff-0.1.0/benchmarks/agent_pilot/runs/run-001
core (ubuntu-latest)	Build wheel and source archive	2026-09-07T17:18:56.3831955Z copying benchmarks/agent_pilot/runs/run-001/q08-dynamo-r2.jsonl -> dynamo_diff-0.1.0/benchmarks/agent_pilot/runs/run-001
core (ubuntu-latest)	Build wheel and source archive	2026-09-07T17:18:56.3833380Z copying benchmarks/agent_pilot/runs/run-001/q08-raw-r1.json -> dynamo_diff-0.1.0/benchmarks/agent_pilot/runs/run-001
core (ubuntu-latest)	Build wheel and source archive	2026-09-07T17:18:56.3835054Z copying benchmarks/agent_pilot/runs/run-001/q08-raw-r1.jsonl -> dynamo_diff-0.1.0/benchmarks/agent_pilot/runs/run-001
core (ubuntu-latest)	Build wheel and source archive	2026-09-07T17:18:56.3836489Z copying benchmarks/agent_pilot/runs/run-001/q08-raw-r2.json -> dynamo_diff-0.1.0/benchmarks/agent_pilot/runs/run-001
core (ubuntu-latest)	Build wheel and source archive	2026-09-07T17:18:56.3838101Z copying benchmarks/agent_pilot/runs/run-001/q08-raw-r2.jsonl -> dynamo_diff-0.1.0/benchmarks/agent_pilot/runs/run-001
core (ubuntu-latest)	Build wheel and source archive	2026-09-07T17:18:56.3839530Z copying benchmarks/agent_pilot/runs/run-001/q08-tlparse-r1.json -> dynamo_diff-0.1.0/benchmarks/agent_pilot/runs/run-001
core (ubuntu-latest)	Build wheel and source archive	2026-09-07T17:18:56.3841000Z copying benchmarks/agent_pilot/runs/run-001/q08-tlparse-r1.jsonl -> dynamo_diff-0.1.0/benchmarks/agent_pilot/runs/run-001
core (ubuntu-latest)	Build wheel and source archive	2026-09-07T17:18:56.3842540Z copying benchmarks/agent_pilot/runs/run-001/q08-tlparse-r2.json -> dynamo_diff-0.1.0/benchmarks/agent_pilot/runs/run-001
core (ubuntu-latest)	Build wheel and source archive	2026-09-07T17:18:56.3844018Z copying benchmarks/agent_pilot/runs/run-001/q08-tlparse-r2.jsonl -> dynamo_diff-0.1.0/benchmarks/agent_pilot/runs/run-001
core (ubuntu-latest)	Build wheel and source archive	2026-09-07T17:18:56.3845465Z copying benchmarks/agent_pilot/runs/run-001/q09-dynamo-r1.json -> dynamo_diff-0.1.0/benchmarks/agent_pilot/runs/run-001
core (ubuntu-latest)	Build wheel and source archive	2026-09-07T17:18:56.3847092Z copying benchmarks/agent_pilot/runs/run-001/q09-dynamo-r1.jsonl -> dynamo_diff-0.1.0/benchmarks/agent_pilot/runs/run-001
core (ubuntu-latest)	Build wheel and source archive	2026-09-07T17:18:56.3848532Z copying benchmarks/agent_pilot/runs/run-001/q09-dynamo-r2.json -> dynamo_diff-0.1.0/benchmarks/agent_pilot/runs/run-001
core (ubuntu-latest)	Build wheel and source archive	2026-09-07T17:18:56.3850010Z copying benchmarks/agent_pilot/runs/run-001/q09-dynamo-r2.jsonl -> dynamo_diff-0.1.0/benchmarks/agent_pilot/runs/run-001
core (ubuntu-latest)	Build wheel and source archive	2026-09-07T17:18:56.3851630Z copying benchmarks/agent_pilot/runs/run-001/q09-raw-r1.json -> dynamo_diff-0.1.0/benchmarks/agent_pilot/runs/run-001
core (ubuntu-latest)	Build wheel and source archive	2026-09-07T17:18:56.3853006Z copying benchmarks/agent_pilot/runs/run-001/q09-raw-r1.jsonl -> dynamo_diff-0.1.0/benchmarks/agent_pilot/runs/run-001
core (ubuntu-latest)	Build wheel and source archive	2026-09-07T17:18:56.3854415Z copying benchmarks/agent_pilot/runs/run-001/q09-raw-r2.json -> dynamo_diff-0.1.0/benchmarks/agent_pilot/runs/run-001
core (ubuntu-latest)	Build wheel and source archive	2026-09-07T17:18:56.3855826Z copying benchmarks/agent_pilot/runs/run-001/q09-raw-r2.jsonl -> dynamo_diff-0.1.0/benchmarks/agent_pilot/runs/run-001
core (ubuntu-latest)	Build wheel and source archive	2026-09-07T17:18:56.3857481Z copying benchmarks/agent_pilot/runs/run-001/q09-tlparse-r1.json -> dynamo_diff-0.1.0/benchmarks/agent_pilot/runs/run-001
core (ubuntu-latest)	Build wheel and source archive	2026-09-07T17:18:56.3859009Z copying benchmarks/agent_pilot/runs/run-001/q09-tlparse-r1.jsonl -> dynamo_diff-0.1.0/benchmarks/agent_pilot/runs/run-001
core (ubuntu-latest)	Build wheel and source archive	2026-09-07T17:18:56.3860484Z copying benchmarks/agent_pilot/runs/run-001/q09-tlparse-r2.json -> dynamo_diff-0.1.0/benchmarks/agent_pilot/runs/run-001
core (ubuntu-latest)	Build wheel and source archive	2026-09-07T17:18:56.3861975Z copying benchmarks/agent_pilot/runs/run-001/q09-tlparse-r2.jsonl -> dynamo_diff-0.1.0/benchmarks/agent_pilot/runs/run-001
core (ubuntu-latest)	Build wheel and source archive	2026-09-07T17:18:56.3863455Z copying benchmarks/agent_pilot/runs/run-001/q10-dynamo-r1.json -> dynamo_diff-0.1.0/benchmarks/agent_pilot/runs/run-001
core (ubuntu-latest)	Build wheel and source archive	2026-09-07T17:18:56.3864889Z copying benchmarks/agent_pilot/runs/run-001/q10-dynamo-r1.jsonl -> dynamo_diff-0.1.0/benchmarks/agent_pilot/runs/run-001
core (ubuntu-latest)	Build wheel and source archive	2026-09-07T17:18:56.3866352Z copying benchmarks/agent_pilot/runs/run-001/q10-dynamo-r2.json -> dynamo_diff-0.1.0/benchmarks/agent_pilot/runs/run-001
core (ubuntu-latest)	Build wheel and source archive	2026-09-07T17:18:56.3867945Z copying benchmarks/agent_pilot/runs/run-001/q10-dynamo-r2.jsonl -> dynamo_diff-0.1.0/benchmarks/agent_pilot/runs/run-001
core (ubuntu-latest)	Build wheel and source archive	2026-09-07T17:18:56.3869335Z copying benchmarks/agent_pilot/runs/run-001/q10-raw-r1.json -> dynamo_diff-0.1.0/benchmarks/agent_pilot/runs/run-001
core (ubuntu-latest)	Build wheel and source archive	2026-09-07T17:18:56.3870699Z copying benchmarks/agent_pilot/runs/run-001/q10-raw-r1.jsonl -> dynamo_diff-0.1.0/benchmarks/agent_pilot/runs/run-001
core (ubuntu-latest)	Build wheel and source archive	2026-09-07T17:18:56.3872085Z copying benchmarks/agent_pilot/runs/run-001/q10-raw-r2.json -> dynamo_diff-0.1.0/benchmarks/agent_pilot/runs/run-001
core (ubuntu-latest)	Build wheel and source archive	2026-09-07T17:18:56.3873472Z copying benchmarks/agent_pilot/runs/run-001/q10-raw-r2.jsonl -> dynamo_diff-0.1.0/benchmarks/agent_pilot/runs/run-001
core (ubuntu-latest)	Build wheel and source archive	2026-09-07T17:18:56.3874909Z copying benchmarks/agent_pilot/runs/run-001/q10-tlparse-r1.json -> dynamo_diff-0.1.0/benchmarks/agent_pilot/runs/run-001
core (ubuntu-latest)	Build wheel and source archive	2026-09-07T17:18:56.3876825Z copying benchmarks/agent_pilot/runs/run-001/q10-tlparse-r1.jsonl -> dynamo_diff-0.1.0/benchmarks/agent_pilot/runs/run-001
core (ubuntu-latest)	Build wheel and source archive	2026-09-07T17:18:56.3878333Z copying benchmarks/agent_pilot/runs/run-001/q10-tlparse-r2.json -> dynamo_diff-0.1.0/benchmarks/agent_pilot/runs/run-001
core (ubuntu-latest)	Build wheel and source archive	2026-09-07T17:18:56.3879814Z copying benchmarks/agent_pilot/runs/run-001/q10-tlparse-r2.jsonl -> dynamo_diff-0.1.0/benchmarks/agent_pilot/runs/run-001
core (ubuntu-latest)	Build wheel and source archive	2026-09-07T17:18:56.3881277Z copying benchmarks/agent_pilot/runs/run-001/receipt.json -> dynamo_diff-0.1.0/benchmarks/agent_pilot/runs/run-001
core (ubuntu-latest)	Build wheel and source archive	2026-09-07T17:18:56.3882832Z copying benchmarks/agent_pilot/runs/run-001/analysis/MODEL_REVIEW.md -> dynamo_diff-0.1.0/benchmarks/agent_pilot/runs/run-001/analysis
core (ubuntu-latest)	Build wheel and source archive	2026-09-07T17:18:56.3884435Z copying benchmarks/agent_pilot/runs/run-001/analysis/RESULTS.md -> dynamo_diff-0.1.0/benchmarks/agent_pilot/runs/run-001/analysis
core (ubuntu-latest)	Build wheel and source archive	2026-09-07T17:18:56.3886000Z copying benchmarks/agent_pilot/runs/run-001/analysis/SCORING_NOTES.md -> dynamo_diff-0.1.0/benchmarks/agent_pilot/runs/run-001/analysis
core (ubuntu-latest)	Build wheel and source archive	2026-09-07T17:18:56.3887840Z copying benchmarks/agent_pilot/runs/run-001/analysis/format-sensitivity.json -> dynamo_diff-0.1.0/benchmarks/agent_pilot/runs/run-001/analysis
core (ubuntu-latest)	Build wheel and source archive	2026-09-07T17:18:56.3889549Z copying benchmarks/agent_pilot/runs/run-001/analysis/scorer-v1.py -> dynamo_diff-0.1.0/benchmarks/agent_pilot/runs/run-001/analysis
core (ubuntu-latest)	Build wheel and source archive	2026-09-07T17:18:56.3891113Z copying benchmarks/agent_pilot/runs/run-001/analysis/scores.json -> dynamo_diff-0.1.0/benchmarks/agent_pilot/runs/run-001/analysis
core (ubuntu-latest)	Build wheel and source archive	2026-09-07T17:18:56.3892746Z copying benchmarks/results/conversion-baseline.json -> dynamo_diff-0.1.0/benchmarks/results
core (ubuntu-latest)	Build wheel and source archive	2026-09-07T17:18:56.3893931Z copying benchmarks/results/import-baseline.json -> dynamo_diff-0.1.0/benchmarks/results
core (ubuntu-latest)	Build wheel and source archive	2026-09-07T17:18:56.3895117Z copying benchmarks/results/import-hardening-v4.json -> dynamo_diff-0.1.0/benchmarks/results
core (ubuntu-latest)	Build wheel and source archive	2026-09-07T17:18:56.3896374Z copying case_studies/transformers_cache/README.md -> dynamo_diff-0.1.0/case_studies/transformers_cache
core (ubuntu-latest)	Build wheel and source archive	2026-09-07T17:18:56.3897898Z copying case_studies/transformers_cache/comparison.json -> dynamo_diff-0.1.0/case_studies/transformers_cache
core (ubuntu-latest)	Build wheel and source archive	2026-09-07T17:18:56.3899236Z copying case_studies/transformers_cache/expected.json -> dynamo_diff-0.1.0/case_studies/transformers_cache
core (ubuntu-latest)	Build wheel and source archive	2026-09-07T17:18:56.3900570Z copying case_studies/transformers_cache/reproduce.py -> dynamo_diff-0.1.0/case_studies/transformers_cache
core (ubuntu-latest)	Build wheel and source archive	2026-09-07T17:18:56.3901860Z copying case_studies/transformers_cache/verify.py -> dynamo_diff-0.1.0/case_studies/transformers_cache
core (ubuntu-latest)	Build wheel and source archive	2026-09-07T17:18:56.3903205Z copying case_studies/transformers_cache/workload.py.in -> dynamo_diff-0.1.0/case_studies/transformers_cache
core (ubuntu-latest)	Build wheel and source archive	2026-09-07T17:18:56.3904814Z copying case_studies/transformers_cache/captures/baseline/conversion.txt -> dynamo_diff-0.1.0/case_studies/transformers_cache/captures/baseline
core (ubuntu-latest)	Build wheel and source archive	2026-09-07T17:18:56.3906743Z copying case_studies/transformers_cache/captures/baseline/manifest.json -> dynamo_diff-0.1.0/case_studies/transformers_cache/captures/baseline
core (ubuntu-latest)	Build wheel and source archive	2026-09-07T17:18:56.3908486Z copying case_studies/transformers_cache/captures/baseline/stderr.txt -> dynamo_diff-0.1.0/case_studies/transformers_cache/captures/baseline
core (ubuntu-latest)	Build wheel and source archive	2026-09-07T17:18:56.3910201Z copying case_studies/transformers_cache/captures/baseline/stdout.txt -> dynamo_diff-0.1.0/case_studies/transformers_cache/captures/baseline
core (ubuntu-latest)	Build wheel and source archive	2026-09-07T17:18:56.3911993Z copying case_studies/transformers_cache/captures/baseline/workload-result.json -> dynamo_diff-0.1.0/case_studies/transformers_cache/captures/baseline
core (ubuntu-latest)	Build wheel and source archive	2026-09-07T17:18:56.3914215Z copying case_studies/transformers_cache/captures/baseline/raw/dedicated_log_torch_trace_dl7bdncq.log -> dynamo_diff-0.1.0/case_studies/transformers_cache/captures/baseline/raw
core (ubuntu-latest)	Build wheel and source archive	2026-09-07T17:18:56.3916319Z copying case_studies/transformers_cache/captures/baseline/report/chromium_events.json -> dynamo_diff-0.1.0/case_studies/transformers_cache/captures/baseline/report
core (ubuntu-latest)	Build wheel and source archive	2026-09-07T17:18:56.3918559Z copying case_studies/transformers_cache/captures/baseline/report/compile_directory.json -> dynamo_diff-0.1.0/case_studies/transformers_cache/captures/baseline/report
core (ubuntu-latest)	Build wheel and source archive	2026-09-07T17:18:56.3920870Z copying case_studies/transformers_cache/captures/baseline/report/failures_and_restarts.html -> dynamo_diff-0.1.0/case_studies/transformers_cache/captures/baseline/report
core (ubuntu-latest)	Build wheel and source archive	2026-09-07T17:18:56.3922892Z copying case_studies/transformers_cache/captures/baseline/report/index.html -> dynamo_diff-0.1.0/case_studies/transformers_cache/captures/baseline/report
core (ubuntu-latest)	Build wheel and source archive	2026-09-07T17:18:56.3924765Z copying case_studies/transformers_cache/captures/baseline/report/raw.jsonl -> dynamo_diff-0.1.0/case_studies/transformers_cache/captures/baseline/report
core (ubuntu-latest)	Build wheel and source archive	2026-09-07T17:18:56.3926768Z copying case_studies/transformers_cache/captures/baseline/report/raw.log -> dynamo_diff-0.1.0/case_studies/transformers_cache/captures/baseline/report
core (ubuntu-latest)	Build wheel and source archive	2026-09-07T17:18:56.3928788Z copying case_studies/transformers_cache/captures/baseline/report/-_-_-_-/torch_version_0.json -> dynamo_diff-0.1.0/case_studies/transformers_cache/captures/baseline/report/-_-_-_-
core (ubuntu-latest)	Build wheel and source archive	2026-09-07T17:18:56.3931071Z copying case_studies/transformers_cache/captures/baseline/report/-_0_0_0/compilation_metrics_4.html -> dynamo_diff-0.1.0/case_studies/transformers_cache/captures/baseline/report/-_0_0_0
core (ubuntu-latest)	Build wheel and source archive	2026-09-07T17:18:56.3933390Z copying case_studies/transformers_cache/captures/baseline/report/-_0_0_0/dynamo_cpp_guards_str_3.txt -> dynamo_diff-0.1.0/case_studies/transformers_cache/captures/baseline/report/-_0_0_0
core (ubuntu-latest)	Build wheel and source archive	2026-09-07T17:18:56.3935883Z copying case_studies/transformers_cache/captures/baseline/report/-_0_0_0/dynamo_output_graph_2.txt -> dynamo_diff-0.1.0/case_studies/transformers_cache/captures/baseline/report/-_0_0_0
core (ubuntu-latest)	Build wheel and source archive	2026-09-07T17:18:56.3938304Z copying case_studies/transformers_cache/captures/baseline/report/-_0_0_0/dynamo_side_effects_1.txt -> dynamo_diff-0.1.0/case_studies/transformers_cache/captures/baseline/report/-_0_0_0
core (ubuntu-latest)	Build wheel and source archive	2026-09-07T17:18:56.3940538Z copying case_studies/transformers_cache/captures/baseline/report/-_0_1_0/compilation_metrics_9.html -> dynamo_diff-0.1.0/case_studies/transformers_cache/captures/baseline/report/-_0_1_0
core (ubuntu-latest)	Build wheel and source archive	2026-09-07T17:18:56.3942970Z copying case_studies/transformers_cache/captures/baseline/report/-_0_1_0/dynamo_cpp_guards_str_8.txt -> dynamo_diff-0.1.0/case_studies/transformers_cache/captures/baseline/report/-_0_1_0
core (ubuntu-latest)	Build wheel and source archive	2026-09-07T17:18:56.3945267Z copying case_studies/transformers_cache/captures/baseline/report/-_0_1_0/dynamo_output_graph_7.txt -> dynamo_diff-0.1.0/case_studies/transformers_cache/captures/baseline/report/-_0_1_0
core (ubuntu-latest)	Build wheel and source archive	2026-09-07T17:18:56.3947757Z copying case_studies/transformers_cache/captures/baseline/report/-_0_1_0/dynamo_side_effects_6.txt -> dynamo_diff-0.1.0/case_studies/transformers_cache/captures/baseline/report/-_0_1_0
core (ubuntu-latest)	Build wheel and source archive	2026-09-07T17:18:56.3949995Z copying case_studies/transformers_cache/captures/baseline/report/-_0_1_0/recompile_reasons_5.json -> dynamo_diff-0.1.0/case_studies/transformers_cache/captures/baseline/report/-_0_1_0
core (ubuntu-latest)	Build wheel and source archive	2026-09-07T17:18:56.3952274Z copying case_studies/transformers_cache/captures/baseline/report/-_0_2_0/compilation_metrics_14.html -> dynamo_diff-0.1.0/case_studies/transformers_cache/captures/baseline/report/-_0_2_0
core (ubuntu-latest)	Build wheel and source archive	2026-09-07T17:18:56.3954560Z copying case_studies/transformers_cache/captures/baseline/report/-_0_2_0/dynamo_cpp_guards_str_13.txt -> dynamo_diff-0.1.0/case_studies/transformers_cache/captures/baseline/report/-_0_2_0
core (ubuntu-latest)	Build wheel and source archive	2026-09-07T17:18:56.3956961Z copying case_studies/transformers_cache/captures/baseline/report/-_0_2_0/dynamo_output_graph_12.txt -> dynamo_diff-0.1.0/case_studies/transformers_cache/captures/baseline/report/-_0_2_0
core (ubuntu-latest)	Build wheel and source archive	2026-09-07T17:18:56.3959273Z copying case_studies/transformers_cache/captures/baseline/report/-_0_2_0/dynamo_side_effects_11.txt -> dynamo_diff-0.1.0/case_studies/transformers_cache/captures/baseline/report/-_0_2_0
core (ubuntu-latest)	Build wheel and source archive	2026-09-07T17:18:56.3961510Z copying case_studies/transformers_cache/captures/baseline/report/-_0_2_0/recompile_reasons_10.json -> dynamo_diff-0.1.0/case_studies/transformers_cache/captures/baseline/report/-_0_2_0
core (ubuntu-latest)	Build wheel and source archive	2026-09-07T17:18:56.3963820Z copying case_studies/transformers_cache/captures/baseline/sources/run.py -> dynamo_diff-0.1.0/case_studies/transformers_cache/captures/baseline/sources
core (ubuntu-latest)	Build wheel and source archive	2026-09-07T17:18:56.3965952Z copying case_studies/transformers_cache/captures/baseline/sources/torch/_dynamo/convert_frame.py -> dynamo_diff-0.1.0/case_studies/transformers_cache/captures/baseline/sources/torch/_dynamo
core (ubuntu-latest)	Build wheel and source archive	2026-09-07T17:18:56.3968417Z copying case_studies/transformers_cache/captures/baseline/sources/torch/_dynamo/eval_frame.py -> dynamo_diff-0.1.0/case_studies/transformers_cache/captures/baseline/sources/torch/_dynamo
core (ubuntu-latest)	Build wheel and source archive	2026-09-07T17:18:56.3970758Z copying case_studies/transformers_cache/captures/baseline/sources/torch/utils/_contextlib.py -> dynamo_diff-0.1.0/case_studies/transformers_cache/captures/baseline/sources/torch/utils
core (ubuntu-latest)	Build wheel and source archive	2026-09-07T17:18:56.3973056Z copying case_studies/transformers_cache/captures/baseline/sources/transformers/cache_utils.py -> dynamo_diff-0.1.0/case_studies/transformers_cache/captures/baseline/sources/transformers
core (ubuntu-latest)	Build wheel and source archive	2026-09-07T17:18:56.3975524Z copying case_studies/transformers_cache/captures/baseline/sources/transformers/generation/utils.py -> dynamo_diff-0.1.0/case_studies/transformers_cache/captures/baseline/sources/transformers/generation
core (ubuntu-latest)	Build wheel and source archive	2026-09-07T17:18:56.3978385Z copying case_studies/transformers_cache/captures/baseline/sources/transformers/models/llama/modeling_llama.py -> dynamo_diff-0.1.0/case_studies/transformers_cache/captures/baseline/sources/transformers/models/llama
core (ubuntu-latest)	Build wheel and source archive	2026-09-07T17:18:56.3981201Z copying case_studies/transformers_cache/captures/baseline/sources/transformers/utils/generic.py -> dynamo_diff-0.1.0/case_studies/transformers_cache/captures/baseline/sources/transformers/utils
core (ubuntu-latest)	Build wheel and source archive	2026-09-07T17:18:56.3983340Z copying case_studies/transformers_cache/captures/candidate/conversion.txt -> dynamo_diff-0.1.0/case_studies/transformers_cache/captures/candidate
core (ubuntu-latest)	Build wheel and source archive	2026-09-07T17:18:56.3985145Z copying case_studies/transformers_cache/captures/candidate/manifest.json -> dynamo_diff-0.1.0/case_studies/transformers_cache/captures/candidate
core (ubuntu-latest)	Build wheel and source archive	2026-09-07T17:18:56.3987238Z copying case_studies/transformers_cache/captures/candidate/stderr.txt -> dynamo_diff-0.1.0/case_studies/transformers_cache/captures/candidate
core (ubuntu-latest)	Build wheel and source archive	2026-09-07T17:18:56.3989889Z copying case_studies/transformers_cache/captures/candidate/stdout.txt -> dynamo_diff-0.1.0/case_studies/transformers_cache/captures/candidate
core (ubuntu-latest)	Build wheel and source archive	2026-09-07T17:18:56.3991799Z copying case_studies/transformers_cache/captures/candidate/workload-result.json -> dynamo_diff-0.1.0/case_studies/transformers_cache/captures/candidate
core (ubuntu-latest)	Build wheel and source archive	2026-09-07T17:18:56.3993867Z copying case_studies/transformers_cache/captures/candidate/raw/dedicated_log_torch_trace_6zafb6vo.log -> dynamo_diff-0.1.0/case_studies/transformers_cache/captures/candidate/raw
core (ubuntu-latest)	Build wheel and source archive	2026-09-07T17:18:56.3995983Z copying case_studies/transformers_cache/captures/candidate/report/chromium_events.json -> dynamo_diff-0.1.0/case_studies/transformers_cache/captures/candidate/report
core (ubuntu-latest)	Build wheel and source archive	2026-09-07T17:18:56.3998300Z copying case_studies/transformers_cache/captures/candidate/report/compile_directory.json -> dynamo_diff-0.1.0/case_studies/transformers_cache/captures/candidate/report
core (ubuntu-latest)	Build wheel and source archive	2026-09-07T17:18:56.4000450Z copying case_studies/transformers_cache/captures/candidate/report/failures_and_restarts.html -> dynamo_diff-0.1.0/case_studies/transformers_cache/captures/candidate/report
core (ubuntu-latest)	Build wheel and source archive	2026-09-07T17:18:56.4002445Z copying case_studies/transformers_cache/captures/candidate/report/index.html -> dynamo_diff-0.1.0/case_studies/transformers_cache/captures/candidate/report
core (ubuntu-latest)	Build wheel and source archive	2026-09-07T17:18:56.4004330Z copying case_studies/transformers_cache/captures/candidate/report/raw.jsonl -> dynamo_diff-0.1.0/case_studies/transformers_cache/captures/candidate/report
core (ubuntu-latest)	Build wheel and source archive	2026-09-07T17:18:56.4006213Z copying case_studies/transformers_cache/captures/candidate/report/raw.log -> dynamo_diff-0.1.0/case_studies/transformers_cache/captures/candidate/report
core (ubuntu-latest)	Build wheel and source archive	2026-09-07T17:18:56.4008475Z copying case_studies/transformers_cache/captures/candidate/report/-_-_-_-/torch_version_0.json -> dynamo_diff-0.1.0/case_studies/transformers_cache/captures/candidate/report/-_-_-_-
core (ubuntu-latest)	Build wheel and source archive	2026-09-07T17:18:56.4011631Z copying case_studies/transformers_cache/captures/candidate/report/-_0_0_0/compilation_metrics_4.html -> dynamo_diff-0.1.0/case_studies/transformers_cache/captures/candidate/report/-_0_0_0
core (ubuntu-latest)	Build wheel and source archive	2026-09-07T17:18:56.4013932Z copying case_studies/transformers_cache/captures/candidate/report/-_0_0_0/dynamo_cpp_guards_str_3.txt -> dynamo_diff-0.1.0/case_studies/transformers_cache/captures/candidate/report/-_0_0_0
core (ubuntu-latest)	Build wheel and source archive	2026-09-07T17:18:56.4016186Z copying case_studies/transformers_cache/captures/candidate/report/-_0_0_0/dynamo_output_graph_2.txt -> dynamo_diff-0.1.0/case_studies/transformers_cache/captures/candidate/report/-_0_0_0
core (ubuntu-latest)	Build wheel and source archive	2026-09-07T17:18:56.4018673Z copying case_studies/transformers_cache/captures/candidate/report/-_0_0_0/dynamo_side_effects_1.txt -> dynamo_diff-0.1.0/case_studies/transformers_cache/captures/candidate/report/-_0_0_0
core (ubuntu-latest)	Build wheel and source archive	2026-09-07T17:18:56.4020958Z copying case_studies/transformers_cache/captures/candidate/report/-_0_1_0/compilation_metrics_9.html -> dynamo_diff-0.1.0/case_studies/transformers_cache/captures/candidate/report/-_0_1_0
core (ubuntu-latest)	Build wheel and source archive	2026-09-07T17:18:56.4023240Z copying case_studies/transformers_cache/captures/candidate/report/-_0_1_0/dynamo_cpp_guards_str_8.txt -> dynamo_diff-0.1.0/case_studies/transformers_cache/captures/candidate/report/-_0_1_0
core (ubuntu-latest)	Build wheel and source archive	2026-09-07T17:18:56.4025499Z copying case_studies/transformers_cache/captures/candidate/report/-_0_1_0/dynamo_output_graph_7.txt -> dynamo_diff-0.1.0/case_studies/transformers_cache/captures/candidate/report/-_0_1_0
core (ubuntu-latest)	Build wheel and source archive	2026-09-07T17:18:56.4028176Z copying case_studies/transformers_cache/captures/candidate/report/-_0_1_0/dynamo_side_effects_6.txt -> dynamo_diff-0.1.0/case_studies/transformers_cache/captures/candidate/report/-_0_1_0
core (ubuntu-latest)	Build wheel and source archive	2026-09-07T17:18:56.4030421Z copying case_studies/transformers_cache/captures/candidate/report/-_0_1_0/recompile_reasons_5.json -> dynamo_diff-0.1.0/case_studies/transformers_cache/captures/candidate/report/-_0_1_0
core (ubuntu-latest)	Build wheel and source archive	2026-09-07T17:18:56.4032536Z copying case_studies/transformers_cache/captures/candidate/sources/run.py -> dynamo_diff-0.1.0/case_studies/transformers_cache/captures/candidate/sources
core (ubuntu-latest)	Build wheel and source archive	2026-09-07T17:18:56.4034647Z copying case_studies/transformers_cache/captures/candidate/sources/torch/_dynamo/convert_frame.py -> dynamo_diff-0.1.0/case_studies/transformers_cache/captures/candidate/sources/torch/_dynamo
core (ubuntu-latest)	Build wheel and source archive	2026-09-07T17:18:56.4037123Z copying case_studies/transformers_cache/captures/candidate/sources/torch/_dynamo/eval_frame.py -> dynamo_diff-0.1.0/case_studies/transformers_cache/captures/candidate/sources/torch/_dynamo
core (ubuntu-latest)	Build wheel and source archive	2026-09-07T17:18:56.4039495Z copying case_studies/transformers_cache/captures/candidate/sources/torch/utils/_contextlib.py -> dynamo_diff-0.1.0/case_studies/transformers_cache/captures/candidate/sources/torch/utils
core (ubuntu-latest)	Build wheel and source archive	2026-09-07T17:18:56.4041866Z copying case_studies/transformers_cache/captures/candidate/sources/transformers/cache_utils.py -> dynamo_diff-0.1.0/case_studies/transformers_cache/captures/candidate/sources/transformers
core (ubuntu-latest)	Build wheel and source archive	2026-09-07T17:18:56.4044447Z copying case_studies/transformers_cache/captures/candidate/sources/transformers/generation/utils.py -> dynamo_diff-0.1.0/case_studies/transformers_cache/captures/candidate/sources/transformers/generation
core (ubuntu-latest)	Build wheel and source archive	2026-09-07T17:18:56.4047238Z copying case_studies/transformers_cache/captures/candidate/sources/transformers/models/llama/modeling_llama.py -> dynamo_diff-0.1.0/case_studies/transformers_cache/captures/candidate/sources/transformers/models/llama
core (ubuntu-latest)	Build wheel and source archive	2026-09-07T17:18:56.4049813Z copying case_studies/transformers_cache/captures/candidate/sources/transformers/utils/generic.py -> dynamo_diff-0.1.0/case_studies/transformers_cache/captures/candidate/sources/transformers/utils
core (ubuntu-latest)	Build wheel and source archive	2026-09-07T17:18:56.4051431Z copying docs/ARCHITECTURE.md -> dynamo_diff-0.1.0/docs
core (ubuntu-latest)	Build wheel and source archive	2026-09-07T17:18:56.4052159Z copying docs/CAPTURING.md -> dynamo_diff-0.1.0/docs
core (ubuntu-latest)	Build wheel and source archive	2026-09-07T17:18:56.4052892Z copying docs/COMPATIBILITY.md -> dynamo_diff-0.1.0/docs
core (ubuntu-latest)	Build wheel and source archive	2026-09-07T17:18:56.4053672Z copying docs/COMPLETION_AUDIT.md -> dynamo_diff-0.1.0/docs
core (ubuntu-latest)	Build wheel and source archive	2026-09-07T17:18:56.4054775Z copying docs/DEMO.md -> dynamo_diff-0.1.0/docs
core (ubuntu-latest)	Build wheel and source archive	2026-09-07T17:18:56.4055480Z copying docs/FEASIBILITY.md -> dynamo_diff-0.1.0/docs
core (ubuntu-latest)	Build wheel and source archive	2026-09-07T17:18:56.4056214Z copying docs/INPUT_AUDIT.md -> dynamo_diff-0.1.0/docs
core (ubuntu-latest)	Build wheel and source archive	2026-09-07T17:18:56.4057115Z copying docs/INTEGRATIONS.md -> dynamo_diff-0.1.0/docs
core (ubuntu-latest)	Build wheel and source archive	2026-09-07T17:18:56.4057849Z copying docs/PERFORMANCE.md -> dynamo_diff-0.1.0/docs
core (ubuntu-latest)	Build wheel and source archive	2026-09-07T17:18:56.4058574Z copying docs/PROJECT_SCOPE.md -> dynamo_diff-0.1.0/docs
core (ubuntu-latest)	Build wheel and source archive	2026-09-07T17:18:56.4059325Z copying docs/RELEASING.md -> dynamo_diff-0.1.0/docs
core (ubuntu-latest)	Build wheel and source archive	2026-09-07T17:18:56.4060012Z copying docs/SEMANTICS.md -> dynamo_diff-0.1.0/docs
core (ubuntu-latest)	Build wheel and source archive	2026-09-07T17:18:56.4060697Z copying docs/STATUS.md -> dynamo_diff-0.1.0/docs
core (ubuntu-latest)	Build wheel and source archive	2026-09-07T17:18:56.4061432Z copying docs/THIRD_PARTY_NOTICES.md -> dynamo_diff-0.1.0/docs
core (ubuntu-latest)	Build wheel and source archive	2026-09-07T17:18:56.4062263Z copying docs/manifest.template.json -> dynamo_diff-0.1.0/docs
core (ubuntu-latest)	Build wheel and source archive	2026-09-07T17:18:56.4063215Z copying docs/licenses/pytorch-2.14.0-LICENSE.txt -> dynamo_diff-0.1.0/docs/licenses
core (ubuntu-latest)	Build wheel and source archive	2026-09-07T17:18:56.4064315Z copying docs/licenses/tlparse-0.4.3-LICENSE.txt -> dynamo_diff-0.1.0/docs/licenses
core (ubuntu-latest)	Build wheel and source archive	2026-09-07T17:18:56.4065447Z copying docs/licenses/transformers-5.10.1-LICENSE.txt -> dynamo_diff-0.1.0/docs/licenses
core (ubuntu-latest)	Build wheel and source archive	2026-09-07T17:18:56.4066888Z copying docs/schemas/capture-v1.schema.json -> dynamo_diff-0.1.0/docs/schemas
core (ubuntu-latest)	Build wheel and source archive	2026-09-07T17:18:56.4067987Z copying docs/schemas/comparison-v1.schema.json -> dynamo_diff-0.1.0/docs/schemas
core (ubuntu-latest)	Build wheel and source archive	2026-09-07T17:18:56.4069270Z copying fixtures/REVIEW.md -> dynamo_diff-0.1.0/fixtures
core (ubuntu-latest)	Build wheel and source archive	2026-09-07T17:18:56.4070096Z copying fixtures/expected.json -> dynamo_diff-0.1.0/fixtures
core (ubuntu-latest)	Build wheel and source archive	2026-09-07T17:18:56.4071185Z copying fixtures/captures/backend_failure/conversion.txt -> dynamo_diff-0.1.0/fixtures/captures/backend_failure
core (ubuntu-latest)	Build wheel and source archive	2026-09-07T17:18:56.4072592Z copying fixtures/captures/backend_failure/manifest.json -> dynamo_diff-0.1.0/fixtures/captures/backend_failure
core (ubuntu-latest)	Build wheel and source archive	2026-09-07T17:18:56.4073966Z copying fixtures/captures/backend_failure/stderr.txt -> dynamo_diff-0.1.0/fixtures/captures/backend_failure
core (ubuntu-latest)	Build wheel and source archive	2026-09-07T17:18:56.4075335Z copying fixtures/captures/backend_failure/stdout.txt -> dynamo_diff-0.1.0/fixtures/captures/backend_failure
core (ubuntu-latest)	Build wheel and source archive	2026-09-07T17:18:56.4077079Z copying fixtures/captures/backend_failure/workload-result.json -> dynamo_diff-0.1.0/fixtures/captures/backend_failure
core (ubuntu-latest)	Build wheel and source archive	2026-09-07T17:18:56.4078733Z copying fixtures/captures/backend_failure/raw/dedicated_log_torch_trace_dhx_vygs.log -> dynamo_diff-0.1.0/fixtures/captures/backend_failure/raw
core (ubuntu-latest)	Build wheel and source archive	2026-09-07T17:18:56.4080497Z copying fixtures/captures/backend_failure/report/chromium_events.json -> dynamo_diff-0.1.0/fixtures/captures/backend_failure/report
core (ubuntu-latest)	Build wheel and source archive	2026-09-07T17:18:56.4082144Z copying fixtures/captures/backend_failure/report/compile_directory.json -> dynamo_diff-0.1.0/fixtures/captures/backend_failure/report
core (ubuntu-latest)	Build wheel and source archive	2026-09-07T17:18:56.4083800Z copying fixtures/captures/backend_failure/report/failures_and_restarts.html -> dynamo_diff-0.1.0/fixtures/captures/backend_failure/report
core (ubuntu-latest)	Build wheel and source archive	2026-09-07T17:18:56.4085394Z copying fixtures/captures/backend_failure/report/index.html -> dynamo_diff-0.1.0/fixtures/captures/backend_failure/report
core (ubuntu-latest)	Build wheel and source archive	2026-09-07T17:18:56.4087297Z copying fixtures/captures/backend_failure/report/raw.jsonl -> dynamo_diff-0.1.0/fixtures/captures/backend_failure/report
core (ubuntu-latest)	Build wheel and source archive	2026-09-07T17:18:56.4088920Z copying fixtures/captures/backend_failure/report/raw.log -> dynamo_diff-0.1.0/fixtures/captures/backend_failure/report
core (ubuntu-latest)	Build wheel and source archive	2026-09-07T17:18:56.4090578Z copying fixtures/captures/backend_failure/report/-_-_-_-/torch_version_0.json -> dynamo_diff-0.1.0/fixtures/captures/backend_failure/report/-_-_-_-
core (ubuntu-latest)	Build wheel and source archive	2026-09-07T17:18:56.4092447Z copying fixtures/captures/backend_failure/report/-_0_0_0/compilation_metrics_3.html -> dynamo_diff-0.1.0/fixtures/captures/backend_failure/report/-_0_0_0
core (ubuntu-latest)	Build wheel and source archive	2026-09-07T17:18:56.4094281Z copying fixtures/captures/backend_failure/report/-_0_0_0/dynamo_error_2.txt -> dynamo_diff-0.1.0/fixtures/captures/backend_failure/report/-_0_0_0
core (ubuntu-latest)	Build wheel and source archive	2026-09-07T17:18:56.4096164Z copying fixtures/captures/backend_failure/report/-_0_0_0/dynamo_output_graph_1.txt -> dynamo_diff-0.1.0/fixtures/captures/backend_failure/report/-_0_0_0
core (ubuntu-latest)	Build wheel and source archive	2026-09-07T17:18:56.4098325Z copying fixtures/captures/backend_failure/sources/compiler_cases.py -> dynamo_diff-0.1.0/fixtures/captures/backend_failure/sources
core (ubuntu-latest)	Build wheel and source archive	2026-09-07T17:18:56.4099787Z copying fixtures/captures/dynamic/conversion.txt -> dynamo_diff-0.1.0/fixtures/captures/dynamic
core (ubuntu-latest)	Build wheel and source archive	2026-09-07T17:18:56.4101037Z copying fixtures/captures/dynamic/manifest.json -> dynamo_diff-0.1.0/fixtures/captures/dynamic
core (ubuntu-latest)	Build wheel and source archive	2026-09-07T17:18:56.4102261Z copying fixtures/captures/dynamic/stderr.txt -> dynamo_diff-0.1.0/fixtures/captures/dynamic
core (ubuntu-latest)	Build wheel and source archive	2026-09-07T17:18:56.4103451Z copying fixtures/captures/dynamic/stdout.txt -> dynamo_diff-0.1.0/fixtures/captures/dynamic
core (ubuntu-latest)	Build wheel and source archive	2026-09-07T17:18:56.4104715Z copying fixtures/captures/dynamic/workload-result.json -> dynamo_diff-0.1.0/fixtures/captures/dynamic
core (ubuntu-latest)	Build wheel and source archive	2026-09-07T17:18:56.4106191Z copying fixtures/captures/dynamic/raw/dedicated_log_torch_trace_2_0mlr_o.log -> dynamo_diff-0.1.0/fixtures/captures/dynamic/raw
core (ubuntu-latest)	Build wheel and source archive	2026-09-07T17:18:56.4107939Z copying fixtures/captures/dynamic/report/chromium_events.json -> dynamo_diff-0.1.0/fixtures/captures/dynamic/report
core (ubuntu-latest)	Build wheel and source archive	2026-09-07T17:18:56.4109443Z copying fixtures/captures/dynamic/report/compile_directory.json -> dynamo_diff-0.1.0/fixtures/captures/dynamic/report
core (ubuntu-latest)	Build wheel and source archive	2026-09-07T17:18:56.4110979Z copying fixtures/captures/dynamic/report/failures_and_restarts.html -> dynamo_diff-0.1.0/fixtures/captures/dynamic/report
core (ubuntu-latest)	Build wheel and source archive	2026-09-07T17:18:56.4112689Z copying fixtures/captures/dynamic/report/index.html -> dynamo_diff-0.1.0/fixtures/captures/dynamic/report
core (ubuntu-latest)	Build wheel and source archive	2026-09-07T17:18:56.4113966Z copying fixtures/captures/dynamic/report/raw.jsonl -> dynamo_diff-0.1.0/fixtures/captures/dynamic/report
core (ubuntu-latest)	Build wheel and source archive	2026-09-07T17:18:56.4115261Z copying fixtures/captures/dynamic/report/raw.log -> dynamo_diff-0.1.0/fixtures/captures/dynamic/report
core (ubuntu-latest)	Build wheel and source archive	2026-09-07T17:18:56.4116903Z copying fixtures/captures/dynamic/report/-_-_-_-/torch_version_0.json -> dynamo_diff-0.1.0/fixtures/captures/dynamic/report/-_-_-_-
core (ubuntu-latest)	Build wheel and source archive	2026-09-07T17:18:56.4118605Z copying fixtures/captures/dynamic/report/-_0_0_0/compilation_metrics_3.html -> dynamo_diff-0.1.0/fixtures/captures/dynamic/report/-_0_0_0
core (ubuntu-latest)	Build wheel and source archive	2026-09-07T17:18:56.4120301Z copying fixtures/captures/dynamic/report/-_0_0_0/dynamo_cpp_guards_str_2.txt -> dynamo_diff-0.1.0/fixtures/captures/dynamic/report/-_0_0_0
core (ubuntu-latest)	Build wheel and source archive	2026-09-07T17:18:56.4121952Z copying fixtures/captures/dynamic/report/-_0_0_0/dynamo_output_graph_1.txt -> dynamo_diff-0.1.0/fixtures/captures/dynamic/report/-_0_0_0
core (ubuntu-latest)	Build wheel and source archive	2026-09-07T17:18:56.4123620Z copying fixtures/captures/dynamic/report/-_0_1_0/compilation_metrics_7.html -> dynamo_diff-0.1.0/fixtures/captures/dynamic/report/-_0_1_0
core (ubuntu-latest)	Build wheel and source archive	2026-09-07T17:18:56.4125265Z copying fixtures/captures/dynamic/report/-_0_1_0/dynamo_cpp_guards_str_6.txt -> dynamo_diff-0.1.0/fixtures/captures/dynamic/report/-_0_1_0
core (ubuntu-latest)	Build wheel and source archive	2026-09-07T17:18:56.4127069Z copying fixtures/captures/dynamic/report/-_0_1_0/dynamo_output_graph_5.txt -> dynamo_diff-0.1.0/fixtures/captures/dynamic/report/-_0_1_0
core (ubuntu-latest)	Build wheel and source archive	2026-09-07T17:18:56.4128811Z copying fixtures/captures/dynamic/report/-_0_1_0/recompile_reasons_4.json -> dynamo_diff-0.1.0/fixtures/captures/dynamic/report/-_0_1_0
core (ubuntu-latest)	Build wheel and source archive	2026-09-07T17:18:56.4130397Z copying fixtures/captures/dynamic/sources/compiler_cases.py -> dynamo_diff-0.1.0/fixtures/captures/dynamic/sources
core (ubuntu-latest)	Build wheel and source archive	2026-09-07T17:18:56.4131793Z copying fixtures/captures/edit_after/conversion.txt -> dynamo_diff-0.1.0/fixtures/captures/edit_after
core (ubuntu-latest)	Build wheel and source archive	2026-09-07T17:18:56.4133116Z copying fixtures/captures/edit_after/manifest.json -> dynamo_diff-0.1.0/fixtures/captures/edit_after
core (ubuntu-latest)	Build wheel and source archive	2026-09-07T17:18:56.4134411Z copying fixtures/captures/edit_after/stderr.txt -> dynamo_diff-0.1.0/fixtures/captures/edit_after
core (ubuntu-latest)	Build wheel and source archive	2026-09-07T17:18:56.4135662Z copying fixtures/captures/edit_after/stdout.txt -> dynamo_diff-0.1.0/fixtures/captures/edit_after
core (ubuntu-latest)	Build wheel and source archive	2026-09-07T17:18:56.4137147Z copying fixtures/captures/edit_after/workload-result.json -> dynamo_diff-0.1.0/fixtures/captures/edit_after
core (ubuntu-latest)	Build wheel and source archive	2026-09-07T17:18:56.4138690Z copying fixtures/captures/edit_after/raw/dedicated_log_torch_trace_u550j1sl.log -> dynamo_diff-0.1.0/fixtures/captures/edit_after/raw
core (ubuntu-latest)	Build wheel and source archive	2026-09-07T17:18:56.4140562Z copying fixtures/captures/edit_after/report/chromium_events.json -> dynamo_diff-0.1.0/fixtures/captures/edit_after/report
core (ubuntu-latest)	Build wheel and source archive	2026-09-07T17:18:56.4142273Z copying fixtures/captures/edit_after/report/compile_directory.json -> dynamo_diff-0.1.0/fixtures/captures/edit_after/report
core (ubuntu-latest)	Build wheel and source archive	2026-09-07T17:18:56.4143943Z copying fixtures/captures/edit_after/report/failures_and_restarts.html -> dynamo_diff-0.1.0/fixtures/captures/edit_after/report
core (ubuntu-latest)	Build wheel and source archive	2026-09-07T17:18:56.4145511Z copying fixtures/captures/edit_after/report/index.html -> dynamo_diff-0.1.0/fixtures/captures/edit_after/report
core (ubuntu-latest)	Build wheel and source archive	2026-09-07T17:18:56.4147098Z copying fixtures/captures/edit_after/report/raw.jsonl -> dynamo_diff-0.1.0/fixtures/captures/edit_after/report
core (ubuntu-latest)	Build wheel and source archive	2026-09-07T17:18:56.4148505Z copying fixtures/captures/edit_after/report/raw.log -> dynamo_diff-0.1.0/fixtures/captures/edit_after/report
core (ubuntu-latest)	Build wheel and source archive	2026-09-07T17:18:56.4149993Z copying fixtures/captures/edit_after/report/-_-_-_-/torch_version_0.json -> dynamo_diff-0.1.0/fixtures/captures/edit_after/report/-_-_-_-
core (ubuntu-latest)	Build wheel and source archive	2026-09-07T17:18:56.4151739Z copying fixtures/captures/edit_after/report/-_0_0_0/compilation_metrics_3.html -> dynamo_diff-0.1.0/fixtures/captures/edit_after/report/-_0_0_0
core (ubuntu-latest)	Build wheel and source archive	2026-09-07T17:18:56.4153489Z copying fixtures/captures/edit_after/report/-_0_0_0/dynamo_cpp_guards_str_2.txt -> dynamo_diff-0.1.0/fixtures/captures/edit_after/report/-_0_0_0
core (ubuntu-latest)	Build wheel and source archive	2026-09-07T17:18:56.4155287Z copying fixtures/captures/edit_after/report/-_0_0_0/dynamo_output_graph_1.txt -> dynamo_diff-0.1.0/fixtures/captures/edit_after/report/-_0_0_0
core (ubuntu-latest)	Build wheel and source archive	2026-09-07T17:18:56.4157465Z copying fixtures/captures/edit_after/report/-_1_0_0/compilation_metrics_6.html -> dynamo_diff-0.1.0/fixtures/captures/edit_after/report/-_1_0_0
core (ubuntu-latest)	Build wheel and source archive	2026-09-07T17:18:56.4159188Z copying fixtures/captures/edit_after/report/-_1_0_0/dynamo_cpp_guards_str_5.txt -> dynamo_diff-0.1.0/fixtures/captures/edit_after/report/-_1_0_0
core (ubuntu-latest)	Build wheel and source archive	2026-09-07T17:18:56.4160873Z copying fixtures/captures/edit_after/report/-_1_0_0/dynamo_output_graph_4.txt -> dynamo_diff-0.1.0/fixtures/captures/edit_after/report/-_1_0_0
core (ubuntu-latest)	Build wheel and source archive	2026-09-07T17:18:56.4162437Z copying fixtures/captures/edit_after/sources/model.py -> dynamo_diff-0.1.0/fixtures/captures/edit_after/sources
core (ubuntu-latest)	Build wheel and source archive	2026-09-07T17:18:56.4163806Z copying fixtures/captures/edit_before/conversion.txt -> dynamo_diff-0.1.0/fixtures/captures/edit_before
core (ubuntu-latest)	Build wheel and source archive	2026-09-07T17:18:56.4165117Z copying fixtures/captures/edit_before/manifest.json -> dynamo_diff-0.1.0/fixtures/captures/edit_before
core (ubuntu-latest)	Build wheel and source archive	2026-09-07T17:18:56.4166430Z copying fixtures/captures/edit_before/stderr.txt -> dynamo_diff-0.1.0/fixtures/captures/edit_before
core (ubuntu-latest)	Build wheel and source archive	2026-09-07T17:18:56.4167916Z copying fixtures/captures/edit_before/stdout.txt -> dynamo_diff-0.1.0/fixtures/captures/edit_before
core (ubuntu-latest)	Build wheel and source archive	2026-09-07T17:18:56.4169255Z copying fixtures/captures/edit_before/workload-result.json -> dynamo_diff-0.1.0/fixtures/captures/edit_before
core (ubuntu-latest)	Build wheel and source archive	2026-09-07T17:18:56.4170809Z copying fixtures/captures/edit_before/raw/dedicated_log_torch_trace_oy3d846h.log -> dynamo_diff-0.1.0/fixtures/captures/edit_before/raw
core (ubuntu-latest)	Build wheel and source archive	2026-09-07T17:18:56.4172468Z copying fixtures/captures/edit_before/report/chromium_events.json -> dynamo_diff-0.1.0/fixtures/captures/edit_before/report
core (ubuntu-latest)	Build wheel and source archive	2026-09-07T17:18:56.4174070Z copying fixtures/captures/edit_before/report/compile_directory.json -> dynamo_diff-0.1.0/fixtures/captures/edit_before/report
core (ubuntu-latest)	Build wheel and source archive	2026-09-07T17:18:56.4175700Z copying fixtures/captures/edit_before/report/failures_and_restarts.html -> dynamo_diff-0.1.0/fixtures/captures/edit_before/report
core (ubuntu-latest)	Build wheel and source archive	2026-09-07T17:18:56.4177453Z copying fixtures/captures/edit_before/report/index.html -> dynamo_diff-0.1.0/fixtures/captures/edit_before/report
core (ubuntu-latest)	Build wheel and source archive	2026-09-07T17:18:56.4178876Z copying fixtures/captures/edit_before/report/raw.jsonl -> dynamo_diff-0.1.0/fixtures/captures/edit_before/report
core (ubuntu-latest)	Build wheel and source archive	2026-09-07T17:18:56.4180276Z copying fixtures/captures/edit_before/report/raw.log -> dynamo_diff-0.1.0/fixtures/captures/edit_before/report
core (ubuntu-latest)	Build wheel and source archive	2026-09-07T17:18:56.4181812Z copying fixtures/captures/edit_before/report/-_-_-_-/torch_version_0.json -> dynamo_diff-0.1.0/fixtures/captures/edit_before/report/-_-_-_-
core (ubuntu-latest)	Build wheel and source archive	2026-09-07T17:18:56.4183836Z copying fixtures/captures/edit_before/report/-_0_0_0/compilation_metrics_3.html -> dynamo_diff-0.1.0/fixtures/captures/edit_before/report/-_0_0_0
core (ubuntu-latest)	Build wheel and source archive	2026-09-07T17:18:56.4185612Z copying fixtures/captures/edit_before/report/-_0_0_0/dynamo_cpp_guards_str_2.txt -> dynamo_diff-0.1.0/fixtures/captures/edit_before/report/-_0_0_0
core (ubuntu-latest)	Build wheel and source archive	2026-09-07T17:18:56.4187493Z copying fixtures/captures/edit_before/report/-_0_0_0/dynamo_output_graph_1.txt -> dynamo_diff-0.1.0/fixtures/captures/edit_before/report/-_0_0_0
core (ubuntu-latest)	Build wheel and source archive	2026-09-07T17:18:56.4189238Z copying fixtures/captures/edit_before/report/-_0_1_0/compilation_metrics_7.html -> dynamo_diff-0.1.0/fixtures/captures/edit_before/report/-_0_1_0
core (ubuntu-latest)	Build wheel and source archive	2026-09-07T17:18:56.4191004Z copying fixtures/captures/edit_before/report/-_0_1_0/dynamo_cpp_guards_str_6.txt -> dynamo_diff-0.1.0/fixtures/captures/edit_before/report/-_0_1_0
core (ubuntu-latest)	Build wheel and source archive	2026-09-07T17:18:56.4192769Z copying fixtures/captures/edit_before/report/-_0_1_0/dynamo_output_graph_5.txt -> dynamo_diff-0.1.0/fixtures/captures/edit_before/report/-_0_1_0
core (ubuntu-latest)	Build wheel and source archive	2026-09-07T17:18:56.4194512Z copying fixtures/captures/edit_before/report/-_0_1_0/recompile_reasons_4.json -> dynamo_diff-0.1.0/fixtures/captures/edit_before/report/-_0_1_0
core (ubuntu-latest)	Build wheel and source archive	2026-09-07T17:18:56.4196307Z copying fixtures/captures/edit_before/report/-_0_2_0/compilation_metrics_11.html -> dynamo_diff-0.1.0/fixtures/captures/edit_before/report/-_0_2_0
core (ubuntu-latest)	Build wheel and source archive	2026-09-07T17:18:56.4198510Z copying fixtures/captures/edit_before/report/-_0_2_0/dynamo_cpp_guards_str_10.txt -> dynamo_diff-0.1.0/fixtures/captures/edit_before/report/-_0_2_0
core (ubuntu-latest)	Build wheel and source archive	2026-09-07T17:18:56.4200312Z copying fixtures/captures/edit_before/report/-_0_2_0/dynamo_output_graph_9.txt -> dynamo_diff-0.1.0/fixtures/captures/edit_before/report/-_0_2_0
core (ubuntu-latest)	Build wheel and source archive	2026-09-07T17:18:56.4202024Z copying fixtures/captures/edit_before/report/-_0_2_0/recompile_reasons_8.json -> dynamo_diff-0.1.0/fixtures/captures/edit_before/report/-_0_2_0
core (ubuntu-latest)	Build wheel and source archive	2026-09-07T17:18:56.4203647Z copying fixtures/captures/edit_before/sources/model.py -> dynamo_diff-0.1.0/fixtures/captures/edit_before/sources
core (ubuntu-latest)	Build wheel and source archive	2026-09-07T17:18:56.4204964Z copying fixtures/captures/grad/conversion.txt -> dynamo_diff-0.1.0/fixtures/captures/grad
core (ubuntu-latest)	Build wheel and source archive	2026-09-07T17:18:56.4206138Z copying fixtures/captures/grad/manifest.json -> dynamo_diff-0.1.0/fixtures/captures/grad
core (ubuntu-latest)	Build wheel and source archive	2026-09-07T17:18:56.4207468Z copying fixtures/captures/grad/stderr.txt -> dynamo_diff-0.1.0/fixtures/captures/grad
core (ubuntu-latest)	Build wheel and source archive	2026-09-07T17:18:56.4208569Z copying fixtures/captures/grad/stdout.txt -> dynamo_diff-0.1.0/fixtures/captures/grad
core (ubuntu-latest)	Build wheel and source archive	2026-09-07T17:18:56.4209734Z copying fixtures/captures/grad/workload-result.json -> dynamo_diff-0.1.0/fixtures/captures/grad
core (ubuntu-latest)	Build wheel and source archive	2026-09-07T17:18:56.4211146Z copying fixtures/captures/grad/raw/dedicated_log_torch_trace_cgjupozt.log -> dynamo_diff-0.1.0/fixtures/captures/grad/raw
core (ubuntu-latest)	Build wheel and source archive	2026-09-07T17:18:56.4212630Z copying fixtures/captures/grad/report/chromium_events.json -> dynamo_diff-0.1.0/fixtures/captures/grad/report
core (ubuntu-latest)	Build wheel and source archive	2026-09-07T17:18:56.4214068Z copying fixtures/captures/grad/report/compile_directory.json -> dynamo_diff-0.1.0/fixtures/captures/grad/report
core (ubuntu-latest)	Build wheel and source archive	2026-09-07T17:18:56.4215544Z copying fixtures/captures/grad/report/failures_and_restarts.html -> dynamo_diff-0.1.0/fixtures/captures/grad/report
core (ubuntu-latest)	Build wheel and source archive	2026-09-07T17:18:56.4217090Z copying fixtures/captures/grad/report/index.html -> dynamo_diff-0.1.0/fixtures/captures/grad/report
core (ubuntu-latest)	Build wheel and source archive	2026-09-07T17:18:56.4218385Z copying fixtures/captures/grad/report/raw.jsonl -> dynamo_diff-0.1.0/fixtures/captures/grad/report
core (ubuntu-latest)	Build wheel and source archive	2026-09-07T17:18:56.4219646Z copying fixtures/captures/grad/report/raw.log -> dynamo_diff-0.1.0/fixtures/captures/grad/report
core (ubuntu-latest)	Build wheel and source archive	2026-09-07T17:18:56.4221043Z copying fixtures/captures/grad/report/-_-_-_-/torch_version_0.json -> dynamo_diff-0.1.0/fixtures/captures/grad/report/-_-_-_-
core (ubuntu-latest)	Build wheel and source archive	2026-09-07T17:18:56.4222639Z copying fixtures/captures/grad/report/-_0_0_0/compilation_metrics_3.html -> dynamo_diff-0.1.0/fixtures/captures/grad/report/-_0_0_0
core (ubuntu-latest)	Build wheel and source archive	2026-09-07T17:18:56.4224249Z copying fixtures/captures/grad/report/-_0_0_0/dynamo_cpp_guards_str_2.txt -> dynamo_diff-0.1.0/fixtures/captures/grad/report/-_0_0_0
core (ubuntu-latest)	Build wheel and source archive	2026-09-07T17:18:56.4226074Z copying fixtures/captures/grad/report/-_0_0_0/dynamo_output_graph_1.txt -> dynamo_diff-0.1.0/fixtures/captures/grad/report/-_0_0_0
core (ubuntu-latest)	Build wheel and source archive	2026-09-07T17:18:56.4227875Z copying fixtures/captures/grad/report/-_0_1_0/compilation_metrics_7.html -> dynamo_diff-0.1.0/fixtures/captures/grad/report/-_0_1_0
core (ubuntu-latest)	Build wheel and source archive	2026-09-07T17:18:56.4229495Z copying fixtures/captures/grad/report/-_0_1_0/dynamo_cpp_guards_str_6.txt -> dynamo_diff-0.1.0/fixtures/captures/grad/report/-_0_1_0
core (ubuntu-latest)	Build wheel and source archive	2026-09-07T17:18:56.4231080Z copying fixtures/captures/grad/report/-_0_1_0/dynamo_output_graph_5.txt -> dynamo_diff-0.1.0/fixtures/captures/grad/report/-_0_1_0
core (ubuntu-latest)	Build wheel and source archive	2026-09-07T17:18:56.4232664Z copying fixtures/captures/grad/report/-_0_1_0/recompile_reasons_4.json -> dynamo_diff-0.1.0/fixtures/captures/grad/report/-_0_1_0
core (ubuntu-latest)	Build wheel and source archive	2026-09-07T17:18:56.4234161Z copying fixtures/captures/grad/sources/compiler_cases.py -> dynamo_diff-0.1.0/fixtures/captures/grad/sources
core (ubuntu-latest)	Build wheel and source archive	2026-09-07T17:18:56.4235558Z copying fixtures/captures/graph_break/conversion.txt -> dynamo_diff-0.1.0/fixtures/captures/graph_break
core (ubuntu-latest)	Build wheel and source archive	2026-09-07T17:18:56.4237047Z copying fixtures/captures/graph_break/manifest.json -> dynamo_diff-0.1.0/fixtures/captures/graph_break
core (ubuntu-latest)	Build wheel and source archive	2026-09-07T17:18:56.4238376Z copying fixtures/captures/graph_break/stderr.txt -> dynamo_diff-0.1.0/fixtures/captures/graph_break
core (ubuntu-latest)	Build wheel and source archive	2026-09-07T17:18:56.4239603Z copying fixtures/captures/graph_break/stdout.txt -> dynamo_diff-0.1.0/fixtures/captures/graph_break
core (ubuntu-latest)	Build wheel and source archive	2026-09-07T17:18:56.4241231Z copying fixtures/captures/graph_break/workload-result.json -> dynamo_diff-0.1.0/fixtures/captures/graph_break
core (ubuntu-latest)	Build wheel and source archive	2026-09-07T17:18:56.4242741Z copying fixtures/captures/graph_break/raw/dedicated_log_torch_trace_sam21mqs.log -> dynamo_diff-0.1.0/fixtures/captures/graph_break/raw
core (ubuntu-latest)	Build wheel and source archive	2026-09-07T17:18:56.4244344Z copying fixtures/captures/graph_break/report/chromium_events.json -> dynamo_diff-0.1.0/fixtures/captures/graph_break/report
core (ubuntu-latest)	Build wheel and source archive	2026-09-07T17:18:56.4245968Z copying fixtures/captures/graph_break/report/compile_directory.json -> dynamo_diff-0.1.0/fixtures/captures/graph_break/report
core (ubuntu-latest)	Build wheel and source archive	2026-09-07T17:18:56.4247804Z copying fixtures/captures/graph_break/report/failures_and_restarts.html -> dynamo_diff-0.1.0/fixtures/captures/graph_break/report
core (ubuntu-latest)	Build wheel and source archive	2026-09-07T17:18:56.4249342Z copying fixtures/captures/graph_break/report/index.html -> dynamo_diff-0.1.0/fixtures/captures/graph_break/report
core (ubuntu-latest)	Build wheel and source archive	2026-09-07T17:18:56.4250783Z copying fixtures/captures/graph_break/report/raw.jsonl -> dynamo_diff-0.1.0/fixtures/captures/graph_break/report
core (ubuntu-latest)	Build wheel and source archive	2026-09-07T17:18:56.4252210Z copying fixtures/captures/graph_break/report/raw.log -> dynamo_diff-0.1.0/fixtures/captures/graph_break/report
core (ubuntu-latest)	Build wheel and source archive	2026-09-07T17:18:56.4253878Z copying fixtures/captures/graph_break/report/-_-_-_-/torch_version_0.json -> dynamo_diff-0.1.0/fixtures/captures/graph_break/report/-_-_-_-
core (ubuntu-latest)	Build wheel and source archive	2026-09-07T17:18:56.4255632Z copying fixtures/captures/graph_break/report/-_0_0_0/dynamo_graph_break_reason_1.txt -> dynamo_diff-0.1.0/fixtures/captures/graph_break/report/-_0_0_0
core (ubuntu-latest)	Build wheel and source archive	2026-09-07T17:18:56.4257676Z copying fixtures/captures/graph_break/report/-_0_0_1/compilation_metrics_4.html -> dynamo_diff-0.1.0/fixtures/captures/graph_break/report/-_0_0_1
core (ubuntu-latest)	Build wheel and source archive	2026-09-07T17:18:56.4259437Z copying fixtures/captures/graph_break/report/-_0_0_1/dynamo_cpp_guards_str_3.txt -> dynamo_diff-0.1.0/fixtures/captures/graph_break/report/-_0_0_1
core (ubuntu-latest)	Build wheel and source archive	2026-09-07T17:18:56.4261178Z copying fixtures/captures/graph_break/report/-_0_0_1/dynamo_output_graph_2.txt -> dynamo_diff-0.1.0/fixtures/captures/graph_break/report/-_0_0_1
core (ubuntu-latest)	Build wheel and source archive	2026-09-07T17:18:56.4262975Z copying fixtures/captures/graph_break/report/-_1_0_0/compilation_metrics_9.html -> dynamo_diff-0.1.0/fixtures/captures/graph_break/report/-_1_0_0
core (ubuntu-latest)	Build wheel and source archive	2026-09-07T17:18:56.4264736Z copying fixtures/captures/graph_break/report/-_1_0_0/dynamo_cpp_guards_str_8.txt -> dynamo_diff-0.1.0/fixtures/captures/graph_break/report/-_1_0_0
core (ubuntu-latest)	Build wheel and source archive	2026-09-07T17:18:56.4266473Z copying fixtures/captures/graph_break/report/-_1_0_0/dynamo_output_graph_6.txt -> dynamo_diff-0.1.0/fixtures/captures/graph_break/report/-_1_0_0
core (ubuntu-latest)	Build wheel and source archive	2026-09-07T17:18:56.4268910Z copying fixtures/captures/graph_break/report/-_1_0_0/torch_dynamo_resume_in_graph_break_compute_at_22_MODIFIED_BYTECODE_7.txt -> dynamo_diff-0.1.0/fixtures/captures/graph_break/report/-_1_0_0
core (ubuntu-latest)	Build wheel and source archive	2026-09-07T17:18:56.4271126Z copying fixtures/captures/graph_break/report/-_1_0_0/torch_dynamo_resume_in_graph_break_compute_at_22_ORIGINAL_BYTECODE_5.txt -> dynamo_diff-0.1.0/fixtures/captures/graph_break/report/-_1_0_0
core (ubuntu-latest)	Build wheel and source archive	2026-09-07T17:18:56.4273080Z copying fixtures/captures/graph_break/sources/compiler_cases.py -> dynamo_diff-0.1.0/fixtures/captures/graph_break/sources
core (ubuntu-latest)	Build wheel and source archive	2026-09-07T17:18:56.4274505Z copying fixtures/captures/identity/conversion.txt -> dynamo_diff-0.1.0/fixtures/captures/identity
core (ubuntu-latest)	Build wheel and source archive	2026-09-07T17:18:56.4275776Z copying fixtures/captures/identity/manifest.json -> dynamo_diff-0.1.0/fixtures/captures/identity
core (ubuntu-latest)	Build wheel and source archive	2026-09-07T17:18:56.4277186Z copying fixtures/captures/identity/stderr.txt -> dynamo_diff-0.1.0/fixtures/captures/identity
core (ubuntu-latest)	Build wheel and source archive	2026-09-07T17:18:56.4278403Z copying fixtures/captures/identity/stdout.txt -> dynamo_diff-0.1.0/fixtures/captures/identity
core (ubuntu-latest)	Build wheel and source archive	2026-09-07T17:18:56.4279656Z copying fixtures/captures/identity/workload-result.json -> dynamo_diff-0.1.0/fixtures/captures/identity
core (ubuntu-latest)	Build wheel and source archive	2026-09-07T17:18:56.4281148Z copying fixtures/captures/identity/raw/dedicated_log_torch_trace_ddfbqjww.log -> dynamo_diff-0.1.0/fixtures/captures/identity/raw
core (ubuntu-latest)	Build wheel and source archive	2026-09-07T17:18:56.4282660Z copying fixtures/captures/identity/report/chromium_events.json -> dynamo_diff-0.1.0/fixtures/captures/identity/report
core (ubuntu-latest)	Build wheel and source archive	2026-09-07T17:18:56.4284398Z copying fixtures/captures/identity/report/compile_directory.json -> dynamo_diff-0.1.0/fixtures/captures/identity/report
core (ubuntu-latest)	Build wheel and source archive	2026-09-07T17:18:56.4285938Z copying fixtures/captures/identity/report/failures_and_restarts.html -> dynamo_diff-0.1.0/fixtures/captures/identity/report
core (ubuntu-latest)	Build wheel and source archive	2026-09-07T17:18:56.4287637Z copying fixtures/captures/identity/report/index.html -> dynamo_diff-0.1.0/fixtures/captures/identity/report
core (ubuntu-latest)	Build wheel and source archive	2026-09-07T17:18:56.4289016Z copying fixtures/captures/identity/report/raw.jsonl -> dynamo_diff-0.1.0/fixtures/captures/identity/report
core (ubuntu-latest)	Build wheel and source archive	2026-09-07T17:18:56.4290362Z copying fixtures/captures/identity/report/raw.log -> dynamo_diff-0.1.0/fixtures/captures/identity/report
core (ubuntu-latest)	Build wheel and source archive	2026-09-07T17:18:56.4291869Z copying fixtures/captures/identity/report/-_-_-_-/torch_version_0.json -> dynamo_diff-0.1.0/fixtures/captures/identity/report/-_-_-_-
core (ubuntu-latest)	Build wheel and source archive	2026-09-07T17:18:56.4293578Z copying fixtures/captures/identity/report/-_0_0_0/compilation_metrics_3.html -> dynamo_diff-0.1.0/fixtures/captures/identity/report/-_0_0_0
core (ubuntu-latest)	Build wheel and source archive	2026-09-07T17:18:56.4295454Z copying fixtures/captures/identity/report/-_0_0_0/dynamo_cpp_guards_str_2.txt -> dynamo_diff-0.1.0/fixtures/captures/identity/report/-_0_0_0
core (ubuntu-latest)	Build wheel and source archive	2026-09-07T17:18:56.4297394Z copying fixtures/captures/identity/report/-_0_0_0/dynamo_output_graph_1.txt -> dynamo_diff-0.1.0/fixtures/captures/identity/report/-_0_0_0
core (ubuntu-latest)	Build wheel and source archive	2026-09-07T17:18:56.4299131Z copying fixtures/captures/identity/report/-_0_1_0/compilation_metrics_7.html -> dynamo_diff-0.1.0/fixtures/captures/identity/report/-_0_1_0
core (ubuntu-latest)	Build wheel and source archive	2026-09-07T17:18:56.4300838Z copying fixtures/captures/identity/report/-_0_1_0/dynamo_cpp_guards_str_6.txt -> dynamo_diff-0.1.0/fixtures/captures/identity/report/-_0_1_0
core (ubuntu-latest)	Build wheel and source archive	2026-09-07T17:18:56.4302527Z copying fixtures/captures/identity/report/-_0_1_0/dynamo_output_graph_5.txt -> dynamo_diff-0.1.0/fixtures/captures/identity/report/-_0_1_0
core (ubuntu-latest)	Build wheel and source archive	2026-09-07T17:18:56.4304241Z copying fixtures/captures/identity/report/-_0_1_0/recompile_reasons_4.json -> dynamo_diff-0.1.0/fixtures/captures/identity/report/-_0_1_0
core (ubuntu-latest)	Build wheel and source archive	2026-09-07T17:18:56.4306006Z copying fixtures/captures/identity/report/-_0_2_0/compilation_metrics_11.html -> dynamo_diff-0.1.0/fixtures/captures/identity/report/-_0_2_0
core (ubuntu-latest)	Build wheel and source archive	2026-09-07T17:18:56.4307917Z copying fixtures/captures/identity/report/-_0_2_0/dynamo_cpp_guards_str_10.txt -> dynamo_diff-0.1.0/fixtures/captures/identity/report/-_0_2_0
core (ubuntu-latest)	Build wheel and source archive	2026-09-07T17:18:56.4309564Z copying fixtures/captures/identity/report/-_0_2_0/dynamo_output_graph_9.txt -> dynamo_diff-0.1.0/fixtures/captures/identity/report/-_0_2_0
core (ubuntu-latest)	Build wheel and source archive	2026-09-07T17:18:56.4311488Z copying fixtures/captures/identity/report/-_0_2_0/recompile_reasons_8.json -> dynamo_diff-0.1.0/fixtures/captures/identity/report/-_0_2_0
core (ubuntu-latest)	Build wheel and source archive	2026-09-07T17:18:56.4313107Z copying fixtures/captures/identity/sources/compiler_cases.py -> dynamo_diff-0.1.0/fixtures/captures/identity/sources
core (ubuntu-latest)	Build wheel and source archive	2026-09-07T17:18:56.4314627Z copying fixtures/captures/identity_partitioned/conversion.txt -> dynamo_diff-0.1.0/fixtures/captures/identity_partitioned
core (ubuntu-latest)	Build wheel and source archive	2026-09-07T17:18:56.4316187Z copying fixtures/captures/identity_partitioned/manifest.json -> dynamo_diff-0.1.0/fixtures/captures/identity_partitioned
core (ubuntu-latest)	Build wheel and source archive	2026-09-07T17:18:56.4318286Z copying fixtures/captures/identity_partitioned/stderr.txt -> dynamo_diff-0.1.0/fixtures/captures/identity_partitioned
core (ubuntu-latest)	Build wheel and source archive	2026-09-07T17:18:56.4319768Z copying fixtures/captures/identity_partitioned/stdout.txt -> dynamo_diff-0.1.0/fixtures/captures/identity_partitioned
core (ubuntu-latest)	Build wheel and source archive	2026-09-07T17:18:56.4321283Z copying fixtures/captures/identity_partitioned/workload-result.json -> dynamo_diff-0.1.0/fixtures/captures/identity_partitioned
core (ubuntu-latest)	Build wheel and source archive	2026-09-07T17:18:56.4323018Z copying fixtures/captures/identity_partitioned/raw/dedicated_log_torch_trace_y2569el1.log -> dynamo_diff-0.1.0/fixtures/captures/identity_partitioned/raw
core (ubuntu-latest)	Build wheel and source archive	2026-09-07T17:18:56.4324865Z copying fixtures/captures/identity_partitioned/report/chromium_events.json -> dynamo_diff-0.1.0/fixtures/captures/identity_partitioned/report
core (ubuntu-latest)	Build wheel and source archive	2026-09-07T17:18:56.4326856Z copying fixtures/captures/identity_partitioned/report/compile_directory.json -> dynamo_diff-0.1.0/fixtures/captures/identity_partitioned/report
core (ubuntu-latest)	Build wheel and source archive	2026-09-07T17:18:56.4328977Z copying fixtures/captures/identity_partitioned/report/failures_and_restarts.html -> dynamo_diff-0.1.0/fixtures/captures/identity_partitioned/report
core (ubuntu-latest)	Build wheel and source archive	2026-09-07T17:18:56.4330729Z copying fixtures/captures/identity_partitioned/report/index.html -> dynamo_diff-0.1.0/fixtures/captures/identity_partitioned/report
core (ubuntu-latest)	Build wheel and source archive	2026-09-07T17:18:56.4332367Z copying fixtures/captures/identity_partitioned/report/raw.jsonl -> dynamo_diff-0.1.0/fixtures/captures/identity_partitioned/report
core (ubuntu-latest)	Build wheel and source archive	2026-09-07T17:18:56.4333994Z copying fixtures/captures/identity_partitioned/report/raw.log -> dynamo_diff-0.1.0/fixtures/captures/identity_partitioned/report
core (ubuntu-latest)	Build wheel and source archive	2026-09-07T17:18:56.4335756Z copying fixtures/captures/identity_partitioned/report/-_-_-_-/torch_version_0.json -> dynamo_diff-0.1.0/fixtures/captures/identity_partitioned/report/-_-_-_-
core (ubuntu-latest)	Build wheel and source archive	2026-09-07T17:18:56.4337889Z copying fixtures/captures/identity_partitioned/report/-_0_0_0/compilation_metrics_3.html -> dynamo_diff-0.1.0/fixtures/captures/identity_partitioned/report/-_0_0_0
core (ubuntu-latest)	Build wheel and source archive	2026-09-07T17:18:56.4339940Z copying fixtures/captures/identity_partitioned/report/-_0_0_0/dynamo_cpp_guards_str_2.txt -> dynamo_diff-0.1.0/fixtures/captures/identity_partitioned/report/-_0_0_0
core (ubuntu-latest)	Build wheel and source archive	2026-09-07T17:18:56.4341910Z copying fixtures/captures/identity_partitioned/report/-_0_0_0/dynamo_output_graph_1.txt -> dynamo_diff-0.1.0/fixtures/captures/identity_partitioned/report/-_0_0_0
core (ubuntu-latest)	Build wheel and source archive	2026-09-07T17:18:56.4343873Z copying fixtures/captures/identity_partitioned/report/-_0_1_0/compilation_metrics_6.html -> dynamo_diff-0.1.0/fixtures/captures/identity_partitioned/report/-_0_1_0
core (ubuntu-latest)	Build wheel and source archive	2026-09-07T17:18:56.4345875Z copying fixtures/captures/identity_partitioned/report/-_0_1_0/dynamo_cpp_guards_str_5.txt -> dynamo_diff-0.1.0/fixtures/captures/identity_partitioned/report/-_0_1_0
core (ubuntu-latest)	Build wheel and source archive	2026-09-07T17:18:56.4348151Z copying fixtures/captures/identity_partitioned/report/-_0_1_0/dynamo_output_graph_4.txt -> dynamo_diff-0.1.0/fixtures/captures/identity_partitioned/report/-_0_1_0
core (ubuntu-latest)	Build wheel and source archive	2026-09-07T17:18:56.4350125Z copying fixtures/captures/identity_partitioned/report/-_0_2_0/compilation_metrics_9.html -> dynamo_diff-0.1.0/fixtures/captures/identity_partitioned/report/-_0_2_0
core (ubuntu-latest)	Build wheel and source archive	2026-09-07T17:18:56.4352084Z copying fixtures/captures/identity_partitioned/report/-_0_2_0/dynamo_cpp_guards_str_8.txt -> dynamo_diff-0.1.0/fixtures/captures/identity_partitioned/report/-_0_2_0
core (ubuntu-latest)	Build wheel and source archive	2026-09-07T17:18:56.4354033Z copying fixtures/captures/identity_partitioned/report/-_0_2_0/dynamo_output_graph_7.txt -> dynamo_diff-0.1.0/fixtures/captures/identity_partitioned/report/-_0_2_0
core (ubuntu-latest)	Build wheel and source archive	2026-09-07T17:18:56.4356104Z copying fixtures/captures/identity_partitioned/sources/compiler_cases.py -> dynamo_diff-0.1.0/fixtures/captures/identity_partitioned/sources
core (ubuntu-latest)	Build wheel and source archive	2026-09-07T17:18:56.4357780Z copying fixtures/captures/limit/conversion.txt -> dynamo_diff-0.1.0/fixtures/captures/limit
core (ubuntu-latest)	Build wheel and source archive	2026-09-07T17:18:56.4359010Z copying fixtures/captures/limit/manifest.json -> dynamo_diff-0.1.0/fixtures/captures/limit
core (ubuntu-latest)	Build wheel and source archive	2026-09-07T17:18:56.4360144Z copying fixtures/captures/limit/stderr.txt -> dynamo_diff-0.1.0/fixtures/captures/limit
core (ubuntu-latest)	Build wheel and source archive	2026-09-07T17:18:56.4361237Z copying fixtures/captures/limit/stdout.txt -> dynamo_diff-0.1.0/fixtures/captures/limit
core (ubuntu-latest)	Build wheel and source archive	2026-09-07T17:18:56.4362418Z copying fixtures/captures/limit/workload-result.json -> dynamo_diff-0.1.0/fixtures/captures/limit
core (ubuntu-latest)	Build wheel and source archive	2026-09-07T17:18:56.4363811Z copying fixtures/captures/limit/raw/dedicated_log_torch_trace_j2999d7f.log -> dynamo_diff-0.1.0/fixtures/captures/limit/raw
core (ubuntu-latest)	Build wheel and source archive	2026-09-07T17:18:56.4365305Z copying fixtures/captures/limit/report/chromium_events.json -> dynamo_diff-0.1.0/fixtures/captures/limit/report
core (ubuntu-latest)	Build wheel and source archive	2026-09-07T17:18:56.4366909Z copying fixtures/captures/limit/report/compile_directory.json -> dynamo_diff-0.1.0/fixtures/captures/limit/report
core (ubuntu-latest)	Build wheel and source archive	2026-09-07T17:18:56.4368417Z copying fixtures/captures/limit/report/failures_and_restarts.html -> dynamo_diff-0.1.0/fixtures/captures/limit/report
core (ubuntu-latest)	Build wheel and source archive	2026-09-07T17:18:56.4370033Z copying fixtures/captures/limit/report/index.html -> dynamo_diff-0.1.0/fixtures/captures/limit/report
core (ubuntu-latest)	Build wheel and source archive	2026-09-07T17:18:56.4371310Z copying fixtures/captures/limit/report/raw.jsonl -> dynamo_diff-0.1.0/fixtures/captures/limit/report
core (ubuntu-latest)	Build wheel and source archive	2026-09-07T17:18:56.4372554Z copying fixtures/captures/limit/report/raw.log -> dynamo_diff-0.1.0/fixtures/captures/limit/report
core (ubuntu-latest)	Build wheel and source archive	2026-09-07T17:18:56.4373956Z copying fixtures/captures/limit/report/-_-_-_-/torch_version_0.json -> dynamo_diff-0.1.0/fixtures/captures/limit/report/-_-_-_-
core (ubuntu-latest)	Build wheel and source archive	2026-09-07T17:18:56.4375536Z copying fixtures/captures/limit/report/-_0_0_0/compilation_metrics_3.html -> dynamo_diff-0.1.0/fixtures/captures/limit/report/-_0_0_0
core (ubuntu-latest)	Build wheel and source archive	2026-09-07T17:18:56.4377337Z copying fixtures/captures/limit/report/-_0_0_0/dynamo_cpp_guards_str_2.txt -> dynamo_diff-0.1.0/fixtures/captures/limit/report/-_0_0_0
core (ubuntu-latest)	Build wheel and source archive	2026-09-07T17:18:56.4378967Z copying fixtures/captures/limit/report/-_0_0_0/dynamo_output_graph_1.txt -> dynamo_diff-0.1.0/fixtures/captures/limit/report/-_0_0_0
core (ubuntu-latest)	Build wheel and source archive	2026-09-07T17:18:56.4380573Z copying fixtures/captures/limit/report/-_0_1_0/compilation_metrics_7.html -> dynamo_diff-0.1.0/fixtures/captures/limit/report/-_0_1_0
core (ubuntu-latest)	Build wheel and source archive	2026-09-07T17:18:56.4382180Z copying fixtures/captures/limit/report/-_0_1_0/dynamo_cpp_guards_str_6.txt -> dynamo_diff-0.1.0/fixtures/captures/limit/report/-_0_1_0
core (ubuntu-latest)	Build wheel and source archive	2026-09-07T17:18:56.4383739Z copying fixtures/captures/limit/report/-_0_1_0/dynamo_output_graph_5.txt -> dynamo_diff-0.1.0/fixtures/captures/limit/report/-_0_1_0
core (ubuntu-latest)	Build wheel and source archive	2026-09-07T17:18:56.4385297Z copying fixtures/captures/limit/report/-_0_1_0/recompile_reasons_4.json -> dynamo_diff-0.1.0/fixtures/captures/limit/report/-_0_1_0
core (ubuntu-latest)	Build wheel and source archive	2026-09-07T17:18:56.4387073Z copying fixtures/captures/limit/report/-_0_2_0/compilation_metrics_9.html -> dynamo_diff-0.1.0/fixtures/captures/limit/report/-_0_2_0
core (ubuntu-latest)	Build wheel and source archive	2026-09-07T17:18:56.4470523Z copying fixtures/captures/limit/report/-_0_2_0/recompile_reasons_8.json -> dynamo_diff-0.1.0/fixtures/captures/limit/report/-_0_2_0
core (ubuntu-latest)	Build wheel and source archive	2026-09-07T17:18:56.4472178Z copying fixtures/captures/limit/sources/compiler_cases.py -> dynamo_diff-0.1.0/fixtures/captures/limit/sources
core (ubuntu-latest)	Build wheel and source archive	2026-09-07T17:18:56.4473669Z copying fixtures/captures/multiple_guards/conversion.txt -> dynamo_diff-0.1.0/fixtures/captures/multiple_guards
core (ubuntu-latest)	Build wheel and source archive	2026-09-07T17:18:56.4475072Z copying fixtures/captures/multiple_guards/manifest.json -> dynamo_diff-0.1.0/fixtures/captures/multiple_guards
core (ubuntu-latest)	Build wheel and source archive	2026-09-07T17:18:56.4476441Z copying fixtures/captures/multiple_guards/stderr.txt -> dynamo_diff-0.1.0/fixtures/captures/multiple_guards
core (ubuntu-latest)	Build wheel and source archive	2026-09-07T17:18:56.4478786Z copying fixtures/captures/multiple_guards/stdout.txt -> dynamo_diff-0.1.0/fixtures/captures/multiple_guards
core (ubuntu-latest)	Build wheel and source archive	2026-09-07T17:18:56.4480237Z copying fixtures/captures/multiple_guards/workload-result.json -> dynamo_diff-0.1.0/fixtures/captures/multiple_guards
core (ubuntu-latest)	Build wheel and source archive	2026-09-07T17:18:56.4481894Z copying fixtures/captures/multiple_guards/raw/dedicated_log_torch_trace_pdh9d9y2.log -> dynamo_diff-0.1.0/fixtures/captures/multiple_guards/raw
core (ubuntu-latest)	Build wheel and source archive	2026-09-07T17:18:56.4483633Z copying fixtures/captures/multiple_guards/report/chromium_events.json -> dynamo_diff-0.1.0/fixtures/captures/multiple_guards/report
core (ubuntu-latest)	Build wheel and source archive	2026-09-07T17:18:56.4485317Z copying fixtures/captures/multiple_guards/report/compile_directory.json -> dynamo_diff-0.1.0/fixtures/captures/multiple_guards/report
core (ubuntu-latest)	Build wheel and source archive	2026-09-07T17:18:56.4487183Z copying fixtures/captures/multiple_guards/report/failures_and_restarts.html -> dynamo_diff-0.1.0/fixtures/captures/multiple_guards/report
core (ubuntu-latest)	Build wheel and source archive	2026-09-07T17:18:56.4488832Z copying fixtures/captures/multiple_guards/report/index.html -> dynamo_diff-0.1.0/fixtures/captures/multiple_guards/report
core (ubuntu-latest)	Build wheel and source archive	2026-09-07T17:18:56.4490362Z copying fixtures/captures/multiple_guards/report/raw.jsonl -> dynamo_diff-0.1.0/fixtures/captures/multiple_guards/report
core (ubuntu-latest)	Build wheel and source archive	2026-09-07T17:18:56.4491842Z copying fixtures/captures/multiple_guards/report/raw.log -> dynamo_diff-0.1.0/fixtures/captures/multiple_guards/report
core (ubuntu-latest)	Build wheel and source archive	2026-09-07T17:18:56.4493583Z copying fixtures/captures/multiple_guards/report/-_-_-_-/torch_version_0.json -> dynamo_diff-0.1.0/fixtures/captures/multiple_guards/report/-_-_-_-
core (ubuntu-latest)	Build wheel and source archive	2026-09-07T17:18:56.4495656Z copying fixtures/captures/multiple_guards/report/-_0_0_0/compilation_metrics_3.html -> dynamo_diff-0.1.0/fixtures/captures/multiple_guards/report/-_0_0_0
core (ubuntu-latest)	Build wheel and source archive	2026-09-07T17:18:56.4497747Z copying fixtures/captures/multiple_guards/report/-_0_0_0/dynamo_cpp_guards_str_2.txt -> dynamo_diff-0.1.0/fixtures/captures/multiple_guards/report/-_0_0_0
core (ubuntu-latest)	Build wheel and source archive	2026-09-07T17:18:56.4499598Z copying fixtures/captures/multiple_guards/report/-_0_0_0/dynamo_output_graph_1.txt -> dynamo_diff-0.1.0/fixtures/captures/multiple_guards/report/-_0_0_0
core (ubuntu-latest)	Build wheel and source archive	2026-09-07T17:18:56.4501423Z copying fixtures/captures/multiple_guards/report/-_0_1_0/compilation_metrics_7.html -> dynamo_diff-0.1.0/fixtures/captures/multiple_guards/report/-_0_1_0
core (ubuntu-latest)	Build wheel and source archive	2026-09-07T17:18:56.4503263Z copying fixtures/captures/multiple_guards/report/-_0_1_0/dynamo_cpp_guards_str_6.txt -> dynamo_diff-0.1.0/fixtures/captures/multiple_guards/report/-_0_1_0
core (ubuntu-latest)	Build wheel and source archive	2026-09-07T17:18:56.4505089Z copying fixtures/captures/multiple_guards/report/-_0_1_0/dynamo_output_graph_5.txt -> dynamo_diff-0.1.0/fixtures/captures/multiple_guards/report/-_0_1_0
core (ubuntu-latest)	Build wheel and source archive	2026-09-07T17:18:56.4507213Z copying fixtures/captures/multiple_guards/report/-_0_1_0/recompile_reasons_4.json -> dynamo_diff-0.1.0/fixtures/captures/multiple_guards/report/-_0_1_0
core (ubuntu-latest)	Build wheel and source archive	2026-09-07T17:18:56.4508930Z copying fixtures/captures/multiple_guards/report/-_0_2_0/compilation_metrics_11.html -> dynamo_diff-0.1.0/fixtures/captures/multiple_guards/report/-_0_2_0
core (ubuntu-latest)	Build wheel and source archive	2026-09-07T17:18:56.4510559Z copying fixtures/captures/multiple_guards/report/-_0_2_0/dynamo_cpp_guards_str_10.txt -> dynamo_diff-0.1.0/fixtures/captures/multiple_guards/report/-_0_2_0
core (ubuntu-latest)	Build wheel and source archive	2026-09-07T17:18:56.4512201Z copying fixtures/captures/multiple_guards/report/-_0_2_0/dynamo_output_graph_9.txt -> dynamo_diff-0.1.0/fixtures/captures/multiple_guards/report/-_0_2_0
core (ubuntu-latest)	Build wheel and source archive	2026-09-07T17:18:56.4514006Z copying fixtures/captures/multiple_guards/report/-_0_2_0/recompile_reasons_8.json -> dynamo_diff-0.1.0/fixtures/captures/multiple_guards/report/-_0_2_0
core (ubuntu-latest)	Build wheel and source archive	2026-09-07T17:18:56.4515779Z copying fixtures/captures/multiple_guards/sources/compiler_cases.py -> dynamo_diff-0.1.0/fixtures/captures/multiple_guards/sources
core (ubuntu-latest)	Build wheel and source archive	2026-09-07T17:18:56.4517470Z copying fixtures/captures/no_graph/conversion.txt -> dynamo_diff-0.1.0/fixtures/captures/no_graph
core (ubuntu-latest)	Build wheel and source archive	2026-09-07T17:18:56.4518688Z copying fixtures/captures/no_graph/manifest.json -> dynamo_diff-0.1.0/fixtures/captures/no_graph
core (ubuntu-latest)	Build wheel and source archive	2026-09-07T17:18:56.4519876Z copying fixtures/captures/no_graph/stderr.txt -> dynamo_diff-0.1.0/fixtures/captures/no_graph
core (ubuntu-latest)	Build wheel and source archive	2026-09-07T17:18:56.4521308Z copying fixtures/captures/no_graph/stdout.txt -> dynamo_diff-0.1.0/fixtures/captures/no_graph
core (ubuntu-latest)	Build wheel and source archive	2026-09-07T17:18:56.4522440Z copying fixtures/captures/no_graph/workload-result.json -> dynamo_diff-0.1.0/fixtures/captures/no_graph
core (ubuntu-latest)	Build wheel and source archive	2026-09-07T17:18:56.4523813Z copying fixtures/captures/no_graph/raw/dedicated_log_torch_trace_rilshkzg.log -> dynamo_diff-0.1.0/fixtures/captures/no_graph/raw
core (ubuntu-latest)	Build wheel and source archive	2026-09-07T17:18:56.4525307Z copying fixtures/captures/no_graph/report/chromium_events.json -> dynamo_diff-0.1.0/fixtures/captures/no_graph/report
core (ubuntu-latest)	Build wheel and source archive	2026-09-07T17:18:56.4527053Z copying fixtures/captures/no_graph/report/compile_directory.json -> dynamo_diff-0.1.0/fixtures/captures/no_graph/report
core (ubuntu-latest)	Build wheel and source archive	2026-09-07T17:18:56.4528523Z copying fixtures/captures/no_graph/report/failures_and_restarts.html -> dynamo_diff-0.1.0/fixtures/captures/no_graph/report
core (ubuntu-latest)	Build wheel and source archive	2026-09-07T17:18:56.4529821Z copying fixtures/captures/no_graph/report/index.html -> dynamo_diff-0.1.0/fixtures/captures/no_graph/report
core (ubuntu-latest)	Build wheel and source archive	2026-09-07T17:18:56.4531115Z copying fixtures/captures/no_graph/report/raw.jsonl -> dynamo_diff-0.1.0/fixtures/captures/no_graph/report
core (ubuntu-latest)	Build wheel and source archive	2026-09-07T17:18:56.4532321Z copying fixtures/captures/no_graph/report/raw.log -> dynamo_diff-0.1.0/fixtures/captures/no_graph/report
core (ubuntu-latest)	Build wheel and source archive	2026-09-07T17:18:56.4533710Z copying fixtures/captures/no_graph/report/-_-_-_-/torch_version_0.json -> dynamo_diff-0.1.0/fixtures/captures/no_graph/report/-_-_-_-
core (ubuntu-latest)	Build wheel and source archive	2026-09-07T17:18:56.4535289Z copying fixtures/captures/no_graph/report/-_0_0_0/compilation_metrics_1.html -> dynamo_diff-0.1.0/fixtures/captures/no_graph/report/-_0_0_0
core (ubuntu-latest)	Build wheel and source archive	2026-09-07T17:18:56.4537445Z copying fixtures/captures/no_graph/sources/compiler_cases.py -> dynamo_diff-0.1.0/fixtures/captures/no_graph/sources
core (ubuntu-latest)	Build wheel and source archive	2026-09-07T17:18:56.4538826Z copying fixtures/captures/scalar/conversion.txt -> dynamo_diff-0.1.0/fixtures/captures/scalar
core (ubuntu-latest)	Build wheel and source archive	2026-09-07T17:18:56.4540027Z copying fixtures/captures/scalar/manifest.json -> dynamo_diff-0.1.0/fixtures/captures/scalar
core (ubuntu-latest)	Build wheel and source archive	2026-09-07T17:18:56.4541153Z copying fixtures/captures/scalar/stderr.txt -> dynamo_diff-0.1.0/fixtures/captures/scalar
core (ubuntu-latest)	Build wheel and source archive	2026-09-07T17:18:56.4542293Z copying fixtures/captures/scalar/stdout.txt -> dynamo_diff-0.1.0/fixtures/captures/scalar
core (ubuntu-latest)	Build wheel and source archive	2026-09-07T17:18:56.4543483Z copying fixtures/captures/scalar/workload-result.json -> dynamo_diff-0.1.0/fixtures/captures/scalar
core (ubuntu-latest)	Build wheel and source archive	2026-09-07T17:18:56.4544948Z copying fixtures/captures/scalar/raw/dedicated_log_torch_trace_sxtxxr97.log -> dynamo_diff-0.1.0/fixtures/captures/scalar/raw
core (ubuntu-latest)	Build wheel and source archive	2026-09-07T17:18:56.4546455Z copying fixtures/captures/scalar/report/chromium_events.json -> dynamo_diff-0.1.0/fixtures/captures/scalar/report
core (ubuntu-latest)	Build wheel and source archive	2026-09-07T17:18:56.4567939Z copying fixtures/captures/scalar/report/compile_directory.json -> dynamo_diff-0.1.0/fixtures/captures/scalar/report
core (ubuntu-latest)	Build wheel and source archive	2026-09-07T17:18:56.4569556Z copying fixtures/captures/scalar/report/failures_and_restarts.html -> dynamo_diff-0.1.0/fixtures/captures/scalar/report
core (ubuntu-latest)	Build wheel and source archive	2026-09-07T17:18:56.4571041Z copying fixtures/captures/scalar/report/index.html -> dynamo_diff-0.1.0/fixtures/captures/scalar/report
core (ubuntu-latest)	Build wheel and source archive	2026-09-07T17:18:56.4572336Z copying fixtures/captures/scalar/report/raw.jsonl -> dynamo_diff-0.1.0/fixtures/captures/scalar/report
core (ubuntu-latest)	Build wheel and source archive	2026-09-07T17:18:56.4573627Z copying fixtures/captures/scalar/report/raw.log -> dynamo_diff-0.1.0/fixtures/captures/scalar/report
core (ubuntu-latest)	Build wheel and source archive	2026-09-07T17:18:56.4575041Z copying fixtures/captures/scalar/report/-_-_-_-/torch_version_0.json -> dynamo_diff-0.1.0/fixtures/captures/scalar/report/-_-_-_-
core (ubuntu-latest)	Build wheel and source archive	2026-09-07T17:18:56.4576899Z copying fixtures/captures/scalar/report/-_0_0_0/compilation_metrics_3.html -> dynamo_diff-0.1.0/fixtures/captures/scalar/report/-_0_0_0
core (ubuntu-latest)	Build wheel and source archive	2026-09-07T17:18:56.4578564Z copying fixtures/captures/scalar/report/-_0_0_0/dynamo_cpp_guards_str_2.txt -> dynamo_diff-0.1.0/fixtures/captures/scalar/report/-_0_0_0
core (ubuntu-latest)	Build wheel and source archive	2026-09-07T17:18:56.4580208Z copying fixtures/captures/scalar/report/-_0_0_0/dynamo_output_graph_1.txt -> dynamo_diff-0.1.0/fixtures/captures/scalar/report/-_0_0_0
core (ubuntu-latest)	Build wheel and source archive	2026-09-07T17:18:56.4581832Z copying fixtures/captures/scalar/report/-_0_1_0/compilation_metrics_7.html -> dynamo_diff-0.1.0/fixtures/captures/scalar/report/-_0_1_0
core (ubuntu-latest)	Build wheel and source archive	2026-09-07T17:18:56.4583761Z copying fixtures/captures/scalar/report/-_0_1_0/dynamo_cpp_guards_str_6.txt -> dynamo_diff-0.1.0/fixtures/captures/scalar/report/-_0_1_0
core (ubuntu-latest)	Build wheel and source archive	2026-09-07T17:18:56.4585377Z copying fixtures/captures/scalar/report/-_0_1_0/dynamo_output_graph_5.txt -> dynamo_diff-0.1.0/fixtures/captures/scalar/report/-_0_1_0
core (ubuntu-latest)	Build wheel and source archive	2026-09-07T17:18:56.4587208Z copying fixtures/captures/scalar/report/-_0_1_0/recompile_reasons_4.json -> dynamo_diff-0.1.0/fixtures/captures/scalar/report/-_0_1_0
core (ubuntu-latest)	Build wheel and source archive	2026-09-07T17:18:56.4588789Z copying fixtures/captures/scalar/sources/compiler_cases.py -> dynamo_diff-0.1.0/fixtures/captures/scalar/sources
core (ubuntu-latest)	Build wheel and source archive	2026-09-07T17:18:56.4590120Z copying fixtures/captures/shape/conversion.txt -> dynamo_diff-0.1.0/fixtures/captures/shape
core (ubuntu-latest)	Build wheel and source archive	2026-09-07T17:18:56.4591296Z copying fixtures/captures/shape/manifest.json -> dynamo_diff-0.1.0/fixtures/captures/shape
core (ubuntu-latest)	Build wheel and source archive	2026-09-07T17:18:56.4592443Z copying fixtures/captures/shape/stderr.txt -> dynamo_diff-0.1.0/fixtures/captures/shape
core (ubuntu-latest)	Build wheel and source archive	2026-09-07T17:18:56.4593555Z copying fixtures/captures/shape/stdout.txt -> dynamo_diff-0.1.0/fixtures/captures/shape
core (ubuntu-latest)	Build wheel and source archive	2026-09-07T17:18:56.4594745Z copying fixtures/captures/shape/workload-result.json -> dynamo_diff-0.1.0/fixtures/captures/shape
core (ubuntu-latest)	Build wheel and source archive	2026-09-07T17:18:56.4596151Z copying fixtures/captures/shape/raw/dedicated_log_torch_trace_df2kmuni.log -> dynamo_diff-0.1.0/fixtures/captures/shape/raw
core (ubuntu-latest)	Build wheel and source archive	2026-09-07T17:18:56.4597814Z copying fixtures/captures/shape/report/chromium_events.json -> dynamo_diff-0.1.0/fixtures/captures/shape/report
core (ubuntu-latest)	Build wheel and source archive	2026-09-07T17:18:56.4599509Z copying fixtures/captures/shape/report/compile_directory.json -> dynamo_diff-0.1.0/fixtures/captures/shape/report
core (ubuntu-latest)	Build wheel and source archive	2026-09-07T17:18:56.4600977Z copying fixtures/captures/shape/report/failures_and_restarts.html -> dynamo_diff-0.1.0/fixtures/captures/shape/report
core (ubuntu-latest)	Build wheel and source archive	2026-09-07T17:18:56.4602359Z copying fixtures/captures/shape/report/index.html -> dynamo_diff-0.1.0/fixtures/captures/shape/report
core (ubuntu-latest)	Build wheel and source archive	2026-09-07T17:18:56.4603651Z copying fixtures/captures/shape/report/raw.jsonl -> dynamo_diff-0.1.0/fixtures/captures/shape/report
core (ubuntu-latest)	Build wheel and source archive	2026-09-07T17:18:56.4604851Z copying fixtures/captures/shape/report/raw.log -> dynamo_diff-0.1.0/fixtures/captures/shape/report
core (ubuntu-latest)	Build wheel and source archive	2026-09-07T17:18:56.4606194Z copying fixtures/captures/shape/report/-_-_-_-/torch_version_0.json -> dynamo_diff-0.1.0/fixtures/captures/shape/report/-_-_-_-
core (ubuntu-latest)	Build wheel and source archive	2026-09-07T17:18:56.4607989Z copying fixtures/captures/shape/report/-_0_0_0/compilation_metrics_3.html -> dynamo_diff-0.1.0/fixtures/captures/shape/report/-_0_0_0
core (ubuntu-latest)	Build wheel and source archive	2026-09-07T17:18:56.4609611Z copying fixtures/captures/shape/report/-_0_0_0/dynamo_cpp_guards_str_2.txt -> dynamo_diff-0.1.0/fixtures/captures/shape/report/-_0_0_0
core (ubuntu-latest)	Build wheel and source archive	2026-09-07T17:18:56.4611147Z copying fixtures/captures/shape/report/-_0_0_0/dynamo_output_graph_1.txt -> dynamo_diff-0.1.0/fixtures/captures/shape/report/-_0_0_0
core (ubuntu-latest)	Build wheel and source archive	2026-09-07T17:18:56.4612798Z copying fixtures/captures/shape/report/-_0_1_0/compilation_metrics_7.html -> dynamo_diff-0.1.0/fixtures/captures/shape/report/-_0_1_0
core (ubuntu-latest)	Build wheel and source archive	2026-09-07T17:18:56.4614392Z copying fixtures/captures/shape/report/-_0_1_0/dynamo_cpp_guards_str_6.txt -> dynamo_diff-0.1.0/fixtures/captures/shape/report/-_0_1_0
core (ubuntu-latest)	Build wheel and source archive	2026-09-07T17:18:56.4615986Z copying fixtures/captures/shape/report/-_0_1_0/dynamo_output_graph_5.txt -> dynamo_diff-0.1.0/fixtures/captures/shape/report/-_0_1_0
core (ubuntu-latest)	Build wheel and source archive	2026-09-07T17:18:56.4617843Z copying fixtures/captures/shape/report/-_0_1_0/recompile_reasons_4.json -> dynamo_diff-0.1.0/fixtures/captures/shape/report/-_0_1_0
core (ubuntu-latest)	Build wheel and source archive	2026-09-07T17:18:56.4619405Z copying fixtures/captures/shape/sources/compiler_cases.py -> dynamo_diff-0.1.0/fixtures/captures/shape/sources
core (ubuntu-latest)	Build wheel and source archive	2026-09-07T17:18:56.4620691Z copying fixtures/captures/stable/conversion.txt -> dynamo_diff-0.1.0/fixtures/captures/stable
core (ubuntu-latest)	Build wheel and source archive	2026-09-07T17:18:56.4621901Z copying fixtures/captures/stable/manifest.json -> dynamo_diff-0.1.0/fixtures/captures/stable
core (ubuntu-latest)	Build wheel and source archive	2026-09-07T17:18:56.4623052Z copying fixtures/captures/stable/stderr.txt -> dynamo_diff-0.1.0/fixtures/captures/stable
core (ubuntu-latest)	Build wheel and source archive	2026-09-07T17:18:56.4624551Z copying fixtures/captures/stable/stdout.txt -> dynamo_diff-0.1.0/fixtures/captures/stable
core (ubuntu-latest)	Build wheel and source archive	2026-09-07T17:18:56.4625757Z copying fixtures/captures/stable/workload-result.json -> dynamo_diff-0.1.0/fixtures/captures/stable
core (ubuntu-latest)	Build wheel and source archive	2026-09-07T17:18:56.4627373Z copying fixtures/captures/stable/raw/dedicated_log_torch_trace_y15iqe9y.log -> dynamo_diff-0.1.0/fixtures/captures/stable/raw
core (ubuntu-latest)	Build wheel and source archive	2026-09-07T17:18:56.4628889Z copying fixtures/captures/stable/report/chromium_events.json -> dynamo_diff-0.1.0/fixtures/captures/stable/report
core (ubuntu-latest)	Build wheel and source archive	2026-09-07T17:18:56.4630352Z copying fixtures/captures/stable/report/compile_directory.json -> dynamo_diff-0.1.0/fixtures/captures/stable/report
core (ubuntu-latest)	Build wheel and source archive	2026-09-07T17:18:56.4631801Z copying fixtures/captures/stable/report/failures_and_restarts.html -> dynamo_diff-0.1.0/fixtures/captures/stable/report
core (ubuntu-latest)	Build wheel and source archive	2026-09-07T17:18:56.4633236Z copying fixtures/captures/stable/report/index.html -> dynamo_diff-0.1.0/fixtures/captures/stable/report
core (ubuntu-latest)	Build wheel and source archive	2026-09-07T17:18:56.4634519Z copying fixtures/captures/stable/report/raw.jsonl -> dynamo_diff-0.1.0/fixtures/captures/stable/report
core (ubuntu-latest)	Build wheel and source archive	2026-09-07T17:18:56.4635802Z copying fixtures/captures/stable/report/raw.log -> dynamo_diff-0.1.0/fixtures/captures/stable/report
core (ubuntu-latest)	Build wheel and source archive	2026-09-07T17:18:56.4637441Z copying fixtures/captures/stable/report/-_-_-_-/torch_version_0.json -> dynamo_diff-0.1.0/fixtures/captures/stable/report/-_-_-_-
core (ubuntu-latest)	Build wheel and source archive	2026-09-07T17:18:56.4639079Z copying fixtures/captures/stable/report/-_0_0_0/compilation_metrics_3.html -> dynamo_diff-0.1.0/fixtures/captures/stable/report/-_0_0_0
core (ubuntu-latest)	Build wheel and source archive	2026-09-07T17:18:56.4640915Z copying fixtures/captures/stable/report/-_0_0_0/dynamo_cpp_guards_str_2.txt -> dynamo_diff-0.1.0/fixtures/captures/stable/report/-_0_0_0
core (ubuntu-latest)	Build wheel and source archive	2026-09-07T17:18:56.4642524Z copying fixtures/captures/stable/report/-_0_0_0/dynamo_output_graph_1.txt -> dynamo_diff-0.1.0/fixtures/captures/stable/report/-_0_0_0
core (ubuntu-latest)	Build wheel and source archive	2026-09-07T17:18:56.4643997Z copying fixtures/captures/stable/sources/compiler_cases.py -> dynamo_diff-0.1.0/fixtures/captures/stable/sources
core (ubuntu-latest)	Build wheel and source archive	2026-09-07T17:18:56.4645247Z copying fixtures/workloads/compiler_cases.py -> dynamo_diff-0.1.0/fixtures/workloads
core (ubuntu-latest)	Build wheel and source archive	2026-09-07T17:18:56.4646213Z copying src/dynamo_diff/__init__.py -> dynamo_diff-0.1.0/src/dynamo_diff
core (ubuntu-latest)	Build wheel and source archive	2026-09-07T17:18:56.4647238Z copying src/dynamo_diff/cli.py -> dynamo_diff-0.1.0/src/dynamo_diff
core (ubuntu-latest)	Build wheel and source archive	2026-09-07T17:18:56.4648079Z copying src/dynamo_diff/compare.py -> dynamo_diff-0.1.0/src/dynamo_diff
core (ubuntu-latest)	Build wheel and source archive	2026-09-07T17:18:56.4648987Z copying src/dynamo_diff/errors.py -> dynamo_diff-0.1.0/src/dynamo_diff
core (ubuntu-latest)	Build wheel and source archive	2026-09-07T17:18:56.4649881Z copying src/dynamo_diff/io.py -> dynamo_diff-0.1.0/src/dynamo_diff
core (ubuntu-latest)	Build wheel and source archive	2026-09-07T17:18:56.4650731Z copying src/dynamo_diff/manifest.py -> dynamo_diff-0.1.0/src/dynamo_diff
core (ubuntu-latest)	Build wheel and source archive	2026-09-07T17:18:56.4651624Z copying src/dynamo_diff/mcp_server.py -> dynamo_diff-0.1.0/src/dynamo_diff
core (ubuntu-latest)	Build wheel and source archive	2026-09-07T17:18:56.4652561Z copying src/dynamo_diff/model.py -> dynamo_diff-0.1.0/src/dynamo_diff
core (ubuntu-latest)	Build wheel and source archive	2026-09-07T17:18:56.4653445Z copying src/dynamo_diff/render.py -> dynamo_diff-0.1.0/src/dynamo_diff
core (ubuntu-latest)	Build wheel and source archive	2026-09-07T17:18:56.4654326Z copying src/dynamo_diff/store.py -> dynamo_diff-0.1.0/src/dynamo_diff
core (ubuntu-latest)	Build wheel and source archive	2026-09-07T17:18:56.4655333Z copying src/dynamo_diff.egg-info/PKG-INFO -> dynamo_diff-0.1.0/src/dynamo_diff.egg-info
core (ubuntu-latest)	Build wheel and source archive	2026-09-07T17:18:56.4656398Z copying src/dynamo_diff.egg-info/SOURCES.txt -> dynamo_diff-0.1.0/src/dynamo_diff.egg-info
core (ubuntu-latest)	Build wheel and source archive	2026-09-07T17:18:56.4657670Z copying src/dynamo_diff.egg-info/dependency_links.txt -> dynamo_diff-0.1.0/src/dynamo_diff.egg-info
core (ubuntu-latest)	Build wheel and source archive	2026-09-07T17:18:56.4658839Z copying src/dynamo_diff.egg-info/entry_points.txt -> dynamo_diff-0.1.0/src/dynamo_diff.egg-info
core (ubuntu-latest)	Build wheel and source archive	2026-09-07T17:18:56.4659945Z copying src/dynamo_diff.egg-info/requires.txt -> dynamo_diff-0.1.0/src/dynamo_diff.egg-info
core (ubuntu-latest)	Build wheel and source archive	2026-09-07T17:18:56.4661031Z copying src/dynamo_diff.egg-info/top_level.txt -> dynamo_diff-0.1.0/src/dynamo_diff.egg-info
core (ubuntu-latest)	Build wheel and source archive	2026-09-07T17:18:56.4662068Z copying src/dynamo_diff/adapters/__init__.py -> dynamo_diff-0.1.0/src/dynamo_diff/adapters
core (ubuntu-latest)	Build wheel and source archive	2026-09-07T17:18:56.4663126Z copying src/dynamo_diff/adapters/tlparse.py -> dynamo_diff-0.1.0/src/dynamo_diff/adapters
core (ubuntu-latest)	Build wheel and source archive	2026-09-07T17:18:56.4664228Z copying tests/test_compare_cli.py -> dynamo_diff-0.1.0/tests
core (ubuntu-latest)	Build wheel and source archive	2026-09-07T17:18:56.4665037Z copying tests/test_input_boundaries.py -> dynamo_diff-0.1.0/tests
core (ubuntu-latest)	Build wheel and source archive	2026-09-07T17:18:56.4665834Z copying tests/test_malformed_captures.py -> dynamo_diff-0.1.0/tests
core (ubuntu-latest)	Build wheel and source archive	2026-09-07T17:18:56.4666734Z copying tests/test_mcp.py -> dynamo_diff-0.1.0/tests
core (ubuntu-latest)	Build wheel and source archive	2026-09-07T17:18:56.4667435Z copying tests/test_real_captures.py -> dynamo_diff-0.1.0/tests
core (ubuntu-latest)	Build wheel and source archive	2026-09-07T17:18:56.4668173Z copying tests/test_store.py -> dynamo_diff-0.1.0/tests
core (ubuntu-latest)	Build wheel and source archive	2026-09-07T17:18:56.4668898Z copying tests/test_transformers_case.py -> dynamo_diff-0.1.0/tests
core (ubuntu-latest)	Build wheel and source archive	2026-09-07T17:18:56.4669789Z copying tests/test_validation.py -> dynamo_diff-0.1.0/tests
core (ubuntu-latest)	Build wheel and source archive	2026-09-07T17:18:56.4670515Z copying tools/check_release.py -> dynamo_diff-0.1.0/tools
core (ubuntu-latest)	Build wheel and source archive	2026-09-07T17:18:56.4671203Z copying tools/demo.py -> dynamo_diff-0.1.0/tools
core (ubuntu-latest)	Build wheel and source archive	2026-09-07T17:18:56.4671878Z copying tools/generate_edit_pair.py -> dynamo_diff-0.1.0/tools
core (ubuntu-latest)	Build wheel and source archive	2026-09-07T17:18:56.4672657Z copying tools/generate_fixtures.py -> dynamo_diff-0.1.0/tools
core (ubuntu-latest)	Build wheel and source archive	2026-09-07T17:18:56.4673375Z copying tools/record_demo.py -> dynamo_diff-0.1.0/tools
core (ubuntu-latest)	Build wheel and source archive	2026-09-07T17:18:56.4674027Z Writing dynamo_diff-0.1.0/setup.cfg
core (ubuntu-latest)	Build wheel and source archive	2026-09-07T17:18:56.4674531Z Creating tar archive
core (ubuntu-latest)	Build wheel and source archive	2026-09-07T17:18:57.6893649Z removing 'dynamo_diff-0.1.0' (and everything under it)
core (ubuntu-latest)	Build wheel and source archive	2026-09-07T17:18:58.2261293Z * Building wheel from sdist
core (ubuntu-latest)	Build wheel and source archive	2026-09-07T17:18:58.2265153Z * Getting build dependencies for wheel...
core (ubuntu-latest)	Build wheel and source archive	2026-09-07T17:18:58.4097951Z running egg_info
core (ubuntu-latest)	Build wheel and source archive	2026-09-07T17:18:58.4129033Z writing src/dynamo_diff.egg-info/PKG-INFO
core (ubuntu-latest)	Build wheel and source archive	2026-09-07T17:18:58.4142756Z writing dependency_links to src/dynamo_diff.egg-info/dependency_links.txt
core (ubuntu-latest)	Build wheel and source archive	2026-09-07T17:18:58.4146413Z writing entry points to src/dynamo_diff.egg-info/entry_points.txt
core (ubuntu-latest)	Build wheel and source archive	2026-09-07T17:18:58.4155041Z writing requirements to src/dynamo_diff.egg-info/requires.txt
core (ubuntu-latest)	Build wheel and source archive	2026-09-07T17:18:58.4156760Z writing top-level names to src/dynamo_diff.egg-info/top_level.txt
core (ubuntu-latest)	Build wheel and source archive	2026-09-07T17:18:58.4260033Z reading manifest file 'src/dynamo_diff.egg-info/SOURCES.txt'
core (ubuntu-latest)	Build wheel and source archive	2026-09-07T17:18:58.4366137Z reading manifest template 'MANIFEST.in'
core (ubuntu-latest)	Build wheel and source archive	2026-09-07T17:18:58.4522875Z warning: no previously-included files matching '__pycache__' found anywhere in distribution
core (ubuntu-latest)	Build wheel and source archive	2026-09-07T17:18:58.4538056Z warning: no previously-included files matching '*.py[cod]' found anywhere in distribution
core (ubuntu-latest)	Build wheel and source archive	2026-09-07T17:18:58.4550916Z warning: no previously-included files matching '.DS_Store' found anywhere in distribution
core (ubuntu-latest)	Build wheel and source archive	2026-09-07T17:18:58.4563965Z warning: no previously-included files matching '.lock' found anywhere in distribution
core (ubuntu-latest)	Build wheel and source archive	2026-09-07T17:18:58.4564767Z adding license file 'LICENSE'
core (ubuntu-latest)	Build wheel and source archive	2026-09-07T17:18:58.4669841Z writing manifest file 'src/dynamo_diff.egg-info/SOURCES.txt'
core (ubuntu-latest)	Build wheel and source archive	2026-09-07T17:18:58.4987914Z * Building wheel...
core (ubuntu-latest)	Build wheel and source archive	2026-09-07T17:18:58.6690513Z running bdist_wheel
core (ubuntu-latest)	Build wheel and source archive	2026-09-07T17:18:58.6829810Z running build
core (ubuntu-latest)	Build wheel and source archive	2026-09-07T17:18:58.6830570Z running build_py
core (ubuntu-latest)	Build wheel and source archive	2026-09-07T17:18:58.6867001Z creating build/lib/dynamo_diff
core (ubuntu-latest)	Build wheel and source archive	2026-09-07T17:18:58.6869785Z copying src/dynamo_diff/model.py -> build/lib/dynamo_diff
core (ubuntu-latest)	Build wheel and source archive	2026-09-07T17:18:58.6872637Z copying src/dynamo_diff/__init__.py -> build/lib/dynamo_diff
core (ubuntu-latest)	Build wheel and source archive	2026-09-07T17:18:58.6874823Z copying src/dynamo_diff/store.py -> build/lib/dynamo_diff
core (ubuntu-latest)	Build wheel and source archive	2026-09-07T17:18:58.6877662Z copying src/dynamo_diff/errors.py -> build/lib/dynamo_diff
core (ubuntu-latest)	Build wheel and source archive	2026-09-07T17:18:58.6879901Z copying src/dynamo_diff/manifest.py -> build/lib/dynamo_diff
core (ubuntu-latest)	Build wheel and source archive	2026-09-07T17:18:58.6881908Z copying src/dynamo_diff/mcp_server.py -> build/lib/dynamo_diff
core (ubuntu-latest)	Build wheel and source archive	2026-09-07T17:18:58.6884185Z copying src/dynamo_diff/compare.py -> build/lib/dynamo_diff
core (ubuntu-latest)	Build wheel and source archive	2026-09-07T17:18:58.6886363Z copying src/dynamo_diff/render.py -> build/lib/dynamo_diff
core (ubuntu-latest)	Build wheel and source archive	2026-09-07T17:18:58.6888738Z copying src/dynamo_diff/io.py -> build/lib/dynamo_diff
core (ubuntu-latest)	Build wheel and source archive	2026-09-07T17:18:58.6890837Z copying src/dynamo_diff/cli.py -> build/lib/dynamo_diff
core (ubuntu-latest)	Build wheel and source archive	2026-09-07T17:18:58.6893968Z creating build/lib/dynamo_diff/adapters
core (ubuntu-latest)	Build wheel and source archive	2026-09-07T17:18:58.6895629Z copying src/dynamo_diff/adapters/tlparse.py -> build/lib/dynamo_diff/adapters
core (ubuntu-latest)	Build wheel and source archive	2026-09-07T17:18:58.6898202Z copying src/dynamo_diff/adapters/__init__.py -> build/lib/dynamo_diff/adapters
core (ubuntu-latest)	Build wheel and source archive	2026-09-07T17:18:58.6907780Z running egg_info
core (ubuntu-latest)	Build wheel and source archive	2026-09-07T17:18:58.6932694Z writing src/dynamo_diff.egg-info/PKG-INFO
core (ubuntu-latest)	Build wheel and source archive	2026-09-07T17:18:58.6945803Z writing dependency_links to src/dynamo_diff.egg-info/dependency_links.txt
core (ubuntu-latest)	Build wheel and source archive	2026-09-07T17:18:58.6949405Z writing entry points to src/dynamo_diff.egg-info/entry_points.txt
core (ubuntu-latest)	Build wheel and source archive	2026-09-07T17:18:58.6958062Z writing requirements to src/dynamo_diff.egg-info/requires.txt
core (ubuntu-latest)	Build wheel and source archive	2026-09-07T17:18:58.6959746Z writing top-level names to src/dynamo_diff.egg-info/top_level.txt
core (ubuntu-latest)	Build wheel and source archive	2026-09-07T17:18:58.7000984Z reading manifest file 'src/dynamo_diff.egg-info/SOURCES.txt'
core (ubuntu-latest)	Build wheel and source archive	2026-09-07T17:18:58.7107528Z reading manifest template 'MANIFEST.in'
core (ubuntu-latest)	Build wheel and source archive	2026-09-07T17:18:58.7259381Z warning: no previously-included files matching '__pycache__' found anywhere in distribution
core (ubuntu-latest)	Build wheel and source archive	2026-09-07T17:18:58.7275012Z warning: no previously-included files matching '*.py[cod]' found anywhere in distribution
core (ubuntu-latest)	Build wheel and source archive	2026-09-07T17:18:58.7288496Z warning: no previously-included files matching '.DS_Store' found anywhere in distribution
core (ubuntu-latest)	Build wheel and source archive	2026-09-07T17:18:58.7301737Z warning: no previously-included files matching '.lock' found anywhere in distribution
core (ubuntu-latest)	Build wheel and source archive	2026-09-07T17:18:58.7302688Z adding license file 'LICENSE'
core (ubuntu-latest)	Build wheel and source archive	2026-09-07T17:18:58.7410916Z writing manifest file 'src/dynamo_diff.egg-info/SOURCES.txt'
core (ubuntu-latest)	Build wheel and source archive	2026-09-07T17:18:58.7538021Z installing to build/bdist.linux-x86_64/wheel
core (ubuntu-latest)	Build wheel and source archive	2026-09-07T17:18:58.7538759Z running install
core (ubuntu-latest)	Build wheel and source archive	2026-09-07T17:18:58.7611170Z running install_lib
core (ubuntu-latest)	Build wheel and source archive	2026-09-07T17:18:58.7642831Z creating build/bdist.linux-x86_64/wheel
core (ubuntu-latest)	Build wheel and source archive	2026-09-07T17:18:58.7645447Z creating build/bdist.linux-x86_64/wheel/dynamo_diff
core (ubuntu-latest)	Build wheel and source archive	2026-09-07T17:18:58.7647567Z copying build/lib/dynamo_diff/model.py -> build/bdist.linux-x86_64/wheel/./dynamo_diff
core (ubuntu-latest)	Build wheel and source archive	2026-09-07T17:18:58.7649734Z copying build/lib/dynamo_diff/__init__.py -> build/bdist.linux-x86_64/wheel/./dynamo_diff
core (ubuntu-latest)	Build wheel and source archive	2026-09-07T17:18:58.7651539Z copying build/lib/dynamo_diff/store.py -> build/bdist.linux-x86_64/wheel/./dynamo_diff
core (ubuntu-latest)	Build wheel and source archive	2026-09-07T17:18:58.7653525Z copying build/lib/dynamo_diff/errors.py -> build/bdist.linux-x86_64/wheel/./dynamo_diff
core (ubuntu-latest)	Build wheel and source archive	2026-09-07T17:18:58.7655276Z copying build/lib/dynamo_diff/manifest.py -> build/bdist.linux-x86_64/wheel/./dynamo_diff
core (ubuntu-latest)	Build wheel and source archive	2026-09-07T17:18:58.7657339Z copying build/lib/dynamo_diff/mcp_server.py -> build/bdist.linux-x86_64/wheel/./dynamo_diff
core (ubuntu-latest)	Build wheel and source archive	2026-09-07T17:18:58.7659313Z copying build/lib/dynamo_diff/compare.py -> build/bdist.linux-x86_64/wheel/./dynamo_diff
core (ubuntu-latest)	Build wheel and source archive	2026-09-07T17:18:58.7661200Z copying build/lib/dynamo_diff/render.py -> build/bdist.linux-x86_64/wheel/./dynamo_diff
core (ubuntu-latest)	Build wheel and source archive	2026-09-07T17:18:58.7663535Z creating build/bdist.linux-x86_64/wheel/dynamo_diff/adapters
core (ubuntu-latest)	Build wheel and source archive	2026-09-07T17:18:58.7665324Z copying build/lib/dynamo_diff/adapters/tlparse.py -> build/bdist.linux-x86_64/wheel/./dynamo_diff/adapters
core (ubuntu-latest)	Build wheel and source archive	2026-09-07T17:18:58.7667604Z copying build/lib/dynamo_diff/adapters/__init__.py -> build/bdist.linux-x86_64/wheel/./dynamo_diff/adapters
core (ubuntu-latest)	Build wheel and source archive	2026-09-07T17:18:58.7669410Z copying build/lib/dynamo_diff/io.py -> build/bdist.linux-x86_64/wheel/./dynamo_diff
core (ubuntu-latest)	Build wheel and source archive	2026-09-07T17:18:58.7671282Z copying build/lib/dynamo_diff/cli.py -> build/bdist.linux-x86_64/wheel/./dynamo_diff
core (ubuntu-latest)	Build wheel and source archive	2026-09-07T17:18:58.7672821Z running install_egg_info
core (ubuntu-latest)	Build wheel and source archive	2026-09-07T17:18:58.7705329Z Copying src/dynamo_diff.egg-info to build/bdist.linux-x86_64/wheel/./dynamo_diff-0.1.0-py3.13.egg-info
core (ubuntu-latest)	Build wheel and source archive	2026-09-07T17:18:58.7716961Z running install_scripts
core (ubuntu-latest)	Build wheel and source archive	2026-09-07T17:18:58.7729438Z creating build/bdist.linux-x86_64/wheel/dynamo_diff-0.1.0.dist-info/WHEEL
core (ubuntu-latest)	Build wheel and source archive	2026-09-07T17:18:58.7734152Z creating '/home/runner/work/dynamo-diff/dynamo-diff/dist/.tmp-l61guy4_/dynamo_diff-0.1.0-py3-none-any.whl' and adding 'build/bdist.linux-x86_64/wheel' to it
core (ubuntu-latest)	Build wheel and source archive	2026-09-07T17:18:58.7738501Z adding 'dynamo_diff/__init__.py'
core (ubuntu-latest)	Build wheel and source archive	2026-09-07T17:18:58.7747648Z adding 'dynamo_diff/cli.py'
core (ubuntu-latest)	Build wheel and source archive	2026-09-07T17:18:58.7757791Z adding 'dynamo_diff/compare.py'
core (ubuntu-latest)	Build wheel and source archive	2026-09-07T17:18:58.7758448Z adding 'dynamo_diff/errors.py'
core (ubuntu-latest)	Build wheel and source archive	2026-09-07T17:18:58.7759118Z adding 'dynamo_diff/io.py'
core (ubuntu-latest)	Build wheel and source archive	2026-09-07T17:18:58.7759835Z adding 'dynamo_diff/manifest.py'
core (ubuntu-latest)	Build wheel and source archive	2026-09-07T17:18:58.7760803Z adding 'dynamo_diff/mcp_server.py'
core (ubuntu-latest)	Build wheel and source archive	2026-09-07T17:18:58.7762183Z adding 'dynamo_diff/model.py'
core (ubuntu-latest)	Build wheel and source archive	2026-09-07T17:18:58.7764954Z adding 'dynamo_diff/render.py'
core (ubuntu-latest)	Build wheel and source archive	2026-09-07T17:18:58.7770375Z adding 'dynamo_diff/store.py'
core (ubuntu-latest)	Build wheel and source archive	2026-09-07T17:18:58.7772760Z adding 'dynamo_diff/adapters/__init__.py'
core (ubuntu-latest)	Build wheel and source archive	2026-09-07T17:18:58.7781585Z adding 'dynamo_diff/adapters/tlparse.py'
core (ubuntu-latest)	Build wheel and source archive	2026-09-07T17:18:58.7784796Z adding 'dynamo_diff-0.1.0.dist-info/licenses/LICENSE'
core (ubuntu-latest)	Build wheel and source archive	2026-09-07T17:18:58.7788828Z adding 'dynamo_diff-0.1.0.dist-info/METADATA'
core (ubuntu-latest)	Build wheel and source archive	2026-09-07T17:18:58.7790432Z adding 'dynamo_diff-0.1.0.dist-info/WHEEL'
core (ubuntu-latest)	Build wheel and source archive	2026-09-07T17:18:58.7791905Z adding 'dynamo_diff-0.1.0.dist-info/entry_points.txt'
core (ubuntu-latest)	Build wheel and source archive	2026-09-07T17:18:58.7793215Z adding 'dynamo_diff-0.1.0.dist-info/top_level.txt'
core (ubuntu-latest)	Build wheel and source archive	2026-09-07T17:18:58.7795969Z adding 'dynamo_diff-0.1.0.dist-info/RECORD'
core (ubuntu-latest)	Build wheel and source archive	2026-09-07T17:18:58.7797744Z removing build/bdist.linux-x86_64/wheel
core (ubuntu-latest)	Build wheel and source archive	2026-09-07T17:18:58.8438301Z Successfully built dynamo_diff-0.1.0.tar.gz and dynamo_diff-0.1.0-py3-none-any.whl
core (ubuntu-latest)	Install wheel	﻿2026-09-07T17:18:58.8663156Z ##[group]Run python -m pip install --no-deps dist/dynamo_diff-0.1.0-py3-none-any.whl
core (ubuntu-latest)	Install wheel	2026-09-07T17:18:58.8663781Z ^[[36;1mpython -m pip install --no-deps dist/dynamo_diff-0.1.0-py3-none-any.whl^[[0m
core (ubuntu-latest)	Install wheel	2026-09-07T17:18:58.8704530Z shell: /usr/bin/bash -e {0}
core (ubuntu-latest)	Install wheel	2026-09-07T17:18:58.8704803Z env:
core (ubuntu-latest)	Install wheel	2026-09-07T17:18:58.8705082Z   pythonLocation: /opt/hostedtoolcache/Python/3.13.15/x64
core (ubuntu-latest)	Install wheel	2026-09-07T17:18:58.8705532Z   PKG_CONFIG_PATH: /opt/hostedtoolcache/Python/3.13.15/x64/lib/pkgconfig
core (ubuntu-latest)	Install wheel	2026-09-07T17:18:58.8705961Z   Python_ROOT_DIR: /opt/hostedtoolcache/Python/3.13.15/x64
core (ubuntu-latest)	Install wheel	2026-09-07T17:18:58.8706343Z   Python2_ROOT_DIR: /opt/hostedtoolcache/Python/3.13.15/x64
core (ubuntu-latest)	Install wheel	2026-09-07T17:18:58.8707020Z   Python3_ROOT_DIR: /opt/hostedtoolcache/Python/3.13.15/x64
core (ubuntu-latest)	Install wheel	2026-09-07T17:18:58.8707398Z   LD_LIBRARY_PATH: /opt/hostedtoolcache/Python/3.13.15/x64/lib
core (ubuntu-latest)	Install wheel	2026-09-07T17:18:58.8707719Z ##[endgroup]
core (ubuntu-latest)	Install wheel	2026-09-07T17:18:59.2382142Z Processing ./dist/dynamo_diff-0.1.0-py3-none-any.whl
core (ubuntu-latest)	Install wheel	2026-09-07T17:18:59.2551567Z Installing collected packages: dynamo-diff
core (ubuntu-latest)	Install wheel	2026-09-07T17:18:59.2975023Z Successfully installed dynamo-diff-0.1.0
core (ubuntu-latest)	Verify wheel, schemas, tests and recorded demonstrations	﻿2026-09-07T17:18:59.3515738Z ##[group]Run python tools/check_release.py --require-wheel --junit artifacts/ci-core.xml
core (ubuntu-latest)	Verify wheel, schemas, tests and recorded demonstrations	2026-09-07T17:18:59.3516444Z ^[[36;1mpython tools/check_release.py --require-wheel --junit artifacts/ci-core.xml^[[0m
core (ubuntu-latest)	Verify wheel, schemas, tests and recorded demonstrations	2026-09-07T17:18:59.3557814Z shell: /usr/bin/bash -e {0}
core (ubuntu-latest)	Verify wheel, schemas, tests and recorded demonstrations	2026-09-07T17:18:59.3558083Z env:
core (ubuntu-latest)	Verify wheel, schemas, tests and recorded demonstrations	2026-09-07T17:18:59.3558361Z   pythonLocation: /opt/hostedtoolcache/Python/3.13.15/x64
core (ubuntu-latest)	Verify wheel, schemas, tests and recorded demonstrations	2026-09-07T17:18:59.3558804Z   PKG_CONFIG_PATH: /opt/hostedtoolcache/Python/3.13.15/x64/lib/pkgconfig
core (ubuntu-latest)	Verify wheel, schemas, tests and recorded demonstrations	2026-09-07T17:18:59.3559221Z   Python_ROOT_DIR: /opt/hostedtoolcache/Python/3.13.15/x64
core (ubuntu-latest)	Verify wheel, schemas, tests and recorded demonstrations	2026-09-07T17:18:59.3559595Z   Python2_ROOT_DIR: /opt/hostedtoolcache/Python/3.13.15/x64
core (ubuntu-latest)	Verify wheel, schemas, tests and recorded demonstrations	2026-09-07T17:18:59.3559970Z   Python3_ROOT_DIR: /opt/hostedtoolcache/Python/3.13.15/x64
core (ubuntu-latest)	Verify wheel, schemas, tests and recorded demonstrations	2026-09-07T17:18:59.3560357Z   LD_LIBRARY_PATH: /opt/hostedtoolcache/Python/3.13.15/x64/lib
core (ubuntu-latest)	Verify wheel, schemas, tests and recorded demonstrations	2026-09-07T17:18:59.3560694Z ##[endgroup]
core (ubuntu-latest)	Verify wheel, schemas, tests and recorded demonstrations	2026-09-07T17:18:59.5225537Z Package under test: /opt/hostedtoolcache/Python/3.13.15/x64/lib/python3.13/site-packages/dynamo_diff/__init__.py
core (ubuntu-latest)	Verify wheel, schemas, tests and recorded demonstrations	2026-09-07T17:19:05.3726260Z ........................................................................ [ 75%]
core (ubuntu-latest)	Verify wheel, schemas, tests and recorded demonstrations	2026-09-07T17:19:06.2103780Z ........................                                                 [100%]
core (ubuntu-latest)	Verify wheel, schemas, tests and recorded demonstrations	2026-09-07T17:19:06.2104696Z 96 passed in 5.95s
core (ubuntu-latest)	Verify wheel, schemas, tests and recorded demonstrations	2026-09-07T17:19:06.6269632Z # Dynamo comparison
core (ubuntu-latest)	Verify wheel, schemas, tests and recorded demonstrations	2026-09-07T17:19:06.6270222Z 
core (ubuntu-latest)	Verify wheel, schemas, tests and recorded demonstrations	2026-09-07T17:19:06.6271177Z Baseline: 4c89bff73d2fbba6bdc8021769723fe598d267c4c995c12bb8c6bf0599dba991
core (ubuntu-latest)	Verify wheel, schemas, tests and recorded demonstrations	2026-09-07T17:19:06.6272229Z Candidate: d95713729bb764fe3ef768f44d23003d9c3eb6c174f447f2d8e57cdf7f8fcf58
core (ubuntu-latest)	Verify wheel, schemas, tests and recorded demonstrations	2026-09-07T17:19:06.6273060Z Workload comparability: manifest_consistent
core (ubuntu-latest)	Verify wheel, schemas, tests and recorded demonstrations	2026-09-07T17:19:06.6273529Z 
core (ubuntu-latest)	Verify wheel, schemas, tests and recorded demonstrations	2026-09-07T17:19:06.6274591Z | Function | Match | Completed before → after | Confirmed recompiles before → after | Guard categories before → after |
core (ubuntu-latest)	Verify wheel, schemas, tests and recorded demonstrations	2026-09-07T17:19:06.6275617Z |---|---|---:|---:|---|
core (ubuntu-latest)	Verify wheel, schemas, tests and recorded demonstrations	2026-09-07T17:19:06.6277029Z | model.py:compute | matched | 3 → 1 | 2 → 0 | python_scalar → none recorded |
core (ubuntu-latest)	Verify wheel, schemas, tests and recorded demonstrations	2026-09-07T17:19:06.6278337Z | model.py:helper | unmatched | 0 → 1 | 0 → 0 | function absent → none recorded |
core (ubuntu-latest)	Verify wheel, schemas, tests and recorded demonstrations	2026-09-07T17:19:06.6278995Z 
core (ubuntu-latest)	Verify wheel, schemas, tests and recorded demonstrations	2026-09-07T17:19:06.6279511Z Application performance: not measured. Counts describe captured compiler behavior.
core (ubuntu-latest)	Verify wheel, schemas, tests and recorded demonstrations	2026-09-07T17:19:07.1614811Z {
core (ubuntu-latest)	Verify wheel, schemas, tests and recorded demonstrations	2026-09-07T17:19:07.1615451Z   "checks": [
core (ubuntu-latest)	Verify wheel, schemas, tests and recorded demonstrations	2026-09-07T17:19:07.1616472Z     "baseline: finalization, raw terminals, recompile artifacts, normalized events, backend totals and eager-output evidence",
core (ubuntu-latest)	Verify wheel, schemas, tests and recorded demonstrations	2026-09-07T17:19:07.1618306Z     "candidate: finalization, raw terminals, recompile artifacts, normalized events, backend totals and eager-output evidence",
core (ubuntu-latest)	Verify wheel, schemas, tests and recorded demonstrations	2026-09-07T17:19:07.1619845Z     "matched wrapper, one fewer completed recompile, cache-initialization reason removed, shape specialization retained, no speed verdict"
core (ubuntu-latest)	Verify wheel, schemas, tests and recorded demonstrations	2026-09-07T17:19:07.1620871Z   ],
core (ubuntu-latest)	Verify wheel, schemas, tests and recorded demonstrations	2026-09-07T17:19:07.1621309Z   "review_status": "human_review_pending"
core (ubuntu-latest)	Verify wheel, schemas, tests and recorded demonstrations	2026-09-07T17:19:07.1621902Z }
core (ubuntu-latest)	Verify wheel, schemas, tests and recorded demonstrations	2026-09-07T17:19:07.1988508Z Core release checks passed. Human review, agent evaluation and editor/release gates are separate.
core (ubuntu-latest)	Verify evaluation access boundaries and scoring without model calls	﻿2026-09-07T17:19:07.2241632Z ##[group]Run python -m pytest -q -o pythonpath= --import-mode=importlib benchmarks/agent_pilot
core (ubuntu-latest)	Verify evaluation access boundaries and scoring without model calls	2026-09-07T17:19:07.2242326Z ^[[36;1mpython -m pytest -q -o pythonpath= --import-mode=importlib benchmarks/agent_pilot^[[0m
core (ubuntu-latest)	Verify evaluation access boundaries and scoring without model calls	2026-09-07T17:19:07.2281995Z shell: /usr/bin/bash -e {0}
core (ubuntu-latest)	Verify evaluation access boundaries and scoring without model calls	2026-09-07T17:19:07.2282262Z env:
core (ubuntu-latest)	Verify evaluation access boundaries and scoring without model calls	2026-09-07T17:19:07.2282543Z   pythonLocation: /opt/hostedtoolcache/Python/3.13.15/x64
core (ubuntu-latest)	Verify evaluation access boundaries and scoring without model calls	2026-09-07T17:19:07.2282986Z   PKG_CONFIG_PATH: /opt/hostedtoolcache/Python/3.13.15/x64/lib/pkgconfig
core (ubuntu-latest)	Verify evaluation access boundaries and scoring without model calls	2026-09-07T17:19:07.2283426Z   Python_ROOT_DIR: /opt/hostedtoolcache/Python/3.13.15/x64
core (ubuntu-latest)	Verify evaluation access boundaries and scoring without model calls	2026-09-07T17:19:07.2283808Z   Python2_ROOT_DIR: /opt/hostedtoolcache/Python/3.13.15/x64
core (ubuntu-latest)	Verify evaluation access boundaries and scoring without model calls	2026-09-07T17:19:07.2284181Z   Python3_ROOT_DIR: /opt/hostedtoolcache/Python/3.13.15/x64
core (ubuntu-latest)	Verify evaluation access boundaries and scoring without model calls	2026-09-07T17:19:07.2284561Z   LD_LIBRARY_PATH: /opt/hostedtoolcache/Python/3.13.15/x64/lib
core (ubuntu-latest)	Verify evaluation access boundaries and scoring without model calls	2026-09-07T17:19:07.2284900Z ##[endgroup]
core (ubuntu-latest)	Verify evaluation access boundaries and scoring without model calls	2026-09-07T17:19:08.5078904Z ............                                                             [100%]
core (ubuntu-latest)	Verify evaluation access boundaries and scoring without model calls	2026-09-07T17:19:08.5080088Z 12 passed in 0.90s
core (ubuntu-latest)	Post Run actions/setup-python@e797f83bcb11b83ae66e0230d6156d7c80228e7c	﻿2026-09-07T17:19:08.7327073Z Post job cleanup.
core (ubuntu-latest)	Post Run actions/setup-python@e797f83bcb11b83ae66e0230d6156d7c80228e7c	2026-09-07T17:19:08.8658661Z (node:2129) [DEP0040] DeprecationWarning: The `punycode` module is deprecated. Please use a userland alternative instead.
core (ubuntu-latest)	Post Run actions/setup-python@e797f83bcb11b83ae66e0230d6156d7c80228e7c	2026-09-07T17:19:08.8660190Z (Use `node --trace-deprecation ...` to show where the warning was created)
core (ubuntu-latest)	Post Run actions/checkout@08c6903cd8c0fde910a37f88322edcfb5dd907a8	﻿2026-09-07T17:19:08.8932785Z Post job cleanup.
core (ubuntu-latest)	Post Run actions/checkout@08c6903cd8c0fde910a37f88322edcfb5dd907a8	2026-09-07T17:19:08.9966722Z [command]/usr/bin/git version
core (ubuntu-latest)	Post Run actions/checkout@08c6903cd8c0fde910a37f88322edcfb5dd907a8	2026-09-07T17:19:09.0037596Z git version 2.55.0
core (ubuntu-latest)	Post Run actions/checkout@08c6903cd8c0fde910a37f88322edcfb5dd907a8	2026-09-07T17:19:09.0088727Z Temporarily overriding HOME='/home/runner/work/_temp/9b7b9ff4-71fd-4cda-839c-17eaf25435dc' before making global git config changes
core (ubuntu-latest)	Post Run actions/checkout@08c6903cd8c0fde910a37f88322edcfb5dd907a8	2026-09-07T17:19:09.0090109Z Adding repository directory to the temporary git global config as a safe directory
core (ubuntu-latest)	Post Run actions/checkout@08c6903cd8c0fde910a37f88322edcfb5dd907a8	2026-09-07T17:19:09.0091294Z [command]/usr/bin/git config --global --add safe.directory /home/runner/work/dynamo-diff/dynamo-diff
core (ubuntu-latest)	Post Run actions/checkout@08c6903cd8c0fde910a37f88322edcfb5dd907a8	2026-09-07T17:19:09.0163530Z [command]/usr/bin/git config --local --name-only --get-regexp core\.sshCommand
core (ubuntu-latest)	Post Run actions/checkout@08c6903cd8c0fde910a37f88322edcfb5dd907a8	2026-09-07T17:19:09.0257304Z [command]/usr/bin/git submodule foreach --recursive sh -c "git config --local --name-only --get-regexp 'core\.sshCommand' && git config --local --unset-all 'core.sshCommand' || :"
core (ubuntu-latest)	Post Run actions/checkout@08c6903cd8c0fde910a37f88322edcfb5dd907a8	2026-09-07T17:19:09.0736888Z [command]/usr/bin/git config --local --name-only --get-regexp http\.https\:\/\/github\.com\/\.extraheader
core (ubuntu-latest)	Post Run actions/checkout@08c6903cd8c0fde910a37f88322edcfb5dd907a8	2026-09-07T17:19:09.0757176Z http.https://github.com/.extraheader
core (ubuntu-latest)	Post Run actions/checkout@08c6903cd8c0fde910a37f88322edcfb5dd907a8	2026-09-07T17:19:09.0848478Z [command]/usr/bin/git config --local --unset-all http.https://github.com/.extraheader
core (ubuntu-latest)	Post Run actions/checkout@08c6903cd8c0fde910a37f88322edcfb5dd907a8	2026-09-07T17:19:09.0851615Z [command]/usr/bin/git submodule foreach --recursive sh -c "git config --local --name-only --get-regexp 'http\.https\:\/\/github\.com\/\.extraheader' && git config --local --unset-all 'http.https://github.com/.extraheader' || :"
core (ubuntu-latest)	Complete job	﻿2026-09-07T17:19:09.1368806Z Cleaning up orphan processes
